{"name":"0123xrulez","children":[{"class":"player","position":{"x":-80,"y":160,"z":0},"rotation":{"x":0,"y":0,"z":-58.116788455821066},"scale":{"x":16,"y":16,"z":16},"isStatic":false,"friction":0},{"class":"cube","position":{"x":224,"y":56,"z":0},"rotation":{"x":0,"y":0,"z":0},"scale":{"x":"512","y":16,"z":16}},{"class":"cube","position":{"x":-24,"y":104,"z":0},"rotation":{"x":0,"y":0,"z":0},"scale":{"x":16,"y":"96","z":16}},{"class":"cube","position":{"x":-56,"y":16,"z":0},"rotation":{"x":0,"y":0,"z":-0.5235987755982988},"scale":{"x":"112","y":16,"z":16}},{"class":"spike","position":{"x":264,"y":-16,"z":0},"rotation":{"x":0,"y":0,"z":0},"scale":{"x":"512","y":16,"z":16}},{"class":"cube","position":{"x":736,"y":56,"z":0},"rotation":{"x":0,"y":0,"z":0},"scale":{"x":"512","y":16,"z":16}},{"class":"spike","position":{"x":800,"y":-16,"z":0},"rotation":{"x":0,"y":0,"z":0},"scale":{"x":"512","y":16,"z":16}},{"class":"cube","position":{"x":1056,"y":8,"z":0},"rotation":{"x":0,"y":0,"z":0},"scale":{"x":16,"y":"352","z":16}},{"class":"cube","position":{"x":808,"y":184,"z":0},"rotation":{"x":0,"y":0,"z":0},"scale":{"x":"512","y":16,"z":16}},{"class":"cube","position":{"x":976,"y":160,"z":0},"rotation":{"x":0,"y":0,"z":-0.2617993877991494},"scale":{"x":"176","y":16,"z":16}},{"class":"spike","position":{"x":800,"y":-16,"z":0},"rotation":{"x":0,"y":0,"z":0},"scale":{"x":"512","y":16,"z":16}},{"class":"spike","position":{"x":728,"y":72,"z":0},"rotation":{"x":0,"y":0,"z":0},"scale":{"x":"512","y":16,"z":16}},{"class":"spike","position":{"x":232,"y":72,"z":0},"rotation":{"x":0,"y":0,"z":0},"scale":{"x":"512","y":16,"z":16}},{"class":"cube","position":{"x":-24,"y":136,"z":0},"rotation":{"x":0,"y":0,"z":0},"scale":{"x":16,"y":16,"z":16}},{"class":"cube","position":{"x":-48,"y":160,"z":0},"rotation":{"x":0,"y":0,"z":-0.5235987755982988},"scale":{"x":"64","y":16,"z":16}},{"class":"cube","position":{"x":-80,"y":176,"z":0},"rotation":{"x":0,"y":0,"z":0},"scale":{"x":16,"y":16,"z":16}},{"class":"cube","position":{"x":-8,"y":216,"z":0},"rotation":{"x":0,"y":0,"z":-0.5235987755982988},"scale":{"x":"128","y":16,"z":16}},{"class":"cube","position":{"x":-168,"y":176,"z":0},"rotation":{"x":0,"y":0,"z":0},"scale":{"x":"160","y":16,"z":16}},{"class":"cube","position":{"x":-144,"y":248,"z":0},"rotation":{"x":0,"y":0,"z":0},"scale":{"x":"176","y":16,"z":16}},{"class":"cube","position":{"x":-328,"y":216,"z":0},"rotation":{"x":0,"y":0,"z":0},"scale":{"x":"16","y":"128","z":16}},{"class":"cube","position":{"x":-248,"y":296,"z":0},"rotation":{"x":0,"y":0,"z":0.2617993877991494},"scale":{"x":"192","y":16,"z":16}},{"class":"cube","position":{"x":-112,"y":320,"z":0},"rotation":{"x":0,"y":0,"z":0},"scale":{"x":"128","y":16,"z":16}},{"class":"cube","position":{"x":-16,"y":352,"z":0},"rotation":{"x":0,"y":0,"z":-1.5707963267948966},"scale":{"x":"176","y":"16","z":16}},{"class":"cube","position":{"x":-328,"y":160,"z":0},"rotation":{"x":0,"y":0,"z":0},"scale":{"x":16,"y":16,"z":16}},{"class":"cube","position":{"x":-328,"y":144,"z":0},"rotation":{"x":0,"y":0,"z":0},"scale":{"x":16,"y":16,"z":16}},{"class":"cube","position":{"x":-200,"y":160,"z":0},"rotation":{"x":0,"y":0,"z":0},"scale":{"x":16,"y":16,"z":16}},{"class":"cube","position":{"x":-200,"y":144,"z":0},"rotation":{"x":0,"y":0,"z":0},"scale":{"x":16,"y":16,"z":16}},{"class":"bounce","position":{"x":-264,"y":128,"z":0},"rotation":{"x":0,"y":0,"z":0},"scale":{"x":"144","y":16,"z":16}},{"class":"cube","position":{"x":-328,"y":128,"z":0},"rotation":{"x":0,"y":0,"z":0},"scale":{"x":16,"y":16,"z":16}},{"class":"cube","position":{"x":-200,"y":128,"z":0},"rotation":{"x":0,"y":0,"z":0},"scale":{"x":16,"y":16,"z":16}},{"class":"cube","position":{"x":-200,"y":112,"z":0},"rotation":{"x":0,"y":0,"z":0},"scale":{"x":16,"y":16,"z":16}},{"class":"cube","position":{"x":-256,"y":112,"z":0},"rotation":{"x":0,"y":0,"z":0},"scale":{"x":16,"y":16,"z":16}},{"class":"cube","position":{"x":-272,"y":112,"z":0},"rotation":{"x":0,"y":0,"z":0},"scale":{"x":"128","y":16,"z":16}},{"class":"cube","position":{"x":-288,"y":112,"z":0},"rotation":{"x":0,"y":0,"z":0},"scale":{"x":16,"y":16,"z":16}},{"class":"cube","position":{"x":872,"y":200,"z":0},"rotation":{"x":0,"y":0,"z":-0.5235987755982988},"scale":{"x":"64","y":16,"z":16}},{"class":"bounce","position":{"x":1072,"y":208,"z":0},"rotation":{"x":0,"y":0,"z":1.5707963267948966},"scale":{"x":"512","y":16,"z":16}},{"class":"cube","position":{"x":296,"y":184,"z":0},"rotation":{"x":0,"y":0,"z":0},"scale":{"x":"512","y":16,"z":16}},{"class":"spike","position":{"x":544,"y":200,"z":0},"rotation":{"x":0,"y":0,"z":0},"scale":{"x":16,"y":16,"z":16}},{"class":"bounce","position":{"x":8,"y":264,"z":0},"rotation":{"x":0,"y":0,"z":0},"scale":{"x":"32","y":16,"z":16}},{"class":"cube","position":{"x":280,"y":264,"z":0},"rotation":{"x":0,"y":0,"z":0},"scale":{"x":"512","y":16,"z":16}},{"class":"cube","position":{"x":544,"y":264,"z":0},"rotation":{"x":0,"y":0,"z":0},"scale":{"x":"112","y":16,"z":16}},{"class":"cube","position":{"x":8,"y":480,"z":0},"rotation":{"x":0,"y":0,"z":-0.2617993877991494},"scale":{"x":"144","y":16,"z":16}},{"class":"cube","position":{"x":72,"y":400,"z":0},"rotation":{"x":0,"y":0,"z":0},"scale":{"x":16,"y":"160","z":16}},{"class":"cube","position":{"x":-32,"y":320,"z":0},"rotation":{"x":0,"y":0,"z":0},"scale":{"x":16,"y":16,"z":16}},{"class":"cube","position":{"x":-40,"y":320,"z":0},"rotation":{"x":0,"y":0,"z":0},"scale":{"x":16,"y":16,"z":16}},{"class":"cube","position":{"x":-120,"y":384,"z":0},"rotation":{"x":0,"y":0,"z":0},"scale":{"x":"144","y":16,"z":16}},{"class":"finish","position":{"x":-168,"y":344,"z":0},"rotation":{"x":0,"y":0,"z":0},"scale":{"x":16,"y":"32","z":16}},{"class":"cube","position":{"x":-112,"y":496,"z":0},"rotation":{"x":0,"y":0,"z":0},"scale":{"x":"128","y":16,"z":16}},{"class":"cube","position":{"x":-184,"y":408,"z":0},"rotation":{"x":0,"y":0,"z":0},"scale":{"x":16,"y":"192","z":16}},{"class":"cube","position":{"x":-80,"y":432,"z":0},"rotation":{"x":0,"y":0,"z":0},"scale":{"x":"112","y":16,"z":16}},{"class":"cube","position":{"x":-160,"y":392,"z":0},"rotation":{"x":0,"y":0,"z":-0.2617993877991494},"scale":{"x":"48","y":16,"z":16}},{"class":"cube","position":{"x":-40,"y":328,"z":0},"rotation":{"x":0,"y":0,"z":0.2617993877991494},"scale":{"x":"48","y":16,"z":16}}]}