{"name":"0123xrulez 2","children":[{"class":"player","position":{"x":-120,"y":120,"z":0},"rotation":{"x":0,"y":0,"z":-1.0323311974838043},"scale":{"x":16,"y":16,"z":16},"isStatic":false,"friction":0},{"class":"gravity","position":{"x":-120,"y":48,"z":0},"rotation":{"x":0,"y":0,"z":0.5235987755982988},"scale":{"x":16,"y":16,"z":16}},{"class":"gravity","position":{"x":-120,"y":120,"z":0},"rotation":{"x":0,"y":0,"z":0},"scale":{"x":16,"y":16,"z":16}},{"class":"spike","position":{"x":-80,"y":8,"z":0},"rotation":{"x":0,"y":0,"z":0.5235987755982988},"scale":{"x":"368","y":16,"z":16}},{"class":"bounce","position":{"x":-384,"y":-184,"z":0},"rotation":{"x":0,"y":0,"z":0},"scale":{"x":"144","y":16,"z":16}},{"class":"spike","position":{"x":-264,"y":-120,"z":0},"rotation":{"x":0,"y":0,"z":0},"scale":{"x":"96","y":16,"z":16}},{"class":"bounce","position":{"x":208,"y":-56,"z":0},"rotation":{"x":0,"y":0,"z":0.5235987755982988},"scale":{"x":"112","y":16,"z":16}},{"class":"cube","position":{"x":240,"y":-8,"z":0},"rotation":{"x":0,"y":0,"z":1.0471975511965976},"scale":{"x":"80","y":16,"z":16}},{"class":"cube","position":{"x":-288,"y":-224,"z":0},"rotation":{"x":0,"y":0,"z":0},"scale":{"x":"16","y":"64","z":16}},{"class":"cube","position":{"x":-264,"y":-184,"z":0},"rotation":{"x":0,"y":0,"z":0},"scale":{"x":"64","y":16,"z":16}},{"class":"cube","position":{"x":-248,"y":-224,"z":0},"rotation":{"x":0,"y":0,"z":-0.7853981633974483},"scale":{"x":"112","y":16,"z":"16"}},{"class":"cube","position":{"x":-488,"y":-128,"z":0},"rotation":{"x":0,"y":0,"z":0.2617993877991494},"scale":{"x":"48","y":16,"z":16}},{"class":"cube","position":{"x":-520,"y":-144,"z":0},"rotation":{"x":0,"y":0,"z":0.7853981633974483},"scale":{"x":"48","y":16,"z":16}},{"class":"cube","position":{"x":-544,"y":-184,"z":0},"rotation":{"x":0,"y":0,"z":1.3089969389957472},"scale":{"x":"64","y":16,"z":16}},{"class":"cube","position":{"x":-544,"y":-240,"z":0},"rotation":{"x":0,"y":0,"z":0.2617993877991494},"scale":{"x":16,"y":"64","z":16}},{"class":"cube","position":{"x":-464,"y":-216,"z":0},"rotation":{"x":0,"y":0,"z":0},"scale":{"x":"16","y":"80","z":16}},{"class":"cube","position":{"x":-376,"y":-248,"z":0},"rotation":{"x":0,"y":0,"z":0},"scale":{"x":"168","y":16,"z":16}},{"class":"cube","position":{"x":-536,"y":-304,"z":0},"rotation":{"x":0,"y":0,"z":0},"scale":{"x":16,"y":"80","z":16}},{"class":"bounce","position":{"x":-512,"y":-328,"z":0},"rotation":{"x":0,"y":0,"z":-0.5235987755982988},"scale":{"x":"112","y":16,"z":16}},{"class":"cube","position":{"x":-232,"y":-304,"z":0},"rotation":{"x":0,"y":0,"z":-0.7853981633974483},"scale":{"x":"160","y":16,"z":16}},{"class":"cube","position":{"x":-384,"y":-328,"z":0},"rotation":{"x":0,"y":0,"z":0},"scale":{"x":"192","y":16,"z":16}},{"class":"cube","position":{"x":-208,"y":-408,"z":0},"rotation":{"x":0,"y":0,"z":1.0471975511965976},"scale":{"x":"128","y":16,"z":16}},{"class":"cube","position":{"x":-320,"y":-384,"z":0},"rotation":{"x":0,"y":0,"z":1.0471975511965976},"scale":{"x":"128","y":16,"z":16}},{"class":"cube","position":{"x":-312,"y":-480,"z":0},"rotation":{"x":0,"y":0,"z":-0.7853981633974483},"scale":{"x":"120","y":16,"z":16}},{"class":"bounce","position":{"x":-240,"y":-552,"z":0},"rotation":{"x":0,"y":0,"z":-0.2617993877991494},"scale":{"x":"80","y":16,"z":16}},{"class":"bounce","position":{"x":-72,"y":-552,"z":0},"rotation":{"x":0,"y":0,"z":0.5235987755982988},"scale":{"x":"168","y":16,"z":16}},{"class":"cube","position":{"x":-8,"y":-488,"z":0},"rotation":{"x":0,"y":0,"z":0},"scale":{"x":16,"y":"80","z":16}},{"class":"cube","position":{"x":-248,"y":-600,"z":0},"rotation":{"x":0,"y":0,"z":0},"scale":{"x":"256","y":16,"z":16}},{"class":"cube","position":{"x":-400,"y":-568,"z":0},"rotation":{"x":0,"y":0,"z":0},"scale":{"x":16,"y":"160","z":16}},{"class":"cube","position":{"x":56,"y":-528,"z":0},"rotation":{"x":0,"y":0,"z":0},"scale":{"x":"168","y":16,"z":16}},{"class":"finish","position":{"x":144,"y":-552,"z":0},"rotation":{"x":0,"y":0,"z":0},"scale":{"x":16,"y":"64","z":16}},{"class":"cube","position":{"x":-248,"y":-224,"z":0},"rotation":{"x":0,"y":0,"z":-0.7853981633974483},"scale":{"x":"112","y":16,"z":"16"}},{"class":"tip","position":{"x":136,"y":-504,"z":0},"rotation":{"x":0,"y":0,"z":0},"scale":{"x":16,"y":16,"z":16},"text":"how did you even get here?"},{"class":"spike","position":{"x":-144,"y":-264,"z":0},"rotation":{"x":0,"y":0,"z":0},"scale":{"x":"144","y":"24","z":16},"text":"Do not touch the spikes!"},{"class":"spike","position":{"x":-48,"y":-248,"z":0},"rotation":{"x":0,"y":0,"z":0.5235987755982988},"scale":{"x":"136","y":"32","z":16},"text":"Do not touch the spikes!"},{"class":"spike","position":{"x":120,"y":-400,"z":0},"rotation":{"x":0,"y":0,"z":0},"scale":{"x":"112","y":16,"z":16}},{"class":"spike","position":{"x":-8,"y":-440,"z":0},"rotation":{"x":0,"y":0,"z":0},"scale":{"x":16,"y":16,"z":16}}]}