{"name":"0123xrulez 3","star":true,"children":[{"class":"player","position":{"x":-152,"y":288,"z":0},"rotation":{"x":0,"y":0,"z":0},"scale":{"x":"16","y":16,"z":"16"},"isStatic":false,"friction":0},{"class":"cube","position":{"x":-144,"y":120,"z":0},"rotation":{"x":0,"y":0,"z":-0.7853981633974483},"scale":{"x":"160","y":"32","z":"16"}},{"class":"cube","position":{"x":-192,"y":232,"z":0},"rotation":{"x":0,"y":0,"z":0},"scale":{"x":"40","y":"136","z":16}},{"class":"gravity","position":{"x":-56,"y":88,"z":0},"rotation":{"x":0,"y":0,"z":-1.5707963267948966},"scale":{"x":"56","y":"32","z":16}},{"class":"spike","position":{"x":-32,"y":-88,"z":0},"rotation":{"x":0,"y":0,"z":-0.7853981633974483},"scale":{"x":"144","y":"48","z":16}},{"class":"gravity","position":{"x":0,"y":-192,"z":0},"rotation":{"x":0,"y":0,"z":0},"scale":{"x":"72","y":16,"z":16}},{"class":"cube","position":{"x":-16,"y":-256,"z":0},"rotation":{"x":0,"y":0,"z":0},"scale":{"x":"280","y":16,"z":16}},{"class":"direction","position":{"x":-80,"y":-128,"z":0},"rotation":{"x":0,"y":0,"z":-0.7853981633974483},"scale":{"x":"112","y":16,"z":16}},{"class":"direction","position":{"x":-64,"y":-168,"z":0},"rotation":{"x":0,"y":0,"z":0},"scale":{"x":"56","y":16,"z":16}},{"class":"direction","position":{"x":-40,"y":-144,"z":0},"rotation":{"x":0,"y":0,"z":-1.5707963267948966},"scale":{"x":"56","y":"16","z":16}},{"class":"cube","position":{"x":-336,"y":-248,"z":0},"rotation":{"x":0,"y":0,"z":0.7853981633974483},"scale":{"x":"16","y":"240","z":16}},{"class":"cube","position":{"x":-80,"y":-336,"z":0},"rotation":{"x":0,"y":0,"z":0},"scale":{"x":"368","y":16,"z":16}},{"class":"cube","position":{"x":128,"y":-360,"z":0},"rotation":{"x":0,"y":0,"z":0},"scale":{"x":"16","y":"224","z":16}},{"class":"cube","position":{"x":0,"y":-448,"z":0},"rotation":{"x":0,"y":0,"z":2.0943951023931953},"scale":{"x":"16","y":"136","z":16}},{"class":"spike","position":{"x":96,"y":-464,"z":0},"rotation":{"x":0,"y":0,"z":0},"scale":{"x":"88","y":16,"z":16}},{"class":"cube","position":{"x":-280,"y":-408,"z":0},"rotation":{"x":0,"y":0,"z":0},"scale":{"x":"112","y":16,"z":16}},{"class":"cube","position":{"x":-328,"y":-376,"z":0},"rotation":{"x":0,"y":0,"z":0},"scale":{"x":16,"y":"80","z":16}},{"class":"cube","position":{"x":-392,"y":-344,"z":0},"rotation":{"x":0,"y":0,"z":0},"scale":{"x":16,"y":"296","z":16}},{"class":"cube","position":{"x":-360,"y":-464,"z":0},"rotation":{"x":0,"y":0,"z":0.7853981633974483},"scale":{"x":"16","y":"88","z":16}},{"class":"cube","position":{"x":-224,"y":-488,"z":0},"rotation":{"x":0,"y":0,"z":0},"scale":{"x":16,"y":"176","z":16}},{"class":"cube","position":{"x":-352,"y":-488,"z":0},"rotation":{"x":0,"y":0,"z":0},"scale":{"x":"96","y":16,"z":16}},{"class":"cube","position":{"x":-312,"y":-568,"z":0},"rotation":{"x":0,"y":0,"z":0},"scale":{"x":"184","y":16,"z":16}},{"class":"cube","position":{"x":-264,"y":-544,"z":0},"rotation":{"x":0,"y":0,"z":0.5235987755982988},"scale":{"x":"96","y":16,"z":16}},{"class":"cube","position":{"x":-448,"y":-448,"z":0},"rotation":{"x":0,"y":0,"z":0},"scale":{"x":16,"y":"368","z":16}},{"class":"cube","position":{"x":-400,"y":-600,"z":0},"rotation":{"x":0,"y":0,"z":0},"scale":{"x":16,"y":"80","z":16}},{"class":"bounce","position":{"x":-424,"y":-608,"z":0},"rotation":{"x":0,"y":0,"z":0},"scale":{"x":"152","y":16,"z":16}},{"class":"cube","position":{"x":-456,"y":-160,"z":0},"rotation":{"x":0,"y":0,"z":0},"scale":{"x":"96","y":16,"z":16}},{"class":"cube","position":{"x":-496,"y":-360,"z":0},"rotation":{"x":0,"y":0,"z":0},"scale":{"x":16,"y":"400","z":16}},{"class":"finish","position":{"x":-504,"y":-632,"z":0},"rotation":{"x":0,"y":0,"z":0},"scale":{"x":16,"y":16,"z":16}},{"class":"cube","position":{"x":-488,"y":-600,"z":0},"rotation":{"x":0,"y":0,"z":-0.7853981633974483},"scale":{"x":16,"y":"88","z":16}},{"class":"cube","position":{"x":-496,"y":-616,"z":0},"rotation":{"x":0,"y":0,"z":0},"scale":{"x":16,"y":"40","z":16}},{"class":"cube","position":{"x":-504,"y":-608,"z":0},"rotation":{"x":0,"y":0,"z":0},"scale":{"x":16,"y":16,"z":16}},{"class":"cube","position":{"x":-512,"y":-616,"z":0},"rotation":{"x":0,"y":0,"z":0},"scale":{"x":16,"y":16,"z":16}},{"class":"cube","position":{"x":-456,"y":-544,"z":0},"rotation":{"x":0,"y":0,"z":0},"scale":{"x":16,"y":16,"z":16}},{"class":"cube","position":{"x":-480,"y":-496,"z":0},"rotation":{"x":0,"y":0,"z":0},"scale":{"x":16,"y":16,"z":16}},{"class":"cube","position":{"x":-456,"y":-384,"z":0},"rotation":{"x":0,"y":0,"z":0},"scale":{"x":"8","y":16,"z":16}},{"class":"cube","position":{"x":-488,"y":-296,"z":0},"rotation":{"x":0,"y":0,"z":0},"scale":{"x":16,"y":16,"z":16}},{"class":"cube","position":{"x":-456,"y":-336,"z":0},"rotation":{"x":0,"y":0,"z":0.7853981633974483},"scale":{"x":"8","y":16,"z":16}},{"class":"cube","position":{"x":-528,"y":-632,"z":0},"rotation":{"x":0,"y":0,"z":0},"scale":{"x":16,"y":16,"z":16}},{"class":"cube","position":{"x":-520,"y":-624,"z":0},"rotation":{"x":0,"y":0,"z":0},"scale":{"x":16,"y":16,"z":16}},{"class":"cube","position":{"x":-536,"y":-640,"z":0},"rotation":{"x":0,"y":0,"z":0},"scale":{"x":16,"y":16,"z":16}},{"class":"cube","position":{"x":-544,"y":-648,"z":0},"rotation":{"x":0,"y":0,"z":0},"scale":{"x":16,"y":16,"z":16}},{"class":"cube","position":{"x":-576,"y":-592,"z":0},"rotation":{"x":0,"y":0,"z":0},"scale":{"x":16,"y":"208","z":16}},{"class":"cube","position":{"x":-544,"y":-688,"z":0},"rotation":{"x":0,"y":0,"z":0},"scale":{"x":"56","y":16,"z":16}},{"class":"cube","position":{"x":-512,"y":-688,"z":0},"rotation":{"x":0,"y":0,"z":0},"scale":{"x":"48","y":16,"z":16}},{"class":"cube","position":{"x":-568,"y":-680,"z":0},"rotation":{"x":0,"y":0,"z":0.7853981633974483},"scale":{"x":"8","y":16,"z":16}},{"class":"cube","position":{"x":-488,"y":-624,"z":0},"rotation":{"x":0,"y":0,"z":0},"scale":{"x":16,"y":"64","z":16}},{"class":"cube","position":{"x":-432,"y":-456,"z":0},"rotation":{"x":0,"y":0,"z":0},"scale":{"x":16,"y":16,"z":16}},{"class":"cube","position":{"x":-408,"y":-400,"z":0},"rotation":{"x":0,"y":0,"z":0},"scale":{"x":16,"y":16,"z":16}},{"class":"cube","position":{"x":-432,"y":-344,"z":0},"rotation":{"x":0,"y":0,"z":0},"scale":{"x":16,"y":16,"z":16}},{"class":"cube","position":{"x":-408,"y":-288,"z":0},"rotation":{"x":0,"y":0,"z":0},"scale":{"x":16,"y":16,"z":16}},{"class":"cube","position":{"x":-440,"y":-256,"z":0},"rotation":{"x":0,"y":0,"z":0},"scale":{"x":16,"y":16,"z":16}},{"class":"cube","position":{"x":-472,"y":-96,"z":0},"rotation":{"x":0,"y":0,"z":0},"scale":{"x":"216","y":16,"z":16}},{"class":"cube","position":{"x":-488,"y":-120,"z":0},"rotation":{"x":0,"y":0,"z":0.7853981633974483},"scale":{"x":"16","y":"120","z":16}},{"class":"cube","position":{"x":-576,"y":-288,"z":0},"rotation":{"x":0,"y":0,"z":0},"scale":{"x":"16","y":"400","z":16}},{"class":"cube","position":{"x":-392,"y":-128,"z":0},"rotation":{"x":0,"y":0,"z":0},"scale":{"x":"96","y":16,"z":16},"text":"Do not touch the spikes!"},{"class":"tip","position":{"x":-584,"y":-80,"z":0},"rotation":{"x":0,"y":0,"z":0},"scale":{"x":16,"y":16,"z":16},"text":"short cut!"},{"class":"cube","position":{"x":-336,"y":-96,"z":0},"rotation":{"x":0,"y":0,"z":0},"scale":{"x":16,"y":"80","z":16}},{"class":"cube","position":{"x":-344,"y":-120,"z":0},"rotation":{"x":0,"y":0,"z":0.7853981633974483},"scale":{"x":16,"y":16,"z":16}},{"class":"cube","position":{"x":-432,"y":-48,"z":0},"rotation":{"x":0,"y":0,"z":0},"scale":{"x":"208","y":16,"z":16}},{"class":"cube","position":{"x":-552,"y":-48,"z":0},"rotation":{"x":0,"y":0,"z":-1.3089969389957472},"scale":{"x":"16","y":"64","z":16}},{"class":"cube","position":{"x":-616,"y":-328,"z":0},"rotation":{"x":0,"y":0,"z":0},"scale":{"x":16,"y":"512","z":16}},{"class":"cube","position":{"x":-616,"y":-664,"z":0},"rotation":{"x":0,"y":0,"z":0},"scale":{"x":16,"y":"160","z":16}},{"class":"cube","position":{"x":-560,"y":-736,"z":0},"rotation":{"x":0,"y":0,"z":0},"scale":{"x":"128","y":16,"z":16}},{"class":"cube","position":{"x":-608,"y":-720,"z":0},"rotation":{"x":0,"y":0,"z":-0.7853981633974483},"scale":{"x":"40","y":"16","z":16}},{"class":"cube","position":{"x":-456,"y":-688,"z":0},"rotation":{"x":0,"y":0,"z":0},"scale":{"x":16,"y":"112","z":16}},{"class":"cube","position":{"x":-472,"y":-656,"z":0},"rotation":{"x":0,"y":0,"z":-0.5235987755982988},"scale":{"x":"40","y":16,"z":16}},{"class":"gravity","position":{"x":-552,"y":-48,"z":0},"rotation":{"x":0,"y":0,"z":0},"scale":{"x":16,"y":"104","z":16}},{"class":"bounce","position":{"x":-408,"y":168,"z":0},"rotation":{"x":0,"y":0,"z":-1.5707963267948966},"scale":{"x":"136","y":"16","z":16}},{"class":"bounce","position":{"x":-264,"y":504,"z":0},"rotation":{"x":0,"y":0,"z":-1.5707963267948966},"scale":{"x":"128","y":16,"z":16}},{"class":"bounce","position":{"x":-312,"y":728,"z":0},"rotation":{"x":0,"y":0,"z":-2.0943951023931953},"scale":{"x":"80","y":16,"z":16}},{"class":"cube","position":{"x":-616,"y":-32,"z":0},"rotation":{"x":0,"y":0,"z":0},"scale":{"x":16,"y":"128","z":16}}]}