{"name":"Average level attempt","children":[{"class":"player","position":{"x":0,"y":0,"z":0},"rotation":{"x":0,"y":0,"z":0},"scale":{"x":16,"y":16,"z":16},"isStatic":false,"friction":0},{"class":"cube","position":{"x":0,"y":-64,"z":0},"rotation":{"x":0,"y":0,"z":-0.523598775598299},"scale":{"x":64,"y":16,"z":16}},{"class":"cube","position":{"x":80,"y":-80,"z":0},"rotation":{"x":0,"y":0,"z":0},"scale":{"x":104,"y":16,"z":16}},{"class":"cube","position":{"x":360,"y":-72,"z":0},"rotation":{"x":0,"y":0,"z":0},"scale":{"x":248,"y":16,"z":16}},{"class":"cube","position":{"x":512,"y":-96,"z":0},"rotation":{"x":0,"y":0,"z":0},"scale":{"x":112,"y":16,"z":16}},{"class":"cube","position":{"x":896,"y":-208,"z":0},"rotation":{"x":0,"y":0,"z":0},"scale":{"x":584,"y":16,"z":16}},{"class":"spike","position":{"x":1080,"y":-192,"z":0},"rotation":{"x":0,"y":0,"z":0},"scale":{"x":16,"y":16,"z":16}},{"class":"cube","position":{"x":1000,"y":-64,"z":0},"rotation":{"x":0,"y":0,"z":0},"scale":{"x":400,"y":160,"z":16}},{"class":"spike","position":{"x":696,"y":-192,"z":0},"rotation":{"x":0,"y":0,"z":0},"scale":{"x":16,"y":16,"z":16}},{"class":"spike","position":{"x":336,"y":-56,"z":0},"rotation":{"x":0,"y":0,"z":0},"scale":{"x":16,"y":16,"z":16}},{"class":"cube","position":{"x":1496,"y":-320,"z":0},"rotation":{"x":0,"y":0,"z":0},"scale":{"x":544,"y":16,"z":16}},{"class":"spike","position":{"x":1552,"y":-304,"z":0},"rotation":{"x":0,"y":0,"z":0},"scale":{"x":16,"y":16,"z":16}},{"class":"spike","position":{"x":832,"y":16,"z":0},"rotation":{"x":0,"y":0,"z":0},"scale":{"x":16,"y":112,"z":8}},{"class":"gravity","position":{"x":1760,"y":-304,"z":0},"rotation":{"x":0,"y":0,"z":1.570796326794897},"scale":{"x":16,"y":16,"z":16}},{"class":"cube","position":{"x":1840,"y":-320,"z":0},"rotation":{"x":0,"y":0,"z":0},"scale":{"x":80,"y":16,"z":16}},{"class":"cube","position":{"x":1896,"y":-304,"z":0},"rotation":{"x":0,"y":0,"z":0.5235987755982987},"scale":{"x":112,"y":16,"z":16}},{"class":"cube","position":{"x":1960,"y":-248,"z":0},"rotation":{"x":0,"y":0,"z":1.0471975511965976},"scale":{"x":136,"y":16,"z":16}},{"class":"cube","position":{"x":1992,"y":-32,"z":0},"rotation":{"x":0,"y":0,"z":0},"scale":{"x":16,"y":368,"z":16}},{"class":"spike","position":{"x":1976,"y":112,"z":0},"rotation":{"x":0,"y":0,"z":1.570796326794897},"scale":{"x":16,"y":16,"z":16}},{"class":"gravity","position":{"x":1992,"y":224,"z":0},"rotation":{"x":0,"y":0,"z":0},"scale":{"x":16,"y":144,"z":16}},{"class":"cube","position":{"x":2088,"y":128,"z":0},"rotation":{"x":0,"y":0,"z":0},"scale":{"x":104,"y":16,"z":16}},{"class":"cube","position":{"x":2176,"y":96,"z":0},"rotation":{"x":0,"y":0,"z":-0.5235987755982987},"scale":{"x":128,"y":16,"z":16}},{"class":"cube","position":{"x":2344,"y":56,"z":0},"rotation":{"x":0,"y":0,"z":0.2617993877991494},"scale":{"x":240,"y":16,"z":16}},{"class":"finish","position":{"x":2472,"y":152,"z":0},"rotation":{"x":0,"y":0,"z":0},"scale":{"x":16,"y":152,"z":16}},{"class":"cube","position":{"x":1904,"y":304,"z":0},"rotation":{"x":0,"y":0,"z":0},"scale":{"x":208,"y":16,"z":16}},{"class":"tip","position":{"x":72,"y":-96,"z":0},"rotation":{"x":0,"y":0,"z":0},"scale":{"x":16,"y":16,"z":16},"text":"Author Time: 7.511"}]}