{"name":"Boxelling Over It","theme":"orange","children":[{"class":"player","position":{"x":0,"y":0,"z":0},"rotation":{"x":0,"y":0,"z":0},"scale":{"x":16,"y":16,"z":16},"isStatic":false,"friction":0},{"class":"cube","position":{"x":0,"y":-40,"z":0},"rotation":{"x":0,"y":0,"z":0},"scale":{"x":64,"y":16,"z":16}},{"class":"cube","position":{"x":-16,"y":32,"z":0},"rotation":{"x":0,"y":0,"z":0.5235987755982987},"scale":{"x":32,"y":16,"z":16}},{"class":"cube","position":{"x":48,"y":40,"z":0},"rotation":{"x":0,"y":0,"z":0},"scale":{"x":16,"y":64,"z":16}},{"class":"cube","position":{"x":104,"y":24,"z":0},"rotation":{"x":0,"y":0,"z":-0.7853981633974484},"scale":{"x":32,"y":16,"z":16}},{"class":"cube","position":{"x":72,"y":104,"z":0},"rotation":{"x":0,"y":0,"z":-0.2617993877991494},"scale":{"x":16,"y":16,"z":16}},{"class":"cube","position":{"x":-64,"y":64,"z":0},"rotation":{"x":0,"y":0,"z":0},"scale":{"x":16,"y":56,"z":16}},{"class":"cube","position":{"x":-80,"y":80,"z":0},"rotation":{"x":0,"y":0,"z":0.2617993877991494},"scale":{"x":24,"y":16,"z":16}},{"class":"cube","position":{"x":24,"y":240,"z":0},"rotation":{"x":0,"y":0,"z":0.2617993877991494},"scale":{"x":320,"y":16,"z":16}},{"class":"cube","position":{"x":-120,"y":144,"z":0},"rotation":{"x":0,"y":0,"z":0},"scale":{"x":16,"y":88,"z":16}},{"class":"cube","position":{"x":24,"y":48,"z":0},"rotation":{"x":0,"y":0,"z":0},"scale":{"x":40,"y":16,"z":16}},{"class":"cube","position":{"x":224,"y":304,"z":0},"rotation":{"x":0,"y":0,"z":0},"scale":{"x":16,"y":32,"z":16}},{"class":"cube","position":{"x":216,"y":320,"z":0},"rotation":{"x":0,"y":0,"z":0},"scale":{"x":16,"y":16,"z":16}},{"class":"cube","position":{"x":24,"y":104,"z":0},"rotation":{"x":0,"y":0,"z":0},"scale":{"x":16,"y":24,"z":16}},{"class":"cube","position":{"x":-120,"y":232,"z":0},"rotation":{"x":0,"y":0,"z":0.7853981633974484},"scale":{"x":16,"y":64,"z":16}},{"class":"cube","position":{"x":-168,"y":88,"z":0},"rotation":{"x":0,"y":0,"z":0.5235987755982993},"scale":{"x":112,"y":16,"z":16}},{"class":"cube","position":{"x":-560,"y":48,"z":0},"rotation":{"x":0,"y":0,"z":0},"scale":{"x":88,"y":16,"z":16}},{"class":"cube","position":{"x":-752,"y":144,"z":0},"rotation":{"x":0,"y":0,"z":0},"scale":{"x":16,"y":64,"z":16}},{"class":"cube","position":{"x":-736,"y":216,"z":0},"rotation":{"x":0,"y":0,"z":-0.5235987755982987},"scale":{"x":48,"y":16,"z":16}},{"class":"cube","position":{"x":-808,"y":248,"z":0},"rotation":{"x":0,"y":0,"z":2.8797932657906435},"scale":{"x":16,"y":16,"z":16}},{"class":"cube","position":{"x":-728,"y":336,"z":0},"rotation":{"x":0,"y":0,"z":0},"scale":{"x":72,"y":16,"z":16}},{"class":"cube","position":{"x":-656,"y":344,"z":0},"rotation":{"x":0,"y":0,"z":0},"scale":{"x":16,"y":48,"z":16}},{"class":"cube","position":{"x":-632,"y":368,"z":0},"rotation":{"x":0,"y":0,"z":0},"scale":{"x":64,"y":16,"z":16}},{"class":"tip","position":{"x":-560,"y":1960,"z":0},"rotation":{"x":0,"y":0,"z":0},"scale":{"x":16,"y":16,"z":16},"text":"End of current version<br>Author Time: 70.737"},{"class":"cube","position":{"x":-808,"y":232,"z":0},"rotation":{"x":0,"y":0,"z":0},"scale":{"x":16,"y":16,"z":16}},{"class":"cube","position":{"x":-608,"y":440,"z":0},"rotation":{"x":0,"y":0,"z":0},"scale":{"x":16,"y":64,"z":16}},{"class":"cube","position":{"x":-568,"y":440,"z":0},"rotation":{"x":0,"y":0,"z":0},"scale":{"x":16,"y":56,"z":16}},{"class":"cube","position":{"x":-592,"y":496,"z":0},"rotation":{"x":0,"y":0,"z":0},"scale":{"x":16,"y":16,"z":16}},{"class":"cube","position":{"x":-504,"y":560,"z":0},"rotation":{"x":0,"y":0,"z":0},"scale":{"x":136,"y":16,"z":16}},{"class":"cube","position":{"x":-376,"y":576,"z":0},"rotation":{"x":0,"y":0,"z":0.2617993877991494},"scale":{"x":128,"y":16,"z":16}},{"class":"cube","position":{"x":-208,"y":592,"z":0},"rotation":{"x":0,"y":0,"z":-0.7853981633974484},"scale":{"x":104,"y":16,"z":16}},{"class":"cube","position":{"x":-608,"y":584,"z":0},"rotation":{"x":0,"y":0,"z":-0.5235987755982987},"scale":{"x":96,"y":16,"z":16}},{"class":"cube","position":{"x":-672,"y":656,"z":0},"rotation":{"x":0,"y":0,"z":-1.0471975511965976},"scale":{"x":128,"y":16,"z":16}},{"class":"cube","position":{"x":-24,"y":568,"z":0},"rotation":{"x":0,"y":0,"z":0},"scale":{"x":88,"y":16,"z":16}},{"class":"cube","position":{"x":96,"y":712,"z":0},"rotation":{"x":0,"y":0,"z":0},"scale":{"x":16,"y":216,"z":16}},{"class":"cube","position":{"x":40,"y":704,"z":0},"rotation":{"x":0,"y":0,"z":0},"scale":{"x":16,"y":144,"z":16}},{"class":"cube","position":{"x":88,"y":648,"z":0},"rotation":{"x":0,"y":0,"z":-0.7853981633974484},"scale":{"x":16,"y":16,"z":16}},{"class":"cube","position":{"x":48,"y":688,"z":0},"rotation":{"x":0,"y":0,"z":-0.7853981633974484},"scale":{"x":16,"y":16,"z":16}},{"class":"cube","position":{"x":88,"y":728,"z":0},"rotation":{"x":0,"y":0,"z":-0.7853981633974484},"scale":{"x":16,"y":16,"z":16}},{"class":"cube","position":{"x":48,"y":760,"z":0},"rotation":{"x":0,"y":0,"z":-0.7853981633974484},"scale":{"x":16,"y":16,"z":16}},{"class":"cube","position":{"x":88,"y":800,"z":0},"rotation":{"x":0,"y":0,"z":-0.7853981633974484},"scale":{"x":16,"y":16,"z":16}},{"class":"cube","position":{"x":-168,"y":512,"z":0},"rotation":{"x":0,"y":0,"z":0},"scale":{"x":16,"y":88,"z":16}},{"class":"cube","position":{"x":40,"y":920,"z":0},"rotation":{"x":0,"y":0,"z":0},"scale":{"x":16,"y":136,"z":16}},{"class":"cube","position":{"x":-16,"y":880,"z":0},"rotation":{"x":0,"y":0,"z":0},"scale":{"x":16,"y":136,"z":16}},{"class":"cube","position":{"x":-8,"y":856,"z":0},"rotation":{"x":0,"y":0,"z":-0.7853981633974484},"scale":{"x":16,"y":16,"z":16}},{"class":"cube","position":{"x":32,"y":888,"z":0},"rotation":{"x":0,"y":0,"z":-0.7853981633974484},"scale":{"x":16,"y":16,"z":16}},{"class":"cube","position":{"x":-8,"y":928,"z":0},"rotation":{"x":0,"y":0,"z":-0.7853981633974484},"scale":{"x":16,"y":16,"z":16}},{"class":"cube","position":{"x":32,"y":968,"z":0},"rotation":{"x":0,"y":0,"z":-0.7853981633974484},"scale":{"x":16,"y":16,"z":16}},{"class":"cube","position":{"x":-32,"y":-8,"z":0},"rotation":{"x":0,"y":0,"z":0},"scale":{"x":8,"y":32,"z":16}},{"class":"cube","position":{"x":-88,"y":944,"z":0},"rotation":{"x":0,"y":0,"z":0},"scale":{"x":144,"y":16,"z":16}},{"class":"cube","position":{"x":-192,"y":960,"z":0},"rotation":{"x":0,"y":0,"z":0},"scale":{"x":16,"y":48,"z":16}},{"class":"cube","position":{"x":-168,"y":912,"z":0},"rotation":{"x":0,"y":0,"z":0.7853981633974484},"scale":{"x":48,"y":16,"z":16}},{"class":"cube","position":{"x":-224,"y":888,"z":0},"rotation":{"x":0,"y":0,"z":0},"scale":{"x":96,"y":16,"z":16}},{"class":"cube","position":{"x":-368,"y":944,"z":0},"rotation":{"x":0,"y":0,"z":0},"scale":{"x":96,"y":16,"z":16}},{"class":"cube","position":{"x":-520,"y":1000,"z":0},"rotation":{"x":0,"y":0,"z":0},"scale":{"x":96,"y":16,"z":16}},{"class":"cube","position":{"x":-616,"y":1096,"z":0},"rotation":{"x":0,"y":0,"z":-0.7853981633974484},"scale":{"x":48,"y":48,"z":48}},{"class":"cube","position":{"x":-528,"y":1168,"z":0},"rotation":{"x":0,"y":0,"z":-0.7853981633974484},"scale":{"x":120,"y":48,"z":48}},{"class":"cube","position":{"x":-688,"y":1192,"z":0},"rotation":{"x":0,"y":0,"z":-0.7853981633974484},"scale":{"x":120,"y":48,"z":48}},{"class":"cube","position":{"x":-632,"y":1296,"z":0},"rotation":{"x":0,"y":0,"z":-0.7853981633974484},"scale":{"x":48,"y":48,"z":48}},{"class":"cube","position":{"x":-496,"y":1296,"z":0},"rotation":{"x":0,"y":0,"z":-0.7853981633974484},"scale":{"x":48,"y":104,"z":48}},{"class":"cube","position":{"x":-416,"y":1456,"z":0},"rotation":{"x":0,"y":0,"z":-0.7853981633974484},"scale":{"x":120,"y":48,"z":48}},{"class":"cube","position":{"x":-632,"y":1496,"z":0},"rotation":{"x":0,"y":0,"z":-0.7853981633974484},"scale":{"x":48,"y":104,"z":48}},{"class":"cube","position":{"x":-368,"y":1552,"z":0},"rotation":{"x":0,"y":0,"z":0},"scale":{"x":96,"y":16,"z":16}},{"class":"cube","position":{"x":-608,"y":288,"z":0},"rotation":{"x":0,"y":0,"z":0},"scale":{"x":16,"y":160,"z":16}},{"class":"cube","position":{"x":-200,"y":1560,"z":0},"rotation":{"x":0,"y":0,"z":-0.7853981633974484},"scale":{"x":120,"y":48,"z":48}},{"class":"cube","position":{"x":-24,"y":1600,"z":0},"rotation":{"x":0,"y":0,"z":-0.7853981633974484},"scale":{"x":48,"y":48,"z":48}},{"class":"cube","position":{"x":-88,"y":1728,"z":0},"rotation":{"x":0,"y":0,"z":-0.7853981633974484},"scale":{"x":48,"y":104,"z":48}},{"class":"cube","position":{"x":96,"y":1752,"z":0},"rotation":{"x":0,"y":0,"z":-0.7853981633974484},"scale":{"x":48,"y":120,"z":48}},{"class":"cube","position":{"x":136,"y":1880,"z":0},"rotation":{"x":0,"y":0,"z":-0.7853981633974484},"scale":{"x":120,"y":48,"z":48}},{"class":"cube","position":{"x":-32,"y":1936,"z":0},"rotation":{"x":0,"y":0,"z":-0.7853981633974484},"scale":{"x":48,"y":48,"z":48}},{"class":"cube","position":{"x":-160,"y":2008,"z":0},"rotation":{"x":0,"y":0,"z":-0.7853981633974484},"scale":{"x":48,"y":48,"z":48}},{"class":"cube","position":{"x":-56,"y":2080,"z":0},"rotation":{"x":0,"y":0,"z":-0.7853981633974484},"scale":{"x":48,"y":48,"z":48}},{"class":"cube","position":{"x":-528,"y":1408,"z":0},"rotation":{"x":0,"y":0,"z":-0.7853981633974484},"scale":{"x":48,"y":48,"z":48}},{"class":"cube","position":{"x":-184,"y":1680,"z":0},"rotation":{"x":0,"y":0,"z":0},"scale":{"x":16,"y":64,"z":16}},{"class":"cube","position":{"x":-160,"y":1696,"z":0},"rotation":{"x":0,"y":0,"z":0},"scale":{"x":32,"y":16,"z":16}},{"class":"cube","position":{"x":-408,"y":1512,"z":0},"rotation":{"x":0,"y":0,"z":0},"scale":{"x":16,"y":80,"z":16}},{"class":"cube","position":{"x":-480,"y":2112,"z":0},"rotation":{"x":0,"y":0,"z":-0.7853981633974484},"scale":{"x":120,"y":48,"z":48}},{"class":"cube","position":{"x":-320,"y":2112,"z":0},"rotation":{"x":0,"y":0,"z":-0.7853981633974484},"scale":{"x":120,"y":48,"z":48}},{"class":"cube","position":{"x":-648,"y":2032,"z":0},"rotation":{"x":0,"y":0,"z":-0.7853981633974484},"scale":{"x":48,"y":48,"z":48}},{"class":"cube","position":{"x":-544,"y":2096,"z":0},"rotation":{"x":0,"y":0,"z":-0.7853981633974484},"scale":{"x":48,"y":48,"z":48}},{"class":"cube","position":{"x":-648,"y":2160,"z":0},"rotation":{"x":0,"y":0,"z":-0.7853981633974484},"scale":{"x":48,"y":48,"z":48}},{"class":"cube","position":{"x":-544,"y":2224,"z":0},"rotation":{"x":0,"y":0,"z":-0.7853981633974484},"scale":{"x":48,"y":48,"z":48}},{"class":"cube","position":{"x":-648,"y":2288,"z":0},"rotation":{"x":0,"y":0,"z":-0.7853981633974484},"scale":{"x":48,"y":48,"z":48}},{"class":"cube","position":{"x":-248,"y":2112,"z":0},"rotation":{"x":0,"y":0,"z":-0.7853981633974484},"scale":{"x":48,"y":120,"z":40}},{"class":"cube","position":{"x":-120,"y":2176,"z":0},"rotation":{"x":0,"y":0,"z":-0.7853981633974484},"scale":{"x":48,"y":48,"z":48}},{"class":"cube","position":{"x":-544,"y":2352,"z":0},"rotation":{"x":0,"y":0,"z":-0.7853981633974484},"scale":{"x":48,"y":48,"z":48}},{"class":"cube","position":{"x":-648,"y":2416,"z":0},"rotation":{"x":0,"y":0,"z":-0.7853981633974484},"scale":{"x":48,"y":48,"z":48}},{"class":"cube","position":{"x":-384,"y":2368,"z":0},"rotation":{"x":0,"y":0,"z":0},"scale":{"x":160,"y":16,"z":16}},{"class":"cube","position":{"x":-168,"y":2312,"z":0},"rotation":{"x":0,"y":0,"z":0},"scale":{"x":144,"y":16,"z":16}},{"class":"cube","position":{"x":-104,"y":2344,"z":0},"rotation":{"x":0,"y":0,"z":0},"scale":{"x":16,"y":80,"z":16}},{"class":"cube","position":{"x":-144,"y":2424,"z":0},"rotation":{"x":0,"y":0,"z":-0.7853981633974484},"scale":{"x":136,"y":16,"z":16}},{"class":"cube","position":{"x":-376,"y":2552,"z":0},"rotation":{"x":0,"y":0,"z":-0.2617993877991494},"scale":{"x":216,"y":16,"z":16}},{"class":"cube","position":{"x":-232,"y":2496,"z":0},"rotation":{"x":0,"y":0,"z":-0.5235987755982987},"scale":{"x":128,"y":16,"z":16}},{"class":"finish","position":{"x":-968,"y":2544,"z":0},"rotation":{"x":0,"y":0,"z":0},"scale":{"x":128,"y":128,"z":16}},{"class":"cube","position":{"x":-664,"y":264,"z":0},"rotation":{"x":0,"y":0,"z":-0.7853981633974484},"scale":{"x":32,"y":16,"z":16}},{"class":"cube","position":{"x":-800,"y":360,"z":0},"rotation":{"x":0,"y":0,"z":0.7853981633974484},"scale":{"x":24,"y":16,"z":16}}]}