{
  "name": "boxel-3d-sandbox",
  "version": "2",
  "children": [
    {
      "type": "light",
      "position": { "x": 0, "y": 4, "z": 0 },
      "status": 1,
      "lightType": "AmbientLight"
    },
    {
      "type": "player",
      "position": { "x": 8, "y": 0, "z": 0 },
      "scale": { "x": 1, "y": 1, "z": 1 },
      "status": 0
    },


    
    {
      "type": "cube",
      "id": "9183b20a-30b0-4cc7-be5e-8cf297fa3079",
      "model": { "name": "cube-tip" },
      "events": [
        {
          "name": "teleport",
          "value": { "x": 8, "y": 1, "z": 0 }
        }
      ],
      "position": { "x": -8, "y": 4, "z": 0 },
      "status": 1
    },
    {
      "type": "cube",
      "id": "a0721edb-820c-42e3-ac7e-4d4edaaa67c0",
      "parentId": "9183b20a-30b0-4cc7-be5e-8cf297fa3079",
      "position": { "x": -6, "y": 8, "z": 0 },
      "status": 0
    },
    {
      "type": "cube",
      "id": "57b034a2-1db0-466d-ad70-9fd96e225f83",
      "parentId": "a0721edb-820c-42e3-ac7e-4d4edaaa67c0",
      "position": { "x": -4, "y": 4, "z": 0 },
      "status": 0
    },
    {
      "type": "cube",
      "id": "649142c2-9d67-4bbc-93f2-a137a1a4b3da",
      "parentId": "57b034a2-1db0-466d-ad70-9fd96e225f83",
      "position": { "x": -2, "y": 8, "z": 0 },
      "status": 0
    },
    {
      "type": "bounce",
      "id": "97383ba1-3b9f-4ce6-9b3f-19e97c3e0e31",
      "parentId": "57b034a2-1db0-466d-ad70-9fd96e225f83",
      "position": { "x": 0, "y": 4, "z": 0 },
      "status": 0
    },
    {
      "type": "cube",
      "id": "f941d824-c311-4ff7-bf73-ec4c5103d213",
      "parentId": "97383ba1-3b9f-4ce6-9b3f-19e97c3e0e31",
      "position": { "x": 2, "y": 8, "z": 0 },
      "status": 0
    },



    {
      "type": "bounce",
      "position": { "x": 4, "y": 2, "z": 0 },
      "status": 0
    },
    {
      "type": "bounce",
      "position": { "x": 4, "y": 3, "z": 0 },
      "status": 0
    },
    {
      "type": "bounce",
      "position": { "x": 4, "y": 4, "z": 0 },
      "status": 0
    },
    {
      "type": "bounce",
      "position": { "x": 4, "y": 5, "z": 0 },
      "status": 0
    },



    
    {
      "type": "cube",
      "position": { "x": 0, "y": -1, "z": 0 },
      "scale": { "x": 25, "y": 1, "z": 1 },
      "status": 1
    },
    {
      "type": "cube",
      "position": { "x": 0, "y": 11, "z": 0 },
      "scale": { "x": 25, "y": 1, "z": 1 },
      "status": 1
    },
    {
      "type": "cube",
      "position": { "x": -12, "y": 5, "z": 0 },
      "scale": { "x": 1, "y": 11, "z": 1 },
      "status": 1
    },
    {
      "type": "cube",
      "position": { "x": 12, "y": 5, "z": 0 },
      "scale": { "x": 1, "y": 11, "z": 1 },
      "status": 1
    },
    {
      "type": "control",
      "position": { "x": 8, "y": 6, "z": 0 },
      "rotation": { "x": 0, "y": 0, "z": 1, "w": 0 },
      "scale": { "x": 2, "y": 2, "z": 2 },
      "status": 1
    }
  ]
}