{"name": "Campaign Level 22","children":[{"class":"player","position":{"x":-32,"y":32,"z":0},"rotation":{"x":0,"y":0,"z":0},"scale":{"x":16,"y":16,"z":16},"isStatic":false,"friction":0},{"class":"spike","position":{"x":504,"y":-32,"z":0},"rotation":{"x":0,"y":0,"z":0},"scale":{"x":16,"y":16,"z":16}},{"class":"spike","position":{"x":248,"y":-48,"z":0},"rotation":{"x":0,"y":0,"z":0},"scale":{"x":16,"y":16,"z":16}},{"class":"cube","position":{"x":248,"y":-64,"z":0},"rotation":{"x":0,"y":0,"z":0},"scale":{"x":"512","y":16,"z":16}},{"class":"cube","position":{"x":248,"y":128,"z":0},"rotation":{"x":0,"y":0,"z":0},"scale":{"x":"512","y":16,"z":16}},{"class":"cube","position":{"x":760,"y":112,"z":0},"rotation":{"x":0,"y":0,"z":0},"scale":{"x":"16","y":"16","z":16}},{"class":"cube","position":{"x":248,"y":96,"z":0},"rotation":{"x":0,"y":0,"z":0},"scale":{"x":"16","y":"48","z":16}},{"class":"spike","position":{"x":760,"y":-16,"z":0},"rotation":{"x":0,"y":0,"z":0},"scale":{"x":16,"y":16,"z":16}},{"class":"gravity","position":{"x":1272,"y":32,"z":0},"rotation":{"x":0,"y":0,"z":-3.141592653589793},"scale":{"x":16,"y":16,"z":16}},{"class":"cube","position":{"x":1016,"y":-32,"z":0},"rotation":{"x":0,"y":0,"z":0},"scale":{"x":"16","y":"48","z":16}},{"class":"spike","position":{"x":1016,"y":0,"z":0},"rotation":{"x":0,"y":0,"z":0},"scale":{"x":16,"y":16,"z":16}},{"class":"cube","position":{"x":0,"y":144,"z":0},"rotation":{"x":0,"y":0,"z":-0.5235987755982988},"scale":{"x":"32","y":"32","z":16}},{"class":"cube","position":{"x":-24,"y":112,"z":0},"rotation":{"x":0,"y":0,"z":0.5235987755982988},"scale":{"x":"64","y":16,"z":16}},{"class":"cube","position":{"x":1528,"y":-32,"z":0},"rotation":{"x":0,"y":0,"z":0},"scale":{"x":"16","y":"48","z":16}},{"class":"spike","position":{"x":1528,"y":0,"z":0},"rotation":{"x":0,"y":0,"z":0},"scale":{"x":16,"y":16,"z":16}},{"class":"cube","position":{"x":760,"y":-64,"z":0},"rotation":{"x":0,"y":0,"z":0},"scale":{"x":"512","y":16,"z":16}},{"class":"cube","position":{"x":760,"y":128,"z":0},"rotation":{"x":0,"y":0,"z":0},"scale":{"x":"512","y":16,"z":16}},{"class":"cube","position":{"x":0,"y":-80,"z":0},"rotation":{"x":0,"y":0,"z":0.5235987755982988},"scale":{"x":"32","y":"32","z":16}},{"class":"cube","position":{"x":2576,"y":112,"z":0},"rotation":{"x":0,"y":0,"z":-0.5235987755982988},"scale":{"x":"64","y":16,"z":16}},{"class":"cube","position":{"x":1272,"y":-64,"z":0},"rotation":{"x":0,"y":0,"z":0},"scale":{"x":"512","y":16,"z":16}},{"class":"cube","position":{"x":1272,"y":128,"z":0},"rotation":{"x":0,"y":0,"z":0},"scale":{"x":"512","y":16,"z":16}},{"class":"cube","position":{"x":2040,"y":104,"z":0},"rotation":{"x":0,"y":0,"z":0},"scale":{"x":16,"y":"32","z":16}},{"class":"spike","position":{"x":248,"y":64,"z":0},"rotation":{"x":0,"y":0,"z":-3.141592653589793},"scale":{"x":16,"y":16,"z":16}},{"class":"cube","position":{"x":1784,"y":-64,"z":0},"rotation":{"x":0,"y":0,"z":0},"scale":{"x":"512","y":16,"z":16}},{"class":"cube","position":{"x":1784,"y":128,"z":0},"rotation":{"x":0,"y":0,"z":0},"scale":{"x":"512","y":16,"z":16}},{"class":"cube","position":{"x":1784,"y":112,"z":0},"rotation":{"x":0,"y":0,"z":0},"scale":{"x":16,"y":16,"z":16}},{"class":"spike","position":{"x":1784,"y":96,"z":0},"rotation":{"x":0,"y":0,"z":-3.141592653589793},"scale":{"x":16,"y":16,"z":16}},{"class":"spike","position":{"x":2040,"y":80,"z":0},"rotation":{"x":0,"y":0,"z":-3.141592653589793},"scale":{"x":16,"y":16,"z":16}},{"class":"cube","position":{"x":2296,"y":96,"z":0},"rotation":{"x":0,"y":0,"z":0},"scale":{"x":"16","y":"48","z":16}},{"class":"spike","position":{"x":2296,"y":64,"z":0},"rotation":{"x":0,"y":0,"z":-3.141592653589793},"scale":{"x":16,"y":16,"z":16}},{"class":"gravity","position":{"x":2552,"y":32,"z":0},"rotation":{"x":0,"y":0,"z":0},"scale":{"x":16,"y":16,"z":16}},{"class":"cube","position":{"x":2296,"y":128,"z":0},"rotation":{"x":0,"y":0,"z":0},"scale":{"x":"512","y":16,"z":16}},{"class":"cube","position":{"x":2296,"y":-64,"z":0},"rotation":{"x":0,"y":0,"z":0},"scale":{"x":"512","y":16,"z":16}},{"class":"cube","position":{"x":-24,"y":-48,"z":0},"rotation":{"x":0,"y":0,"z":-0.5235987755982988},"scale":{"x":"64","y":16,"z":16}},{"class":"cube","position":{"x":2576,"y":-48,"z":0},"rotation":{"x":0,"y":0,"z":0.5235987755982988},"scale":{"x":"64","y":16,"z":16}},{"class":"cube","position":{"x":2552,"y":144,"z":0},"rotation":{"x":0,"y":0,"z":0.5235987755982988},"scale":{"x":"32","y":"32","z":16}},{"class":"cube","position":{"x":2552,"y":-80,"z":0},"rotation":{"x":0,"y":0,"z":-0.5235987755982988},"scale":{"x":"32","y":"32","z":16}},{"class":"spike","position":{"x":2296,"y":-48,"z":0},"rotation":{"x":0,"y":0,"z":0},"scale":{"x":16,"y":16,"z":16}},{"class":"spike","position":{"x":1784,"y":-16,"z":0},"rotation":{"x":0,"y":0,"z":0},"scale":{"x":16,"y":16,"z":16}},{"class":"cube","position":{"x":2040,"y":-48,"z":0},"rotation":{"x":0,"y":0,"z":0},"scale":{"x":16,"y":16,"z":16}},{"class":"cube","position":{"x":1784,"y":-40,"z":0},"rotation":{"x":0,"y":0,"z":0},"scale":{"x":16,"y":"32","z":16}},{"class":"spike","position":{"x":2040,"y":-32,"z":0},"rotation":{"x":0,"y":0,"z":0},"scale":{"x":16,"y":16,"z":16}},{"class":"cube","position":{"x":1272,"y":-32,"z":0},"rotation":{"x":0,"y":0,"z":0},"scale":{"x":"16","y":"48","z":16}},{"class":"spike","position":{"x":1272,"y":0,"z":0},"rotation":{"x":0,"y":0,"z":0},"scale":{"x":16,"y":16,"z":16}},{"class":"spike","position":{"x":1528,"y":112,"z":0},"rotation":{"x":0,"y":0,"z":-3.141592653589793},"scale":{"x":16,"y":16,"z":16}},{"class":"spike","position":{"x":1016,"y":112,"z":0},"rotation":{"x":0,"y":0,"z":-3.141592653589793},"scale":{"x":16,"y":16,"z":16}},{"class":"cube","position":{"x":504,"y":-48,"z":0},"rotation":{"x":0,"y":0,"z":0},"scale":{"x":"16","y":"16","z":16}},{"class":"cube","position":{"x":760,"y":-40,"z":0},"rotation":{"x":0,"y":0,"z":0},"scale":{"x":"16","y":"32","z":16}},{"class":"spike","position":{"x":760,"y":96,"z":0},"rotation":{"x":0,"y":0,"z":-3.141592653589793},"scale":{"x":16,"y":16,"z":16}},{"class":"cube","position":{"x":504,"y":104,"z":0},"rotation":{"x":0,"y":0,"z":0},"scale":{"x":"16","y":"32","z":16}},{"class":"spike","position":{"x":504,"y":80,"z":0},"rotation":{"x":0,"y":0,"z":-3.141592653589793},"scale":{"x":16,"y":16,"z":16}},{"class":"finish","position":{"x":-64,"y":32,"z":0},"rotation":{"x":0,"y":0,"z":0},"scale":{"x":16,"y":16,"z":16}}]}