{"name": "Campaign Level 18","children":[{"class":"player","position":{"x":-32,"y":39.999999999999886,"z":0},"rotation":{"x":0,"y":0,"z":0},"scale":{"x":16,"y":16,"z":"4"},"isStatic":false,"friction":0},{"class":"cube","position":{"x":72,"y":-56,"z":0},"rotation":{"x":0,"y":0,"z":-0.2617993877991494},"scale":{"x":"288","y":16,"z":16}},{"class":"bounce","position":{"x":344,"y":-160,"z":0},"rotation":{"x":0,"y":0,"z":0},"scale":{"x":"112","y":"16","z":16}},{"class":"cube","position":{"x":840,"y":-24,"z":0},"rotation":{"x":0,"y":0,"z":0},"scale":{"x":16,"y":16,"z":"4"}},{"class":"cube","position":{"x":672,"y":-24,"z":0},"rotation":{"x":0,"y":0,"z":0},"scale":{"x":16,"y":16,"z":"4"}},{"class":"cube","position":{"x":1784,"y":-256,"z":0},"rotation":{"x":0,"y":0,"z":1.0471975511965976},"scale":{"x":"512","y":16,"z":16}},{"class":"cube","position":{"x":1024,"y":88,"z":0},"rotation":{"x":0,"y":0,"z":0},"scale":{"x":"176","y":16,"z":16}},{"class":"spike","position":{"x":1096,"y":80,"z":0},"rotation":{"x":0,"y":0,"z":-3.141592653589793},"scale":{"x":"16","y":16,"z":"12"}},{"class":"spike","position":{"x":1080,"y":80,"z":0},"rotation":{"x":0,"y":0,"z":-3.141592653589793},"scale":{"x":"16","y":16,"z":"12"}},{"class":"spike","position":{"x":1064,"y":80,"z":0},"rotation":{"x":0,"y":0,"z":-3.141592653589793},"scale":{"x":"16","y":16,"z":"12"}},{"class":"spike","position":{"x":1032,"y":80,"z":0},"rotation":{"x":0,"y":0,"z":-3.141592653589793},"scale":{"x":"16","y":16,"z":"12"}},{"class":"spike","position":{"x":1016,"y":80,"z":0},"rotation":{"x":0,"y":0,"z":-3.141592653589793},"scale":{"x":"16","y":16,"z":"12"}},{"class":"spike","position":{"x":1000,"y":80,"z":0},"rotation":{"x":0,"y":0,"z":-3.141592653589793},"scale":{"x":"16","y":16,"z":"12"}},{"class":"spike","position":{"x":968,"y":80,"z":0},"rotation":{"x":0,"y":0,"z":-3.141592653589793},"scale":{"x":"16","y":16,"z":"12"}},{"class":"spike","position":{"x":1048,"y":80,"z":0},"rotation":{"x":0,"y":0,"z":-3.141592653589793},"scale":{"x":"16","y":16,"z":"12"}},{"class":"spike","position":{"x":952,"y":80,"z":0},"rotation":{"x":0,"y":0,"z":-3.141592653589793},"scale":{"x":"16","y":16,"z":"12"}},{"class":"spike","position":{"x":984,"y":80,"z":0},"rotation":{"x":0,"y":0,"z":-3.141592653589793},"scale":{"x":"16","y":16,"z":"12"}},{"class":"cube","position":{"x":1224,"y":-256,"z":0},"rotation":{"x":0,"y":0,"z":-1.0471975511965976},"scale":{"x":"512","y":16,"z":16}},{"class":"spike","position":{"x":1296,"y":-360,"z":0},"rotation":{"x":0,"y":0,"z":-1.0471975511965976},"scale":{"x":16,"y":16,"z":"12"}},{"class":"spike","position":{"x":1304,"y":-376,"z":0},"rotation":{"x":0,"y":0,"z":-1.0471975511965976},"scale":{"x":16,"y":16,"z":"12"}},{"class":"spike","position":{"x":1312,"y":-392,"z":0},"rotation":{"x":0,"y":0,"z":-1.0471975511965976},"scale":{"x":16,"y":16,"z":"12"}},{"class":"spike","position":{"x":1288,"y":-344,"z":0},"rotation":{"x":0,"y":0,"z":-1.0471975511965976},"scale":{"x":16,"y":16,"z":"12"}},{"class":"cube","position":{"x":1192,"y":-48,"z":0},"rotation":{"x":0,"y":0,"z":0},"scale":{"x":16,"y":16,"z":"4"}},{"class":"cube","position":{"x":1272,"y":-48,"z":0},"rotation":{"x":0,"y":0,"z":0},"scale":{"x":16,"y":16,"z":"4"}},{"class":"cube","position":{"x":1352,"y":-48,"z":0},"rotation":{"x":0,"y":0,"z":0},"scale":{"x":16,"y":16,"z":"4"}},{"class":"cube","position":{"x":1424,"y":-48,"z":0},"rotation":{"x":0,"y":0,"z":0},"scale":{"x":16,"y":16,"z":"4"}},{"class":"cube","position":{"x":1504,"y":-48,"z":0},"rotation":{"x":0,"y":0,"z":0},"scale":{"x":16,"y":16,"z":"4"}},{"class":"cube","position":{"x":1584,"y":-48,"z":0},"rotation":{"x":0,"y":0,"z":0},"scale":{"x":16,"y":"16","z":"4"}},{"class":"cube","position":{"x":1672,"y":-48,"z":0},"rotation":{"x":0,"y":0,"z":0},"scale":{"x":16,"y":16,"z":"4"}},{"class":"cube","position":{"x":1752,"y":-48,"z":0},"rotation":{"x":0,"y":0,"z":0},"scale":{"x":16,"y":16,"z":"4"}},{"class":"cube","position":{"x":1832,"y":-48,"z":0},"rotation":{"x":0,"y":0,"z":0},"scale":{"x":16,"y":16,"z":"4"}},{"class":"cube","position":{"x":1232,"y":-104,"z":0},"rotation":{"x":0,"y":0,"z":0},"scale":{"x":16,"y":16,"z":"4"}},{"class":"cube","position":{"x":1312,"y":-104,"z":0},"rotation":{"x":0,"y":0,"z":0},"scale":{"x":16,"y":16,"z":"4"}},{"class":"cube","position":{"x":1384,"y":-104,"z":0},"rotation":{"x":0,"y":0,"z":0},"scale":{"x":16,"y":16,"z":"4"}},{"class":"cube","position":{"x":1456,"y":-104,"z":0},"rotation":{"x":0,"y":0,"z":0},"scale":{"x":16,"y":16,"z":"4"}},{"class":"cube","position":{"x":1536,"y":-104,"z":0},"rotation":{"x":0,"y":0,"z":0},"scale":{"x":16,"y":16,"z":"4"}},{"class":"cube","position":{"x":1632,"y":-104,"z":0},"rotation":{"x":0,"y":0,"z":0},"scale":{"x":16,"y":16,"z":"4"}},{"class":"cube","position":{"x":1712,"y":-104,"z":0},"rotation":{"x":0,"y":0,"z":0},"scale":{"x":16,"y":16,"z":"4"}},{"class":"cube","position":{"x":1792,"y":-104,"z":0},"rotation":{"x":0,"y":0,"z":0},"scale":{"x":16,"y":16,"z":"4"}},{"class":"cube","position":{"x":1280,"y":-160,"z":0},"rotation":{"x":0,"y":0,"z":0},"scale":{"x":16,"y":16,"z":"4"}},{"class":"cube","position":{"x":1352,"y":-160,"z":0},"rotation":{"x":0,"y":0,"z":0},"scale":{"x":16,"y":16,"z":"4"}},{"class":"cube","position":{"x":1416,"y":-160,"z":0},"rotation":{"x":0,"y":0,"z":0},"scale":{"x":16,"y":16,"z":"4"}},{"class":"cube","position":{"x":1496,"y":-160,"z":0},"rotation":{"x":0,"y":0,"z":0},"scale":{"x":16,"y":16,"z":"4"}},{"class":"cube","position":{"x":1584,"y":-160,"z":0},"rotation":{"x":0,"y":0,"z":0},"scale":{"x":16,"y":16,"z":"4"}},{"class":"cube","position":{"x":1672,"y":-160,"z":0},"rotation":{"x":0,"y":0,"z":0},"scale":{"x":16,"y":16,"z":"4"}},{"class":"cube","position":{"x":1752,"y":-160,"z":0},"rotation":{"x":0,"y":0,"z":0},"scale":{"x":16,"y":16,"z":"4"}},{"class":"cube","position":{"x":1712,"y":-216,"z":0},"rotation":{"x":0,"y":0,"z":0},"scale":{"x":16,"y":16,"z":"4"}},{"class":"cube","position":{"x":1624,"y":-216,"z":0},"rotation":{"x":0,"y":0,"z":0},"scale":{"x":16,"y":16,"z":"4"}},{"class":"cube","position":{"x":1544,"y":-216,"z":0},"rotation":{"x":0,"y":0,"z":0},"scale":{"x":16,"y":16,"z":"4"}},{"class":"cube","position":{"x":1456,"y":-216,"z":0},"rotation":{"x":0,"y":0,"z":0},"scale":{"x":16,"y":16,"z":"4"}},{"class":"cube","position":{"x":1384,"y":-216,"z":0},"rotation":{"x":0,"y":0,"z":0},"scale":{"x":16,"y":16,"z":"4"}},{"class":"cube","position":{"x":1320,"y":-216,"z":0},"rotation":{"x":0,"y":0,"z":0},"scale":{"x":16,"y":16,"z":"4"}},{"class":"cube","position":{"x":1360,"y":-272,"z":0},"rotation":{"x":0,"y":0,"z":0},"scale":{"x":16,"y":16,"z":"4"}},{"class":"cube","position":{"x":1424,"y":-272,"z":0},"rotation":{"x":0,"y":0,"z":0},"scale":{"x":16,"y":16,"z":"4"}},{"class":"cube","position":{"x":1496,"y":-272,"z":0},"rotation":{"x":0,"y":0,"z":0},"scale":{"x":16,"y":16,"z":"4"}},{"class":"cube","position":{"x":1584,"y":-272,"z":0},"rotation":{"x":0,"y":0,"z":0},"scale":{"x":16,"y":16,"z":"4"}},{"class":"cube","position":{"x":1672,"y":-272,"z":0},"rotation":{"x":0,"y":0,"z":0},"scale":{"x":16,"y":16,"z":"4"}},{"class":"cube","position":{"x":1624,"y":-328,"z":0},"rotation":{"x":0,"y":0,"z":0},"scale":{"x":16,"y":16,"z":"4"}},{"class":"cube","position":{"x":1544,"y":-328,"z":0},"rotation":{"x":0,"y":0,"z":0},"scale":{"x":16,"y":16,"z":"4"}},{"class":"cube","position":{"x":1464,"y":-328,"z":0},"rotation":{"x":0,"y":0,"z":0},"scale":{"x":16,"y":16,"z":"4"}},{"class":"cube","position":{"x":1392,"y":-328,"z":0},"rotation":{"x":0,"y":0,"z":0},"scale":{"x":16,"y":16,"z":"4"}},{"class":"cube","position":{"x":1432,"y":-376,"z":0},"rotation":{"x":0,"y":0,"z":0},"scale":{"x":16,"y":16,"z":"4"}},{"class":"cube","position":{"x":1504,"y":-376,"z":0},"rotation":{"x":0,"y":0,"z":0},"scale":{"x":16,"y":16,"z":"4"}},{"class":"cube","position":{"x":1584,"y":-376,"z":0},"rotation":{"x":0,"y":0,"z":0},"scale":{"x":16,"y":16,"z":"4"}},{"class":"cube","position":{"x":1472,"y":-424,"z":0},"rotation":{"x":0,"y":0,"z":0},"scale":{"x":16,"y":16,"z":"4"}},{"class":"finish","position":{"x":1512,"y":-616,"z":0},"rotation":{"x":0,"y":0,"z":0},"scale":{"x":"112","y":16,"z":"4"}},{"class":"spike","position":{"x":1576,"y":-616,"z":0},"rotation":{"x":0,"y":0,"z":0},"scale":{"x":"16","y":"16","z":"16"}},{"class":"spike","position":{"x":1416,"y":-616,"z":0},"rotation":{"x":0,"y":0,"z":0},"scale":{"x":"16","y":"16","z":"16"}},{"class":"spike","position":{"x":1432,"y":-616,"z":0},"rotation":{"x":0,"y":0,"z":0},"scale":{"x":"16","y":"16","z":"16"}},{"class":"spike","position":{"x":1592,"y":-616,"z":0},"rotation":{"x":0,"y":0,"z":0},"scale":{"x":"16","y":"16","z":"16"}},{"class":"spike","position":{"x":1608,"y":-616,"z":0},"rotation":{"x":0,"y":0,"z":0},"scale":{"x":"16","y":"16","z":"16"}},{"class":"spike","position":{"x":1448,"y":-616,"z":0},"rotation":{"x":0,"y":0,"z":0},"scale":{"x":"16","y":"16","z":"16"}},{"class":"cube","position":{"x":1552,"y":-424,"z":0},"rotation":{"x":0,"y":0,"z":0},"scale":{"x":16,"y":16,"z":"4"}},{"class":"cube","position":{"x":192,"y":-280,"z":0},"rotation":{"x":0,"y":0,"z":0},"scale":{"x":16,"y":"384","z":"4"}},{"class":"cube","position":{"x":-40,"y":-216,"z":0},"rotation":{"x":0,"y":0,"z":0},"scale":{"x":16,"y":"384","z":"4"}},{"class":"bounce","position":{"x":80,"y":-72,"z":0},"rotation":{"x":0,"y":0,"z":2.8797932657906435},"scale":{"x":16,"y":16,"z":"12"}},{"class":"cube","position":{"x":344,"y":-424,"z":0},"rotation":{"x":0,"y":0,"z":0},"scale":{"x":"16","y":"512","z":"4"}},{"class":"tip","position":{"x":32,"y":72,"z":0},"rotation":{"x":0,"y":0,"z":0},"scale":{"x":"16","y":"16","z":16},"text":"levels.campaign_level_18"},{"class":"cube","position":{"x":704,"y":-32,"z":0},"rotation":{"x":0,"y":0,"z":0},"scale":{"x":"496","y":16,"z":16}},{"class":"spike","position":{"x":-40,"y":-416,"z":0},"rotation":{"x":0,"y":0,"z":-3.141592653589793},"scale":{"x":16,"y":16,"z":"12"}},{"class":"spike","position":{"x":192,"y":-480,"z":0},"rotation":{"x":0,"y":0,"z":-3.141592653589793},"scale":{"x":16,"y":16,"z":"12"}},{"class":"spike","position":{"x":344,"y":-688,"z":0},"rotation":{"x":0,"y":0,"z":-3.141592653589793},"scale":{"x":16,"y":16,"z":16}},{"class":"spike","position":{"x":200,"y":-80,"z":0},"rotation":{"x":0,"y":0,"z":-0.2617993877991494},"scale":{"x":"16","y":16,"z":"12"},"text":"Do not touch the spikes!"}]}