{"name": "Campaign Level 9","children":[{"class":"player","position":{"x":-40,"y":56,"z":0},"rotation":{"x":0,"y":0,"z":0},"scale":{"x":16,"y":16,"z":16},"isStatic":false,"friction":0},{"class":"cube","position":{"x":-16,"y":8,"z":0},"rotation":{"x":0,"y":0,"z":-0.7853981633974483},"scale":{"x":"96","y":16,"z":16}},{"class":"cube","position":{"x":344,"y":56,"z":0},"rotation":{"x":0,"y":0,"z":0},"scale":{"x":"512","y":16,"z":16}},{"class":"cube","position":{"x":624,"y":64,"z":0},"rotation":{"x":0,"y":0,"z":0},"scale":{"x":"48","y":"16","z":16}},{"class":"cube","position":{"x":672,"y":72,"z":0},"rotation":{"x":0,"y":0,"z":0},"scale":{"x":"48","y":"16","z":16}},{"class":"cube","position":{"x":720,"y":80,"z":0},"rotation":{"x":0,"y":0,"z":0},"scale":{"x":"48","y":"16","z":16}},{"class":"cube","position":{"x":768,"y":88,"z":0},"rotation":{"x":0,"y":0,"z":0},"scale":{"x":"48","y":"16","z":16}},{"class":"cube","position":{"x":1048,"y":96,"z":0},"rotation":{"x":0,"y":0,"z":0},"scale":{"x":"512","y":"16","z":16}},{"class":"cube","position":{"x":1320,"y":16,"z":0},"rotation":{"x":0,"y":0,"z":0},"scale":{"x":"64","y":16,"z":16}},{"class":"cube","position":{"x":1376,"y":-32,"z":0},"rotation":{"x":0,"y":0,"z":0},"scale":{"x":"48","y":16,"z":16}},{"class":"bounce","position":{"x":1376,"y":-8,"z":0},"rotation":{"x":0,"y":0,"z":0},"scale":{"x":"48","y":"32","z":16}},{"class":"cube","position":{"x":1408,"y":40,"z":0},"rotation":{"x":0,"y":0,"z":0},"scale":{"x":16,"y":"160","z":16}},{"class":"cube","position":{"x":1344,"y":-16,"z":0},"rotation":{"x":0,"y":0,"z":0},"scale":{"x":16,"y":"48","z":16}},{"class":"cube","position":{"x":1403,"y":131,"z":0},"rotation":{"x":0,"y":0,"z":0.5235987755982988},"scale":{"x":16,"y":16,"z":16}},{"class":"cube","position":{"x":1392,"y":145,"z":0},"rotation":{"x":0,"y":0,"z":0.7853981633974483},"scale":{"x":16,"y":16,"z":16}},{"class":"cube","position":{"x":1378,"y":156,"z":0},"rotation":{"x":0,"y":0,"z":1.0471975511965976},"scale":{"x":16,"y":16,"z":16}},{"class":"cube","position":{"x":1362,"y":163,"z":0},"rotation":{"x":0,"y":0,"z":1.3089969389957472},"scale":{"x":16,"y":16,"z":16}},{"class":"finish","position":{"x":96,"y":72,"z":0},"rotation":{"x":0,"y":0,"z":0},"scale":{"x":16,"y":16,"z":16}},{"class":"cube","position":{"x":1345,"y":165,"z":0},"rotation":{"x":0,"y":0,"z":0},"scale":{"x":16,"y":16,"z":16}},{"class":"spike","position":{"x":1088,"y":112,"z":0},"rotation":{"x":0,"y":0,"z":0},"scale":{"x":16,"y":16,"z":16},"text":"Do not touch the spikes!"},{"class":"cube","position":{"x":40,"y":-40,"z":0},"rotation":{"x":0,"y":0,"z":-0.2617993877991494},"scale":{"x":"96","y":"48","z":16}},{"class":"cube","position":{"x":1088,"y":88,"z":0},"rotation":{"x":0,"y":0,"z":0},"scale":{"x":16,"y":16,"z":16}},{"class":"spike","position":{"x":80,"y":136,"z":0},"rotation":{"x":0,"y":0,"z":1.5707963267948966},"scale":{"x":16,"y":16,"z":16}},{"class":"spike","position":{"x":80,"y":56,"z":0},"rotation":{"x":0,"y":0,"z":1.5707963267948966},"scale":{"x":16,"y":16,"z":16}},{"class":"spike","position":{"x":80,"y":72,"z":0},"rotation":{"x":0,"y":0,"z":1.5707963267948966},"scale":{"x":16,"y":16,"z":16}},{"class":"spike","position":{"x":80,"y":88,"z":0},"rotation":{"x":0,"y":0,"z":1.5707963267948966},"scale":{"x":16,"y":16,"z":16}},{"class":"spike","position":{"x":80,"y":104,"z":0},"rotation":{"x":0,"y":0,"z":1.5707963267948966},"scale":{"x":16,"y":16,"z":16}},{"class":"spike","position":{"x":80,"y":120,"z":0},"rotation":{"x":0,"y":0,"z":1.5707963267948966},"scale":{"x":16,"y":16,"z":16}}]}