{"name": "Campaign Level 1","children":[{"class":"player","position":{"x":-74,"y":22,"z":0},"rotation":{"x":0,"y":0,"z":3.0456787885366197e-16},"scale":{"x":16,"y":16,"z":16},"isStatic":false,"friction":0},{"class":"cube","position":{"x":-13,"y":-30,"z":0},"rotation":{"x":0,"y":0,"z":-0.7853981633974483},"scale":{"x":"32","y":16,"z":16}},{"class":"cube","position":{"x":9,"y":-46,"z":0},"rotation":{"x":0,"y":0,"z":-0.5235987755982988},"scale":{"x":"32","y":16,"z":16}},{"class":"cube","position":{"x":36,"y":-57,"z":0},"rotation":{"x":0,"y":0,"z":-0.2617993877991494},"scale":{"x":"32","y":16,"z":16}},{"class":"cube","position":{"x":151,"y":-61,"z":0},"rotation":{"x":0,"y":0,"z":0},"scale":{"x":"208","y":16,"z":16}},{"class":"cube","position":{"x":-36,"y":-12,"z":0},"rotation":{"x":0,"y":0,"z":-0.5235987755982988},"scale":{"x":"32","y":16,"z":16}},{"class":"cube","position":{"x":-63,"y":0,"z":0},"rotation":{"x":0,"y":0,"z":-0.2617993877991494},"scale":{"x":"32","y":16,"z":16}},{"class":"cube","position":{"x":-92,"y":4,"z":0},"rotation":{"x":0,"y":0,"z":0},"scale":{"x":"32","y":16,"z":16}},{"class":"cube","position":{"x":400,"y":-61,"z":0},"rotation":{"x":0,"y":0,"z":0},"scale":{"x":"144","y":16,"z":16}},{"class":"cube","position":{"x":582,"y":-46,"z":0},"rotation":{"x":0,"y":0,"z":0},"scale":{"x":"16","y":"272","z":16}},{"class":"cube","position":{"x":579,"y":-194,"z":0},"rotation":{"x":0,"y":0,"z":-0.2617993877991494},"scale":{"x":"16","y":"32","z":16}},{"class":"cube","position":{"x":568,"y":-221,"z":0},"rotation":{"x":0,"y":0,"z":-0.5235987755982988},"scale":{"x":16,"y":"32","z":16}},{"class":"cube","position":{"x":550,"y":-245,"z":0},"rotation":{"x":0,"y":0,"z":-0.7853981633974483},"scale":{"x":"16","y":"32","z":16}},{"class":"cube","position":{"x":527,"y":-263,"z":0},"rotation":{"x":0,"y":0,"z":0.5235987755982988},"scale":{"x":"32","y":16,"z":16}},{"class":"cube","position":{"x":501,"y":-274,"z":0},"rotation":{"x":0,"y":0,"z":0.2617993877991494},"scale":{"x":"32","y":16,"z":16}},{"class":"cube","position":{"x":411,"y":-278,"z":0},"rotation":{"x":0,"y":0,"z":0},"scale":{"x":"160","y":16,"z":16}},{"class":"cube","position":{"x":255,"y":-65,"z":0},"rotation":{"x":0,"y":0,"z":0.7853981633974483},"scale":{"x":16,"y":16,"z":16}},{"class":"cube","position":{"x":328,"y":-64,"z":0},"rotation":{"x":0,"y":0,"z":0.7853981633974483},"scale":{"x":16,"y":16,"z":16}},{"class":"cube","position":{"x":197,"y":-304,"z":0},"rotation":{"x":0,"y":0,"z":0},"scale":{"x":"112","y":16,"z":16}},{"class":"cube","position":{"x":324,"y":-128,"z":0},"rotation":{"x":0,"y":0,"z":0},"scale":{"x":16,"y":"128","z":16}},{"class":"cube","position":{"x":258,"y":-129,"z":0},"rotation":{"x":0,"y":0,"z":0},"scale":{"x":16,"y":"128","z":16}},{"class":"cube","position":{"x":266,"y":-142,"z":0},"rotation":{"x":0,"y":0,"z":-0.7853981633974483},"scale":{"x":16,"y":16,"z":16}},{"class":"cube","position":{"x":138,"y":-301,"z":0},"rotation":{"x":0,"y":0,"z":-0.2617993877991494},"scale":{"x":"32","y":16,"z":16}},{"class":"cube","position":{"x":111,"y":-290,"z":0},"rotation":{"x":0,"y":0,"z":-0.5235987755982988},"scale":{"x":"32","y":16,"z":16}},{"class":"cube","position":{"x":88,"y":-272,"z":0},"rotation":{"x":0,"y":0,"z":-0.7853981633974483},"scale":{"x":"32","y":16,"z":16}},{"class":"cube","position":{"x":70,"y":-248,"z":0},"rotation":{"x":0,"y":0,"z":0.5235987755982988},"scale":{"x":"16","y":"32","z":16}},{"class":"cube","position":{"x":59,"y":-221,"z":0},"rotation":{"x":0,"y":0,"z":0.2617993877991494},"scale":{"x":16,"y":"32","z":16}},{"class":"cube","position":{"x":55,"y":-160,"z":0},"rotation":{"x":0,"y":0,"z":0},"scale":{"x":16,"y":"96","z":16}},{"class":"cube","position":{"x":63,"y":-104,"z":0},"rotation":{"x":0,"y":0,"z":0},"scale":{"x":"32","y":16,"z":16}},{"class":"cube","position":{"x":380,"y":-366,"z":0},"rotation":{"x":0,"y":0,"z":0},"scale":{"x":"96","y":16,"z":16}},{"class":"finish","position":{"x":420,"y":-350,"z":0},"rotation":{"x":0,"y":0,"z":0},"scale":{"x":16,"y":16,"z":16}},{"class":"cube","position":{"x":289,"y":18,"z":0},"rotation":{"x":0,"y":0,"z":0},"scale":{"x":"128","y":16,"z":16}},{"class":"tip","position":{"x":72,"y":-120,"z":0},"rotation":{"x":0,"y":0,"z":0},"scale":{"x":16,"y":16,"z":16},"text":"levels.campaign_level_1"}]}