{"name": "Campaign Level 21","children":[{"class":"player","position":{"x":-8,"y":-63.999999999999986,"z":0},"rotation":{"x":0,"y":0,"z":0},"scale":{"x":16,"y":16,"z":16},"isStatic":false,"friction":0},{"class":"cube","position":{"x":-216,"y":32,"z":0},"rotation":{"x":0,"y":0,"z":-1.5707963267948966},"scale":{"x":"176","y":"16","z":16}},{"class":"finish","position":{"x":-8,"y":144,"z":0},"rotation":{"x":0,"y":0,"z":0},"scale":{"x":"16","y":"16","z":16},"isStatic":false,"friction":0},{"class":"gravity","position":{"x":-136,"y":144,"z":0},"rotation":{"x":0,"y":0,"z":0},"scale":{"x":16,"y":"16","z":16}},{"class":"cube","position":{"x":-176,"y":-24,"z":0},"rotation":{"x":0,"y":0,"z":0.7853981633974483},"scale":{"x":"16","y":"112","z":16}},{"class":"cube","position":{"x":-8,"y":368,"z":0},"rotation":{"x":0,"y":0,"z":-1.5707963267948966},"scale":{"x":"16","y":"80","z":16}},{"class":"cube","position":{"x":-216,"y":256,"z":0},"rotation":{"x":0,"y":0,"z":-1.5707963267948966},"scale":{"x":"176","y":16,"z":16}},{"class":"gravity","position":{"x":-8,"y":272,"z":0},"rotation":{"x":0,"y":0,"z":-1.5707963267948966},"scale":{"x":"16","y":"16","z":16}},{"class":"cube","position":{"x":0,"y":160,"z":0},"rotation":{"x":0,"y":0,"z":0},"scale":{"x":"32","y":"16","z":16}},{"class":"cube","position":{"x":-16,"y":256,"z":0},"rotation":{"x":0,"y":0,"z":0},"scale":{"x":"224","y":16,"z":16}},{"class":"cube","position":{"x":-176,"y":312,"z":0},"rotation":{"x":0,"y":0,"z":2.356194490192345},"scale":{"x":"16","y":"112","z":16}},{"class":"cube","position":{"x":-128,"y":352,"z":0},"rotation":{"x":0,"y":0,"z":0},"scale":{"x":"192","y":"16","z":16}},{"class":"cube","position":{"x":-232,"y":144,"z":0},"rotation":{"x":0,"y":0,"z":0},"scale":{"x":"16","y":"80","z":16}},{"class":"gravity","position":{"x":-8,"y":16,"z":0},"rotation":{"x":0,"y":0,"z":1.5707963267948966},"scale":{"x":"16","y":"16","z":16}},{"class":"cube","position":{"x":-128,"y":-64,"z":0},"rotation":{"x":0,"y":0,"z":0},"scale":{"x":"192","y":16,"z":16}},{"class":"cube","position":{"x":160,"y":-24,"z":0},"rotation":{"x":0,"y":0,"z":2.356194490192345},"scale":{"x":"16","y":"112","z":16}},{"class":"cube","position":{"x":216,"y":144,"z":0},"rotation":{"x":0,"y":0,"z":0},"scale":{"x":"16","y":"80","z":16}},{"class":"cube","position":{"x":104,"y":-64,"z":0},"rotation":{"x":0,"y":0,"z":0},"scale":{"x":"176","y":16,"z":16}},{"class":"cube","position":{"x":160,"y":312,"z":0},"rotation":{"x":0,"y":0,"z":0.7853981633974483},"scale":{"x":"16","y":"112","z":16}},{"class":"gravity","position":{"x":120,"y":144,"z":0},"rotation":{"x":0,"y":0,"z":3.141592653589793},"scale":{"x":16,"y":"16","z":16}},{"class":"cube","position":{"x":8,"y":136,"z":0},"rotation":{"x":0,"y":0,"z":-1.5707963267948966},"scale":{"x":"32","y":16,"z":16}},{"class":"cube","position":{"x":104,"y":352,"z":0},"rotation":{"x":0,"y":0,"z":-3.141592653589793},"scale":{"x":"176","y":16,"z":16}},{"class":"cube","position":{"x":-8,"y":-80,"z":0},"rotation":{"x":0,"y":0,"z":-1.5707963267948966},"scale":{"x":"16","y":"80","z":16}},{"class":"cube","position":{"x":200,"y":264,"z":0},"rotation":{"x":0,"y":0,"z":-1.5707963267948966},"scale":{"x":"192","y":"16","z":16}},{"class":"cube","position":{"x":200,"y":24,"z":0},"rotation":{"x":0,"y":0,"z":-1.5707963267948966},"scale":{"x":"192","y":16,"z":16}},{"class":"cube","position":{"x":-120,"y":136,"z":0},"rotation":{"x":0,"y":0,"z":0},"scale":{"x":16,"y":"224","z":16}},{"class":"cube","position":{"x":104,"y":152,"z":0},"rotation":{"x":0,"y":0,"z":-1.5707963267948966},"scale":{"x":"224","y":16,"z":16}},{"class":"cube","position":{"x":8,"y":32,"z":0},"rotation":{"x":0,"y":0,"z":0},"scale":{"x":"208","y":"16","z":16}},{"class":"cube","position":{"x":-88,"y":136,"z":0},"rotation":{"x":0,"y":0,"z":-1.5707963267948966},"scale":{"x":"192","y":16,"z":16}},{"class":"cube","position":{"x":0,"y":224,"z":0},"rotation":{"x":0,"y":0,"z":0},"scale":{"x":"160","y":"16","z":16}},{"class":"cube","position":{"x":72,"y":136,"z":0},"rotation":{"x":0,"y":0,"z":-1.5707963267948966},"scale":{"x":"160","y":16,"z":16}},{"class":"cube","position":{"x":0,"y":64,"z":0},"rotation":{"x":0,"y":0,"z":0},"scale":{"x":"128","y":"16","z":16}},{"class":"cube","position":{"x":-56,"y":136,"z":0},"rotation":{"x":0,"y":0,"z":-1.5707963267948966},"scale":{"x":"128","y":16,"z":16}},{"class":"cube","position":{"x":0,"y":192,"z":0},"rotation":{"x":0,"y":0,"z":0},"scale":{"x":"96","y":"16","z":16}},{"class":"cube","position":{"x":40,"y":136,"z":0},"rotation":{"x":0,"y":0,"z":-1.5707963267948966},"scale":{"x":"96","y":16,"z":16}},{"class":"cube","position":{"x":0,"y":96,"z":0},"rotation":{"x":0,"y":0,"z":0},"scale":{"x":"64","y":"16","z":16}},{"class":"cube","position":{"x":-24,"y":136,"z":0},"rotation":{"x":0,"y":0,"z":-1.5707963267948966},"scale":{"x":"64","y":16,"z":16}}]}