{"name": "Campaign Level 12","children":[{"class":"player","position":{"x":-16,"y":23.999999999999996,"z":0},"rotation":{"x":0,"y":0,"z":1.8294170976956223},"scale":{"x":16,"y":16,"z":16},"isStatic":false,"friction":0},{"class":"cube","position":{"x":-16,"y":-16,"z":0},"rotation":{"x":0,"y":0,"z":-1.0471975511965976},"scale":{"x":64,"y":16,"z":16}},{"class":"cube","position":{"x":24,"y":-56,"z":0},"rotation":{"x":0,"y":0,"z":-0.5235987755982988},"scale":{"x":"48","y":16,"z":16}},{"class":"cube","position":{"x":56,"y":-64,"z":0},"rotation":{"x":0,"y":0,"z":0},"scale":{"x":"48","y":16,"z":16}},{"class":"cube","position":{"x":36,"y":-72,"z":0},"rotation":{"x":0,"y":0,"z":-0.2617993877991494},"scale":{"x":"32","y":"32","z":16}},{"class":"cube","position":{"x":-6,"y":-48,"z":0},"rotation":{"x":0,"y":0,"z":-0.7853981633974483},"scale":{"x":"32","y":"32","z":16}},{"class":"cube","position":{"x":264,"y":-56,"z":0},"rotation":{"x":0,"y":0,"z":0},"scale":{"x":"48","y":"48","z":16}},{"class":"cube","position":{"x":504,"y":-56,"z":0},"rotation":{"x":0,"y":0,"z":0},"scale":{"x":"48","y":"48","z":16}},{"class":"cube","position":{"x":744,"y":-56,"z":0},"rotation":{"x":0,"y":0,"z":0},"scale":{"x":"48","y":"48","z":16}},{"class":"finish","position":{"x":1704,"y":-104,"z":0},"rotation":{"x":0,"y":0,"z":0},"scale":{"x":"48","y":"48","z":16}},{"class":"cube","position":{"x":984,"y":-56,"z":0},"rotation":{"x":0,"y":0,"z":0},"scale":{"x":"48","y":"48","z":16}},{"class":"cube","position":{"x":1224,"y":-56,"z":0},"rotation":{"x":0,"y":0,"z":0},"scale":{"x":"48","y":"48","z":16}},{"class":"cube","position":{"x":1464,"y":-56,"z":0},"rotation":{"x":0,"y":0,"z":0},"scale":{"x":"48","y":"48","z":16}},{"class":"spike","position":{"x":1704,"y":-56,"z":0},"rotation":{"x":0,"y":0,"z":0},"scale":{"x":"48","y":"48","z":16}}]}