{"name": "Campaign Level 19","children":[{"class":"player","position":{"x":-16,"y":-32,"z":0},"rotation":{"x":0,"y":0,"z":0},"scale":{"x":16,"y":16,"z":"4"},"isStatic":false,"friction":0},{"class":"cube","position":{"x":0,"y":-64,"z":0},"rotation":{"x":0,"y":0,"z":0},"scale":{"x":64,"y":16,"z":16}},{"class":"cube","position":{"x":-48,"y":184,"z":0},"rotation":{"x":0,"y":0,"z":1.5707963267948966},"scale":{"x":"512","y":"32","z":16}},{"class":"cube","position":{"x":-32,"y":8,"z":0},"rotation":{"x":0,"y":0,"z":-0.7853981633974483},"scale":{"x":"32","y":16,"z":16}},{"class":"cube","position":{"x":-32,"y":368,"z":0},"rotation":{"x":0,"y":0,"z":-0.7853981633974483},"scale":{"x":"32","y":16,"z":16}},{"class":"cube","position":{"x":32,"y":48,"z":0},"rotation":{"x":0,"y":0,"z":0.7853981633974483},"scale":{"x":"32","y":16,"z":16}},{"class":"cube","position":{"x":-32,"y":88,"z":0},"rotation":{"x":0,"y":0,"z":-0.7853981633974483},"scale":{"x":"32","y":16,"z":16}},{"class":"cube","position":{"x":32,"y":128,"z":0},"rotation":{"x":0,"y":0,"z":0.7853981633974483},"scale":{"x":"32","y":16,"z":16}},{"class":"cube","position":{"x":32,"y":216,"z":0},"rotation":{"x":0,"y":0,"z":0.7853981633974483},"scale":{"x":"32","y":16,"z":16}},{"class":"cube","position":{"x":-32,"y":176,"z":0},"rotation":{"x":0,"y":0,"z":-0.7853981633974483},"scale":{"x":"32","y":16,"z":16}},{"class":"cube","position":{"x":192,"y":424,"z":0},"rotation":{"x":0,"y":0,"z":0},"scale":{"x":"256","y":"32","z":16}},{"class":"cube","position":{"x":-48,"y":488,"z":0},"rotation":{"x":0,"y":0,"z":1.5707963267948966},"scale":{"x":"96","y":"32","z":16}},{"class":"cube","position":{"x":128,"y":552,"z":0},"rotation":{"x":0,"y":0,"z":0},"scale":{"x":"384","y":"32","z":16}},{"class":"cube","position":{"x":-32,"y":264,"z":0},"rotation":{"x":0,"y":0,"z":-0.7853981633974483},"scale":{"x":"32","y":16,"z":16}},{"class":"cube","position":{"x":32,"y":312,"z":0},"rotation":{"x":0,"y":0,"z":0.7853981633974483},"scale":{"x":"32","y":16,"z":16}},{"class":"cube","position":{"x":368,"y":552,"z":0},"rotation":{"x":0,"y":0,"z":0},"scale":{"x":"96","y":"32","z":16}},{"class":"cube","position":{"x":48,"y":152,"z":0},"rotation":{"x":0,"y":0,"z":1.5707963267948966},"scale":{"x":"448","y":"32","z":16}},{"class":"cube","position":{"x":304,"y":296,"z":0},"rotation":{"x":0,"y":0,"z":1.5707963267948966},"scale":{"x":"144","y":"32","z":16}},{"class":"cube","position":{"x":432,"y":456,"z":0},"rotation":{"x":0,"y":0,"z":1.5707963267948966},"scale":{"x":"224","y":"32","z":16}},{"class":"resize","position":{"x":304,"y":392,"z":0},"rotation":{"x":0,"y":0,"z":0},"scale":{"x":"16","y":"16","z":16}},{"class":"cube","position":{"x":48,"y":424,"z":0},"rotation":{"x":0,"y":0,"z":0},"scale":{"x":"32","y":"32","z":16}},{"class":"resize","position":{"x":48,"y":392,"z":0},"rotation":{"x":0,"y":0,"z":0},"scale":{"x":"16","y":"16","z":16}},{"class":"finish","position":{"x":1232,"y":-208,"z":0},"rotation":{"x":0,"y":0,"z":0},"scale":{"x":"240","y":"192","z":16}},{"class":"cube","position":{"x":312,"y":304,"z":0},"rotation":{"x":0,"y":0,"z":-1.3089969389957472},"scale":{"x":"96","y":"16","z":16}},{"class":"cube","position":{"x":56,"y":432,"z":0},"rotation":{"x":0,"y":0,"z":-0.5235987755982988},"scale":{"x":"48","y":16,"z":16}},{"class":"cube","position":{"x":408,"y":528,"z":0},"rotation":{"x":0,"y":0,"z":-0.7853981633974483},"scale":{"x":"64","y":"32","z":16}},{"class":"cube","position":{"x":288,"y":464,"z":0},"rotation":{"x":0,"y":0,"z":0},"scale":{"x":16,"y":"48","z":16}},{"class":"cube","position":{"x":112,"y":464,"z":0},"rotation":{"x":0,"y":0,"z":0},"scale":{"x":16,"y":"48","z":16}},{"class":"cube","position":{"x":200,"y":512,"z":0},"rotation":{"x":0,"y":0,"z":0},"scale":{"x":16,"y":"48","z":16}},{"class":"cube","position":{"x":296,"y":440,"z":0},"rotation":{"x":0,"y":0,"z":0.7853981633974483},"scale":{"x":"16","y":16,"z":16}},{"class":"cube","position":{"x":280,"y":440,"z":0},"rotation":{"x":0,"y":0,"z":0.7853981633974483},"scale":{"x":"16","y":16,"z":16}},{"class":"cube","position":{"x":104,"y":440,"z":0},"rotation":{"x":0,"y":0,"z":0.7853981633974483},"scale":{"x":"16","y":16,"z":16}},{"class":"cube","position":{"x":208,"y":536,"z":0},"rotation":{"x":0,"y":0,"z":0.7853981633974483},"scale":{"x":"16","y":16,"z":16}},{"class":"cube","position":{"x":192,"y":536,"z":0},"rotation":{"x":0,"y":0,"z":0.7853981633974483},"scale":{"x":"16","y":16,"z":16}},{"class":"cube","position":{"x":120,"y":440,"z":0},"rotation":{"x":0,"y":0,"z":0.7853981633974483},"scale":{"x":"16","y":16,"z":16}},{"class":"cube","position":{"x":-8,"y":512,"z":0},"rotation":{"x":0,"y":0,"z":0.7853981633974483},"scale":{"x":"128","y":"32","z":16}},{"class":"cube","position":{"x":-24,"y":528,"z":0},"rotation":{"x":0,"y":0,"z":0.7853981633974483},"scale":{"x":"64","y":"32","z":16}},{"class":"cube","position":{"x":384,"y":512,"z":0},"rotation":{"x":0,"y":0,"z":-0.7853981633974483},"scale":{"x":"128","y":"32","z":16}},{"class":"cube","position":{"x":320,"y":328,"z":0},"rotation":{"x":0,"y":0,"z":-1.3089969389957472},"scale":{"x":"80","y":"16","z":16}},{"class":"cube","position":{"x":328,"y":280,"z":0},"rotation":{"x":0,"y":0,"z":-1.0471975511965976},"scale":{"x":"96","y":"32","z":16}},{"class":"spike","position":{"x":416,"y":384,"z":0},"rotation":{"x":0,"y":0,"z":1.5707963267948966},"scale":{"x":16,"y":16,"z":"12"}},{"class":"spike","position":{"x":416,"y":352,"z":0},"rotation":{"x":0,"y":0,"z":1.5707963267948966},"scale":{"x":16,"y":16,"z":"12"}},{"class":"spike","position":{"x":416,"y":368,"z":0},"rotation":{"x":0,"y":0,"z":1.5707963267948966},"scale":{"x":16,"y":16,"z":"12"}},{"class":"cube","position":{"x":352,"y":240,"z":0},"rotation":{"x":0,"y":0,"z":-0.7853981633974483},"scale":{"x":"128","y":"32","z":16}},{"class":"cube","position":{"x":408,"y":192,"z":0},"rotation":{"x":0,"y":0,"z":-0.5235987755982988},"scale":{"x":"224","y":"48","z":16}},{"class":"cube","position":{"x":536,"y":136,"z":0},"rotation":{"x":0,"y":0,"z":2.8797932657906435},"scale":{"x":"144","y":"48","z":16}},{"class":"cube","position":{"x":920,"y":232,"z":0},"rotation":{"x":0,"y":0,"z":-2.356194490192345},"scale":{"x":"112","y":"48","z":16}},{"class":"cube","position":{"x":664,"y":120,"z":0},"rotation":{"x":0,"y":0,"z":3.141592653589793},"scale":{"x":"144","y":"48","z":16}},{"class":"cube","position":{"x":752,"y":136,"z":0},"rotation":{"x":0,"y":0,"z":0.2617993877991494},"scale":{"x":"160","y":"48","z":16}},{"class":"cube","position":{"x":848,"y":176,"z":0},"rotation":{"x":0,"y":0,"z":0.5235987755982988},"scale":{"x":"112","y":"48","z":16}},{"class":"cube","position":{"x":328,"y":160,"z":0},"rotation":{"x":0,"y":0,"z":0},"scale":{"x":"80","y":"144","z":16}},{"class":"cube","position":{"x":440,"y":128,"z":0},"rotation":{"x":0,"y":0,"z":0},"scale":{"x":"144","y":"32","z":16}},{"class":"cube","position":{"x":624,"y":104,"z":0},"rotation":{"x":0,"y":0,"z":0},"scale":{"x":"512","y":"32","z":16}},{"class":"cube","position":{"x":392,"y":152,"z":0},"rotation":{"x":0,"y":0,"z":0},"scale":{"x":"112","y":"80","z":16}},{"class":"cube","position":{"x":952,"y":176,"z":0},"rotation":{"x":0,"y":0,"z":0},"scale":{"x":"48","y":"160","z":16}},{"class":"cube","position":{"x":928,"y":96,"z":0},"rotation":{"x":0,"y":0,"z":0},"scale":{"x":"96","y":16,"z":16}},{"class":"cube","position":{"x":840,"y":144,"z":0},"rotation":{"x":0,"y":0,"z":1.5707963267948966},"scale":{"x":"48","y":"112","z":16}},{"class":"cube","position":{"x":904,"y":152,"z":0},"rotation":{"x":0,"y":0,"z":0},"scale":{"x":"48","y":"112","z":16}}]}