{"name": "Campaign Level 20","children":[{"class":"player","position":{"x":0,"y":0,"z":0},"rotation":{"x":0,"y":0,"z":0},"scale":{"x":16,"y":16,"z":16},"isStatic":false,"friction":0},{"class":"cube","position":{"x":-248,"y":-8,"z":0},"rotation":{"x":0,"y":0,"z":2.8797932657906435},"scale":{"x":"144","y":16,"z":16}},{"class":"cube","position":{"x":-160,"y":-152,"z":0},"rotation":{"x":0,"y":0,"z":-3.141592653589793},"scale":{"x":"176","y":16,"z":16}},{"class":"cube","position":{"x":-448,"y":-48,"z":0},"rotation":{"x":0,"y":0,"z":0.5235987755982988},"scale":{"x":"224","y":"16","z":16}},{"class":"cube","position":{"x":-1112,"y":-512,"z":0},"rotation":{"x":0,"y":0,"z":-0.5235987755982988},"scale":{"x":"48","y":"224","z":16}},{"class":"cube","position":{"x":-1192,"y":-608,"z":0},"rotation":{"x":0,"y":0,"z":-0.7853981633974483},"scale":{"x":16,"y":"80","z":16}},{"class":"cube","position":{"x":-1232,"y":-640,"z":0},"rotation":{"x":0,"y":0,"z":-1.0471975511965976},"scale":{"x":16,"y":"80","z":16}},{"class":"cube","position":{"x":-1280,"y":-664,"z":0},"rotation":{"x":0,"y":0,"z":-1.3089969389957472},"scale":{"x":16,"y":"80","z":16}},{"class":"cube","position":{"x":-1328,"y":-672,"z":0},"rotation":{"x":0,"y":0,"z":-1.5707963267948966},"scale":{"x":16,"y":"48","z":16}},{"class":"cube","position":{"x":-1440,"y":-680,"z":0},"rotation":{"x":0,"y":0,"z":-1.5707963267948966},"scale":{"x":16,"y":"32","z":"4"}},{"class":"cube","position":{"x":-1472,"y":-672,"z":0},"rotation":{"x":0,"y":0,"z":-1.8325957145940461},"scale":{"x":"16","y":"48","z":"4"}},{"class":"cube","position":{"x":-1472,"y":-672,"z":0},"rotation":{"x":0,"y":0,"z":-2.0943951023931953},"scale":{"x":16,"y":"80","z":"4"}},{"class":"cube","position":{"x":-1488,"y":-664,"z":0},"rotation":{"x":0,"y":0,"z":-2.356194490192345},"scale":{"x":16,"y":"80","z":"4"}},{"class":"cube","position":{"x":-1504,"y":-648,"z":0},"rotation":{"x":0,"y":0,"z":-2.6179938779914944},"scale":{"x":16,"y":"80","z":"4"}},{"class":"cube","position":{"x":-1512,"y":-632,"z":0},"rotation":{"x":0,"y":0,"z":-2.8797932657906435},"scale":{"x":16,"y":"80","z":"4"}},{"class":"cube","position":{"x":-1520,"y":-584,"z":0},"rotation":{"x":0,"y":0,"z":-3.141592653589793},"scale":{"x":16,"y":"80","z":"4"}},{"class":"cube","position":{"x":-1520,"y":-560,"z":0},"rotation":{"x":0,"y":0,"z":-0.2617993877991494},"scale":{"x":16,"y":"80","z":"4"}},{"class":"cube","position":{"x":-1512,"y":-536,"z":0},"rotation":{"x":0,"y":0,"z":-0.5235987755982988},"scale":{"x":16,"y":"80","z":"4"}},{"class":"cube","position":{"x":-1496,"y":-512,"z":0},"rotation":{"x":0,"y":0,"z":-0.7853981633974483},"scale":{"x":16,"y":"80","z":"4"}},{"class":"cube","position":{"x":-1480,"y":-496,"z":0},"rotation":{"x":0,"y":0,"z":-1.0471975511965976},"scale":{"x":16,"y":"80","z":"4"}},{"class":"cube","position":{"x":-1472,"y":-488,"z":0},"rotation":{"x":0,"y":0,"z":-1.3089969389957472},"scale":{"x":16,"y":"80","z":"4"}},{"class":"cube","position":{"x":-1448,"y":-480,"z":0},"rotation":{"x":0,"y":0,"z":-1.5707963267948966},"scale":{"x":16,"y":"80","z":"4"}},{"class":"cube","position":{"x":-1424,"y":-480,"z":0},"rotation":{"x":0,"y":0,"z":-1.8325957145940461},"scale":{"x":16,"y":"80","z":"4"}},{"class":"cube","position":{"x":-1408,"y":-480,"z":0},"rotation":{"x":0,"y":0,"z":-2.0943951023931953},"scale":{"x":16,"y":"80","z":"4"}},{"class":"cube","position":{"x":-1384,"y":-496,"z":0},"rotation":{"x":0,"y":0,"z":-2.356194490192345},"scale":{"x":16,"y":"80","z":"4"}},{"class":"cube","position":{"x":-1376,"y":-504,"z":0},"rotation":{"x":0,"y":0,"z":-2.8797932657906435},"scale":{"x":16,"y":"80","z":"4"}},{"class":"cube","position":{"x":-1368,"y":-528,"z":0},"rotation":{"x":0,"y":0,"z":-3.141592653589793},"scale":{"x":16,"y":"80","z":"4"}},{"class":"cube","position":{"x":-1416,"y":-792,"z":0},"rotation":{"x":0,"y":0,"z":-3.141592653589793},"scale":{"x":16,"y":"80","z":"4"}},{"class":"cube","position":{"x":-1416,"y":-808,"z":0},"rotation":{"x":0,"y":0,"z":-2.8797932657906435},"scale":{"x":16,"y":"80","z":"4"}},{"class":"cube","position":{"x":-1400,"y":-848,"z":0},"rotation":{"x":0,"y":0,"z":-2.6179938779914944},"scale":{"x":16,"y":"80","z":"4"}},{"class":"cube","position":{"x":-1392,"y":-856,"z":0},"rotation":{"x":0,"y":0,"z":-2.356194490192345},"scale":{"x":16,"y":"80","z":"4"}},{"class":"cube","position":{"x":-1352,"y":-880,"z":0},"rotation":{"x":0,"y":0,"z":-1.8325957145940461},"scale":{"x":16,"y":"80","z":"4"}},{"class":"cube","position":{"x":-1304,"y":-888,"z":0},"rotation":{"x":0,"y":0,"z":-1.5707963267948966},"scale":{"x":16,"y":"80","z":"4"}},{"class":"cube","position":{"x":-864,"y":-824,"z":0},"rotation":{"x":0,"y":0,"z":-1.5707963267948966},"scale":{"x":"16","y":"144","z":16}},{"class":"cube","position":{"x":-408,"y":-752,"z":0},"rotation":{"x":0,"y":0,"z":-1.5707963267948966},"scale":{"x":"16","y":"176","z":16}},{"class":"cube","position":{"x":64,"y":-680,"z":0},"rotation":{"x":0,"y":0,"z":-1.5707963267948966},"scale":{"x":"16","y":"208","z":16}},{"class":"resize","position":{"x":2144,"y":-360,"z":0},"rotation":{"x":0,"y":0,"z":-1.5707963267948966},"scale":{"x":"32","y":"32","z":16}},{"class":"finish","position":{"x":2584,"y":-312,"z":0},"rotation":{"x":0,"y":0,"z":-1.5707963267948966},"scale":{"x":"48","y":"48","z":16}},{"class":"cube","position":{"x":0,"y":-56,"z":0},"rotation":{"x":0,"y":0,"z":0.5235987755982988},"scale":{"x":"176","y":16,"z":16}},{"class":"spike","position":{"x":-80,"y":-136,"z":0},"rotation":{"x":0,"y":0,"z":0},"scale":{"x":16,"y":16,"z":"12"}},{"class":"spike","position":{"x":-536,"y":-88,"z":0},"rotation":{"x":0,"y":0,"z":0.5235987755982988},"scale":{"x":"16","y":"16","z":"12"}},{"class":"spike","position":{"x":-216,"y":-136,"z":0},"rotation":{"x":0,"y":0,"z":0},"scale":{"x":16,"y":16,"z":"12"}},{"class":"spike","position":{"x":-200,"y":-136,"z":0},"rotation":{"x":0,"y":0,"z":0},"scale":{"x":16,"y":16,"z":"12"}},{"class":"spike","position":{"x":-184,"y":-136,"z":0},"rotation":{"x":0,"y":0,"z":0},"scale":{"x":16,"y":16,"z":"12"}},{"class":"spike","position":{"x":-168,"y":-136,"z":0},"rotation":{"x":0,"y":0,"z":0},"scale":{"x":16,"y":16,"z":"12"}},{"class":"spike","position":{"x":-152,"y":-136,"z":0},"rotation":{"x":0,"y":0,"z":0},"scale":{"x":16,"y":16,"z":"12"}},{"class":"spike","position":{"x":-136,"y":-136,"z":0},"rotation":{"x":0,"y":0,"z":0},"scale":{"x":16,"y":16,"z":"12"}},{"class":"spike","position":{"x":-120,"y":-136,"z":0},"rotation":{"x":0,"y":0,"z":0},"scale":{"x":16,"y":16,"z":"12"}},{"class":"spike","position":{"x":-104,"y":-136,"z":0},"rotation":{"x":0,"y":0,"z":0},"scale":{"x":16,"y":16,"z":"12"}},{"class":"spike","position":{"x":-88,"y":-136,"z":0},"rotation":{"x":0,"y":0,"z":0},"scale":{"x":16,"y":16,"z":"12"}},{"class":"spike","position":{"x":-232,"y":-136,"z":0},"rotation":{"x":0,"y":0,"z":0},"scale":{"x":16,"y":16,"z":"12"}},{"class":"spike","position":{"x":-240,"y":-136,"z":0},"rotation":{"x":0,"y":0,"z":0},"scale":{"x":16,"y":16,"z":"12"}},{"class":"cube","position":{"x":-1537,"y":-598,"z":0},"rotation":{"x":0,"y":0,"z":3.141592653589793},"scale":{"x":"32","y":"96","z":16}},{"class":"cube","position":{"x":-1352,"y":-528,"z":0},"rotation":{"x":0,"y":0,"z":0},"scale":{"x":"32","y":"32","z":16}},{"class":"cube","position":{"x":-1360,"y":-496,"z":0},"rotation":{"x":0,"y":0,"z":0.5235987755982988},"scale":{"x":"32","y":"32","z":16}},{"class":"cube","position":{"x":-1468,"y":-462,"z":0},"rotation":{"x":0,"y":0,"z":0.2617993877991494},"scale":{"x":"32","y":"32","z":16}},{"class":"cube","position":{"x":-1386,"y":-471,"z":0},"rotation":{"x":0,"y":0,"z":1.0471975511965976},"scale":{"x":"32","y":"32","z":16}},{"class":"cube","position":{"x":-1425,"y":-458,"z":0},"rotation":{"x":0,"y":0,"z":1.5707963267948966},"scale":{"x":"32","y":"48","z":16}},{"class":"cube","position":{"x":-1503,"y":-483,"z":0},"rotation":{"x":0,"y":0,"z":2.356194490192345},"scale":{"x":"32","y":"48","z":16}},{"class":"cube","position":{"x":-1457,"y":-692,"z":0},"rotation":{"x":0,"y":0,"z":1.5707963267948966},"scale":{"x":"32","y":"64","z":16}},{"class":"cube","position":{"x":-1530,"y":-525,"z":0},"rotation":{"x":0,"y":0,"z":2.8797932657906435},"scale":{"x":"32","y":"48","z":16}},{"class":"cube","position":{"x":-1511,"y":-663,"z":0},"rotation":{"x":0,"y":0,"z":0.7853981633974483},"scale":{"x":"32","y":"64","z":16}},{"class":"cube","position":{"x":-1320,"y":-909,"z":0},"rotation":{"x":0,"y":0,"z":0},"scale":{"x":"112","y":"48","z":16}},{"class":"cube","position":{"x":-1400,"y":-875,"z":0},"rotation":{"x":0,"y":0,"z":0.7853981633974483},"scale":{"x":"48","y":"96","z":16}},{"class":"cube","position":{"x":-1433,"y":-800,"z":0},"rotation":{"x":0,"y":0,"z":0},"scale":{"x":"32","y":"96","z":16}},{"class":"spike","position":{"x":-1183,"y":-638,"z":0},"rotation":{"x":0,"y":0,"z":-2.356194490192345},"scale":{"x":"48","y":"48","z":"12"}},{"class":"spike","position":{"x":-1326,"y":-702,"z":0},"rotation":{"x":0,"y":0,"z":3.141592653589793},"scale":{"x":"48","y":"48","z":"12"}},{"class":"spike","position":{"x":-1272,"y":-693,"z":0},"rotation":{"x":0,"y":0,"z":-2.8797932657906435},"scale":{"x":"48","y":"48","z":"12"}},{"class":"spike","position":{"x":-1225,"y":-673,"z":0},"rotation":{"x":0,"y":0,"z":-2.6179938779914944},"scale":{"x":"48","y":"48","z":"12"}},{"class":"resize","position":{"x":416,"y":-584,"z":0},"rotation":{"x":0,"y":0,"z":-1.5707963267948966},"scale":{"x":"32","y":"32","z":16}},{"class":"resize","position":{"x":856,"y":-528,"z":0},"rotation":{"x":0,"y":0,"z":-1.5707963267948966},"scale":{"x":"32","y":"32","z":16}},{"class":"resize","position":{"x":1280,"y":-472,"z":0},"rotation":{"x":0,"y":0,"z":-1.5707963267948966},"scale":{"x":"32","y":"32","z":16}},{"class":"resize","position":{"x":1704,"y":-416,"z":0},"rotation":{"x":0,"y":0,"z":-1.5707963267948966},"scale":{"x":"32","y":"32","z":16}}]}