{"name":"Campaign Level 33","children":[{"class":"player","position":{"x":-16,"y":-48,"z":0},"rotation":{"x":0,"y":0,"z":0},"scale":{"x":16,"y":16,"z":16},"isStatic":false,"friction":0},{"class":"cube","position":{"x":3784,"y":32,"z":0},"rotation":{"x":0,"y":0,"z":0},"scale":{"x":"512","y":"32","z":16}},{"class":"cube","position":{"x":200,"y":32,"z":0},"rotation":{"x":0,"y":0,"z":0},"scale":{"x":"512","y":"32","z":16}},{"class":"cube","position":{"x":712,"y":32,"z":0},"rotation":{"x":0,"y":0,"z":0},"scale":{"x":"512","y":"32","z":16}},{"class":"cube","position":{"x":1224,"y":32,"z":0},"rotation":{"x":0,"y":0,"z":0},"scale":{"x":"512","y":"32","z":16}},{"class":"cube","position":{"x":-40,"y":-232,"z":0},"rotation":{"x":0,"y":0,"z":-1.5707963267948966},"scale":{"x":"512","y":"32","z":16}},{"class":"grapple","position":{"x":-16,"y":-72,"z":0},"rotation":{"x":0,"y":0,"z":0},"scale":{"x":16,"y":16,"z":16}},{"class":"cube","position":{"x":3272,"y":32,"z":0},"rotation":{"x":0,"y":0,"z":0},"scale":{"x":"512","y":"32","z":16}},{"class":"cube","position":{"x":2248,"y":32,"z":0},"rotation":{"x":0,"y":0,"z":0},"scale":{"x":"512","y":"32","z":16}},{"class":"cube","position":{"x":4048,"y":-224,"z":0},"rotation":{"x":0,"y":0,"z":-1.5707963267948966},"scale":{"x":"512","y":"32","z":16}},{"class":"finish","position":{"x":4008,"y":-8,"z":0},"rotation":{"x":0,"y":0,"z":0},"scale":{"x":"48","y":"48","z":16}},{"class":"cube","position":{"x":512,"y":-360,"z":0},"rotation":{"x":0,"y":0,"z":0},"scale":{"x":"32","y":"224","z":16}},{"class":"cube","position":{"x":512,"y":-56,"z":0},"rotation":{"x":0,"y":0,"z":0},"scale":{"x":"32","y":"160","z":16}},{"class":"cube","position":{"x":704,"y":-320,"z":0},"rotation":{"x":0,"y":0,"z":0},"scale":{"x":"32","y":"288","z":16}},{"class":"cube","position":{"x":704,"y":0,"z":0},"rotation":{"x":0,"y":0,"z":0},"scale":{"x":"32","y":"48","z":16}},{"class":"cube","position":{"x":616,"y":-32,"z":0},"rotation":{"x":0,"y":0,"z":0},"scale":{"x":"32","y":"128","z":16}},{"class":"cube","position":{"x":616,"y":-344,"z":0},"rotation":{"x":0,"y":0,"z":0},"scale":{"x":"32","y":"272","z":16}},{"class":"cube","position":{"x":400,"y":-360,"z":0},"rotation":{"x":0,"y":0,"z":0},"scale":{"x":"32","y":"224","z":16}},{"class":"cube","position":{"x":400,"y":-48,"z":0},"rotation":{"x":0,"y":0,"z":0},"scale":{"x":"32","y":"160","z":16}},{"class":"cube","position":{"x":288,"y":-32,"z":0},"rotation":{"x":0,"y":0,"z":0},"scale":{"x":"32","y":"128","z":16}},{"class":"cube","position":{"x":168,"y":-8,"z":0},"rotation":{"x":0,"y":0,"z":0},"scale":{"x":"32","y":"48","z":16}},{"class":"cube","position":{"x":288,"y":-336,"z":0},"rotation":{"x":0,"y":0,"z":0},"scale":{"x":"32","y":"272","z":16}},{"class":"cube","position":{"x":168,"y":-304,"z":0},"rotation":{"x":0,"y":0,"z":0},"scale":{"x":"32","y":"320","z":16}},{"class":"cube","position":{"x":1448,"y":-408,"z":0},"rotation":{"x":0,"y":0,"z":0},"scale":{"x":"48","y":"48","z":16}},{"class":"cube","position":{"x":832,"y":-64,"z":0},"rotation":{"x":0,"y":0,"z":0},"scale":{"x":"48","y":"48","z":16}},{"class":"cube","position":{"x":776,"y":-208,"z":0},"rotation":{"x":0,"y":0,"z":0},"scale":{"x":"48","y":"48","z":16}},{"class":"cube","position":{"x":1008,"y":-232,"z":0},"rotation":{"x":0,"y":0,"z":0},"scale":{"x":"48","y":"48","z":16}},{"class":"cube","position":{"x":904,"y":-312,"z":0},"rotation":{"x":0,"y":0,"z":0},"scale":{"x":"48","y":"48","z":16}},{"class":"cube","position":{"x":1104,"y":-64,"z":0},"rotation":{"x":0,"y":0,"z":0},"scale":{"x":"48","y":"48","z":16}},{"class":"cube","position":{"x":1216,"y":-200,"z":0},"rotation":{"x":0,"y":0,"z":0},"scale":{"x":"48","y":"48","z":16}},{"class":"cube","position":{"x":1336,"y":-64,"z":0},"rotation":{"x":0,"y":0,"z":0},"scale":{"x":"48","y":"48","z":16}},{"class":"cube","position":{"x":1104,"y":-368,"z":0},"rotation":{"x":0,"y":0,"z":0},"scale":{"x":"48","y":"48","z":16}},{"class":"cube","position":{"x":1352,"y":-296,"z":0},"rotation":{"x":0,"y":0,"z":0},"scale":{"x":"48","y":"48","z":16}},{"class":"cube","position":{"x":1424,"y":-112,"z":0},"rotation":{"x":0,"y":0,"z":0},"scale":{"x":"48","y":"48","z":16}},{"class":"cube","position":{"x":1544,"y":-344,"z":0},"rotation":{"x":0,"y":0,"z":0},"scale":{"x":"48","y":"48","z":16}},{"class":"cube","position":{"x":1648,"y":-208,"z":0},"rotation":{"x":0,"y":0,"z":0},"scale":{"x":"48","y":"48","z":16}},{"class":"cube","position":{"x":1600,"y":-56,"z":0},"rotation":{"x":0,"y":0,"z":0},"scale":{"x":"48","y":"48","z":16}},{"class":"cube","position":{"x":3664,"y":-152,"z":0},"rotation":{"x":0,"y":0,"z":0},"scale":{"x":"32","y":"240","z":16}},{"class":"cube","position":{"x":1728,"y":-432,"z":0},"rotation":{"x":0,"y":0,"z":0},"scale":{"x":"48","y":"48","z":16}},{"class":"cube","position":{"x":840,"y":-408,"z":0},"rotation":{"x":0,"y":0,"z":0},"scale":{"x":"48","y":"48","z":16}},{"class":"cube","position":{"x":960,"y":0,"z":0},"rotation":{"x":0,"y":0,"z":0},"scale":{"x":"48","y":"48","z":16}},{"class":"cube","position":{"x":1320,"y":-448,"z":0},"rotation":{"x":0,"y":0,"z":0},"scale":{"x":"48","y":"48","z":16}},{"class":"cube","position":{"x":2864,"y":-328,"z":0},"rotation":{"x":0,"y":0,"z":0},"scale":{"x":"32","y":"304","z":16}},{"class":"cube","position":{"x":3440,"y":-392,"z":0},"rotation":{"x":0,"y":0,"z":0.7853981633974483},"scale":{"x":"32","y":"240","z":16}},{"class":"cube","position":{"x":3352,"y":-376,"z":0},"rotation":{"x":0,"y":0,"z":0},"scale":{"x":"32","y":"160","z":16}},{"class":"cube","position":{"x":3792,"y":-48,"z":0},"rotation":{"x":0,"y":0,"z":0},"scale":{"x":"224","y":"32","z":16}},{"class":"cube","position":{"x":3760,"y":-184,"z":0},"rotation":{"x":0,"y":0,"z":0},"scale":{"x":"48","y":"48","z":16}},{"class":"cube","position":{"x":4016,"y":-432,"z":0},"rotation":{"x":0,"y":0,"z":0},"scale":{"x":"32","y":"48","z":16}},{"class":"cube","position":{"x":3768,"y":-352,"z":0},"rotation":{"x":0,"y":0,"z":0},"scale":{"x":"48","y":"48","z":16}},{"class":"tip","position":{"x":4016,"y":-232,"z":0},"rotation":{"x":0,"y":0,"z":0},"scale":{"x":"32","y":"32","z":16},"text":"levels.campaign_level_33"},{"class":"cube","position":{"x":3208,"y":-88,"z":0},"rotation":{"x":0,"y":0,"z":-0.7853981633974483},"scale":{"x":"32","y":"336","z":16}},{"class":"cube","position":{"x":2992,"y":-88,"z":0},"rotation":{"x":0,"y":0,"z":0.7853981633974483},"scale":{"x":"32","y":"336","z":16}},{"class":"cube","position":{"x":3264,"y":-392,"z":0},"rotation":{"x":0,"y":0,"z":-0.7853981633974483},"scale":{"x":"32","y":"240","z":16}},{"class":"cube","position":{"x":2944,"y":-392,"z":0},"rotation":{"x":0,"y":0,"z":0.7853981633974483},"scale":{"x":"32","y":"240","z":16}},{"class":"cube","position":{"x":3552,"y":-24,"z":0},"rotation":{"x":0,"y":0,"z":0.7853981633974483},"scale":{"x":"32","y":"144","z":16}},{"class":"cube","position":{"x":3600,"y":-56,"z":0},"rotation":{"x":0,"y":0,"z":0},"scale":{"x":"32","y":"144","z":16}},{"class":"spike","position":{"x":3592,"y":-184,"z":0},"rotation":{"x":0,"y":0,"z":1.5707963267948966},"scale":{"x":16,"y":16,"z":16}},{"class":"cube","position":{"x":3608,"y":-184,"z":0},"rotation":{"x":0,"y":0,"z":0},"scale":{"x":16,"y":16,"z":16}},{"class":"spike","position":{"x":3592,"y":-136,"z":0},"rotation":{"x":0,"y":0,"z":1.5707963267948966},"scale":{"x":16,"y":16,"z":16}},{"class":"cube","position":{"x":3608,"y":-136,"z":0},"rotation":{"x":0,"y":0,"z":0},"scale":{"x":16,"y":16,"z":16}},{"class":"cube","position":{"x":3808,"y":-472,"z":0},"rotation":{"x":0,"y":0,"z":0},"scale":{"x":"512","y":"32","z":16}},{"class":"cube","position":{"x":232,"y":-472,"z":0},"rotation":{"x":0,"y":0,"z":0},"scale":{"x":"512","y":"32","z":16}},{"class":"cube","position":{"x":3296,"y":-472,"z":0},"rotation":{"x":0,"y":0,"z":0},"scale":{"x":"512","y":"32","z":16}},{"class":"cube","position":{"x":2792,"y":-472,"z":0},"rotation":{"x":0,"y":0,"z":0},"scale":{"x":"512","y":"32","z":16}},{"class":"cube","position":{"x":2280,"y":-472,"z":0},"rotation":{"x":0,"y":0,"z":0},"scale":{"x":"512","y":"32","z":16}},{"class":"cube","position":{"x":1768,"y":-472,"z":0},"rotation":{"x":0,"y":0,"z":0},"scale":{"x":"512","y":"32","z":16}},{"class":"cube","position":{"x":1256,"y":-472,"z":0},"rotation":{"x":0,"y":0,"z":0},"scale":{"x":"512","y":"32","z":16}},{"class":"cube","position":{"x":744,"y":-472,"z":0},"rotation":{"x":0,"y":0,"z":0},"scale":{"x":"512","y":"32","z":16}},{"class":"cube","position":{"x":1736,"y":32,"z":0},"rotation":{"x":0,"y":0,"z":0},"scale":{"x":"512","y":"32","z":16}},{"class":"cube","position":{"x":2760,"y":32,"z":0},"rotation":{"x":0,"y":0,"z":0},"scale":{"x":"512","y":"32","z":16}},{"class":"cube","position":{"x":4048,"y":32,"z":0},"rotation":{"x":0,"y":0,"z":0},"scale":{"x":"32","y":"32","z":16}},{"class":"spike","position":{"x":1848,"y":-64,"z":0},"rotation":{"x":0,"y":0,"z":0},"scale":{"x":"32","y":"32","z":16}},{"class":"spike","position":{"x":1976,"y":-64,"z":0},"rotation":{"x":0,"y":0,"z":0},"scale":{"x":"32","y":"32","z":16}},{"class":"spike","position":{"x":2096,"y":-64,"z":0},"rotation":{"x":0,"y":0,"z":0},"scale":{"x":"32","y":"32","z":16}},{"class":"spike","position":{"x":2216,"y":-64,"z":0},"rotation":{"x":0,"y":0,"z":0},"scale":{"x":"32","y":"32","z":16}},{"class":"spike","position":{"x":2336,"y":-64,"z":0},"rotation":{"x":0,"y":0,"z":0},"scale":{"x":"32","y":"32","z":16}},{"class":"spike","position":{"x":2456,"y":-64,"z":0},"rotation":{"x":0,"y":0,"z":0},"scale":{"x":"32","y":"32","z":16}},{"class":"spike","position":{"x":2592,"y":-64,"z":0},"rotation":{"x":0,"y":0,"z":0},"scale":{"x":"32","y":"32","z":16}},{"class":"spike","position":{"x":2720,"y":-64,"z":0},"rotation":{"x":0,"y":0,"z":0},"scale":{"x":"32","y":"32","z":16}},{"class":"cube","position":{"x":2096,"y":-168,"z":0},"rotation":{"x":0,"y":0,"z":0},"scale":{"x":"32","y":"32","z":16}},{"class":"cube","position":{"x":1976,"y":-168,"z":0},"rotation":{"x":0,"y":0,"z":0},"scale":{"x":"32","y":"32","z":16}},{"class":"cube","position":{"x":1848,"y":-168,"z":0},"rotation":{"x":0,"y":0,"z":0},"scale":{"x":"32","y":"32","z":16}},{"class":"cube","position":{"x":2216,"y":-168,"z":0},"rotation":{"x":0,"y":0,"z":0},"scale":{"x":"32","y":"32","z":16}},{"class":"cube","position":{"x":2336,"y":-168,"z":0},"rotation":{"x":0,"y":0,"z":0},"scale":{"x":"32","y":"32","z":16}},{"class":"cube","position":{"x":2456,"y":-168,"z":0},"rotation":{"x":0,"y":0,"z":0},"scale":{"x":"32","y":"32","z":16}},{"class":"cube","position":{"x":2592,"y":-168,"z":0},"rotation":{"x":0,"y":0,"z":0},"scale":{"x":"32","y":"32","z":16}},{"class":"cube","position":{"x":2720,"y":-168,"z":0},"rotation":{"x":0,"y":0,"z":0},"scale":{"x":"32","y":"32","z":16}},{"class":"cube","position":{"x":1848,"y":-272,"z":0},"rotation":{"x":0,"y":0,"z":0},"scale":{"x":"32","y":"32","z":16}},{"class":"cube","position":{"x":1976,"y":-272,"z":0},"rotation":{"x":0,"y":0,"z":0},"scale":{"x":"32","y":"32","z":16}},{"class":"cube","position":{"x":2096,"y":-272,"z":0},"rotation":{"x":0,"y":0,"z":0},"scale":{"x":"32","y":"32","z":16}},{"class":"cube","position":{"x":2216,"y":-272,"z":0},"rotation":{"x":0,"y":0,"z":0},"scale":{"x":"32","y":"32","z":16}},{"class":"cube","position":{"x":2336,"y":-272,"z":0},"rotation":{"x":0,"y":0,"z":0},"scale":{"x":"32","y":"32","z":16}},{"class":"cube","position":{"x":2456,"y":-272,"z":0},"rotation":{"x":0,"y":0,"z":0},"scale":{"x":"32","y":"32","z":16}},{"class":"cube","position":{"x":2592,"y":-272,"z":0},"rotation":{"x":0,"y":0,"z":0},"scale":{"x":"32","y":"32","z":16}},{"class":"cube","position":{"x":2720,"y":-272,"z":0},"rotation":{"x":0,"y":0,"z":0},"scale":{"x":"32","y":"32","z":16}},{"class":"bounce","position":{"x":3352,"y":-280,"z":0},"rotation":{"x":0,"y":0,"z":1.5707963267948966},"scale":{"x":"32","y":"32","z":16}},{"class":"cube","position":{"x":2720,"y":-368,"z":0},"rotation":{"x":0,"y":0,"z":0},"scale":{"x":"32","y":"32","z":16}},{"class":"cube","position":{"x":2592,"y":-368,"z":0},"rotation":{"x":0,"y":0,"z":0},"scale":{"x":"32","y":"32","z":16}},{"class":"cube","position":{"x":2456,"y":-368,"z":0},"rotation":{"x":0,"y":0,"z":0},"scale":{"x":"32","y":"32","z":16}},{"class":"cube","position":{"x":2336,"y":-368,"z":0},"rotation":{"x":0,"y":0,"z":0},"scale":{"x":"32","y":"32","z":16}},{"class":"cube","position":{"x":2216,"y":-368,"z":0},"rotation":{"x":0,"y":0,"z":0},"scale":{"x":"32","y":"32","z":16}},{"class":"cube","position":{"x":2096,"y":-368,"z":0},"rotation":{"x":0,"y":0,"z":0},"scale":{"x":"32","y":"32","z":16}},{"class":"cube","position":{"x":1976,"y":-368,"z":0},"rotation":{"x":0,"y":0,"z":0},"scale":{"x":"32","y":"32","z":16}},{"class":"cube","position":{"x":1848,"y":-368,"z":0},"rotation":{"x":0,"y":0,"z":0},"scale":{"x":"32","y":"32","z":16}},{"class":"bounce","position":{"x":2832,"y":-440,"z":0},"rotation":{"x":0,"y":0,"z":1.5707963267948966},"scale":{"x":"32","y":"32","z":16}},{"class":"cube","position":{"x":3632,"y":-392,"z":0},"rotation":{"x":0,"y":0,"z":0},"scale":{"x":"48","y":"48","z":16}},{"class":"cube","position":{"x":3600,"y":-232,"z":0},"rotation":{"x":0,"y":0,"z":0},"scale":{"x":"32","y":"80","z":16}},{"class":"bounce","position":{"x":4016,"y":-392,"z":0},"rotation":{"x":0,"y":0,"z":0},"scale":{"x":"32","y":"32","z":16}},{"class":"cube","position":{"x":3632,"y":-288,"z":0},"rotation":{"x":0,"y":0,"z":0},"scale":{"x":"96","y":"32","z":16}},{"class":"cube","position":{"x":3912,"y":-280,"z":0},"rotation":{"x":0,"y":0,"z":0},"scale":{"x":"48","y":"48","z":16}},{"class":"bounce","position":{"x":3608,"y":8,"z":0},"rotation":{"x":0,"y":0,"z":-2.0943951023931953},"scale":{"x":"32","y":"32","z":16}},{"class":"bounce","position":{"x":64,"y":-440,"z":0},"rotation":{"x":0,"y":0,"z":0},"scale":{"x":"176","y":"32","z":16}},{"class":"bounce","position":{"x":3632,"y":-256,"z":0},"rotation":{"x":0,"y":0,"z":0},"scale":{"x":"32","y":"32","z":16}}]}