{"name": "Campaign Level 11","children":[{"class":"player","position":{"x":-96,"y":40,"z":0},"rotation":{"x":0,"y":0,"z":0},"scale":{"x":16,"y":16,"z":16},"isStatic":false,"friction":0},{"class":"cube","position":{"x":664,"y":304,"z":0},"rotation":{"x":0,"y":0,"z":-1.8325957145940461},"scale":{"x":64,"y":"512","z":16}},{"class":"cube","position":{"x":-96,"y":24,"z":0},"rotation":{"x":0,"y":0,"z":0},"scale":{"x":16,"y":16,"z":16}},{"class":"cube","position":{"x":144,"y":288,"z":0},"rotation":{"x":0,"y":0,"z":0},"scale":{"x":"512","y":16,"z":16}},{"class":"cube","position":{"x":648,"y":160,"z":0},"rotation":{"x":0,"y":0,"z":0},"scale":{"x":"512","y":16,"z":16}},{"class":"cube","position":{"x":128,"y":176,"z":0},"rotation":{"x":0,"y":0,"z":-1.3089969389957472},"scale":{"x":64,"y":"512","z":16}},{"class":"cube","position":{"x":128,"y":432,"z":0},"rotation":{"x":0,"y":0,"z":-1.3089969389957472},"scale":{"x":64,"y":"512","z":16}},{"class":"cube","position":{"x":896,"y":176,"z":0},"rotation":{"x":0,"y":0,"z":0},"scale":{"x":16,"y":16,"z":16}},{"class":"cube","position":{"x":-104,"y":304,"z":0},"rotation":{"x":0,"y":0,"z":0},"scale":{"x":16,"y":16,"z":16}},{"class":"finish","position":{"x":776,"y":496,"z":0},"rotation":{"x":0,"y":0,"z":0},"scale":{"x":"64","y":"64","z":16}}]}