{"name": "Campaign Level 3","children":[{"class":"player","position":{"x":-80,"y":-16,"z":0},"rotation":{"x":0,"y":0,"z":3.0456787885366197e-16},"scale":{"x":16,"y":16,"z":16},"isStatic":false,"friction":0},{"class":"tip","position":{"x":1392,"y":48,"z":0},"rotation":{"x":0,"y":0,"z":0},"scale":{"x":16,"y":16,"z":16},"text":"levels.campaign_level_3"},{"class":"cube","position":{"x":168,"y":-32,"z":0},"rotation":{"x":0,"y":0,"z":0},"scale":{"x":"512","y":16,"z":16}},{"class":"spike","position":{"x":136,"y":-16,"z":0},"rotation":{"x":0,"y":0,"z":0},"scale":{"x":16,"y":16,"z":16}},{"class":"spike","position":{"x":424,"y":-16,"z":0},"rotation":{"x":0,"y":0,"z":0},"scale":{"x":16,"y":16,"z":16}},{"class":"cube","position":{"x":1192,"y":-32,"z":0},"rotation":{"x":0,"y":0,"z":0},"scale":{"x":"512","y":16,"z":16}},{"class":"spike","position":{"x":688,"y":-16,"z":0},"rotation":{"x":0,"y":0,"z":0},"scale":{"x":16,"y":16,"z":16}},{"class":"cube","position":{"x":1440,"y":-16,"z":0},"rotation":{"x":0,"y":0,"z":0},"scale":{"x":16,"y":16,"z":16}},{"class":"spike","position":{"x":1440,"y":0,"z":0},"rotation":{"x":0,"y":0,"z":0},"scale":{"x":16,"y":16,"z":16}},{"class":"cube","position":{"x":1560,"y":-32,"z":0},"rotation":{"x":0,"y":0,"z":0},"scale":{"x":"160","y":"48","z":16}},{"class":"finish","position":{"x":1632,"y":0,"z":0},"rotation":{"x":0,"y":0,"z":0},"scale":{"x":16,"y":16,"z":16}},{"class":"direction","position":{"x":-80,"y":48,"z":0},"rotation":{"x":0,"y":0,"z":0},"scale":{"x":16,"y":16,"z":16}},{"class":"cube","position":{"x":680,"y":-32,"z":0},"rotation":{"x":0,"y":0,"z":0},"scale":{"x":"512","y":16,"z":16}},{"class":"cube","position":{"x":936,"y":-16,"z":0},"rotation":{"x":0,"y":0,"z":0},"scale":{"x":16,"y":16,"z":16}},{"class":"spike","position":{"x":936,"y":0,"z":0},"rotation":{"x":0,"y":0,"z":0},"scale":{"x":16,"y":16,"z":16}},{"class":"spike","position":{"x":1184,"y":0,"z":0},"rotation":{"x":0,"y":0,"z":0},"scale":{"x":16,"y":16,"z":16}},{"class":"cube","position":{"x":1184,"y":-16,"z":0},"rotation":{"x":0,"y":0,"z":0},"scale":{"x":16,"y":16,"z":16}}]}