{"name":"Campaign Level 30","children":[{"class":"player","position":{"x":-48,"y":-24,"z":0},"rotation":{"x":0,"y":0,"z":-0.7853981633974483},"scale":{"x":16,"y":16,"z":16},"isStatic":false,"friction":0},{"class":"cube","position":{"x":-48,"y":48,"z":0},"rotation":{"x":0,"y":0,"z":-0.7853981633974483},"scale":{"x":64,"y":"64","z":16}},{"class":"cube","position":{"x":-64,"y":-88,"z":0},"rotation":{"x":0,"y":0,"z":-0.7853981633974483},"scale":{"x":64,"y":"64","z":16}},{"class":"cube","position":{"x":88,"y":104,"z":0},"rotation":{"x":0,"y":0,"z":0},"scale":{"x":16,"y":16,"z":16}},{"class":"cube","position":{"x":96,"y":-16,"z":0},"rotation":{"x":0,"y":0,"z":-0.7853981633974483},"scale":{"x":64,"y":"64","z":16}},{"class":"cube","position":{"x":56,"y":208,"z":0},"rotation":{"x":0,"y":0,"z":-0.7853981633974483},"scale":{"x":64,"y":"64","z":16}},{"class":"cube","position":{"x":208,"y":144,"z":0},"rotation":{"x":0,"y":0,"z":-0.7853981633974483},"scale":{"x":64,"y":"64","z":16}},{"class":"cube","position":{"x":472,"y":168,"z":0},"rotation":{"x":0,"y":0,"z":0},"scale":{"x":"192","y":16,"z":16}},{"class":"cube","position":{"x":608,"y":184,"z":0},"rotation":{"x":0,"y":0,"z":0},"scale":{"x":16,"y":"80","z":16}},{"class":"cube","position":{"x":560,"y":152,"z":0},"rotation":{"x":0,"y":0,"z":0},"scale":{"x":16,"y":16,"z":16}},{"class":"direction","position":{"x":576,"y":152,"z":0},"rotation":{"x":0,"y":0,"z":0},"scale":{"x":16,"y":16,"z":16}},{"class":"cube","position":{"x":672,"y":152,"z":0},"rotation":{"x":0,"y":0,"z":0},"scale":{"x":"48","y":16,"z":16}},{"class":"direction","position":{"x":592,"y":152,"z":0},"rotation":{"x":0,"y":0,"z":0},"scale":{"x":16,"y":16,"z":16}},{"class":"cube","position":{"x":864,"y":152,"z":0},"rotation":{"x":0,"y":0,"z":0},"scale":{"x":"48","y":16,"z":16}},{"class":"cube","position":{"x":1056,"y":184,"z":0},"rotation":{"x":0,"y":0,"z":0},"scale":{"x":"48","y":16,"z":16}},{"class":"cube","position":{"x":1248,"y":216,"z":0},"rotation":{"x":0,"y":0,"z":0},"scale":{"x":"48","y":16,"z":16}},{"class":"cube","position":{"x":1440,"y":248,"z":0},"rotation":{"x":0,"y":0,"z":0},"scale":{"x":"48","y":16,"z":16}},{"class":"cube","position":{"x":1632,"y":280,"z":0},"rotation":{"x":0,"y":0,"z":0},"scale":{"x":"48","y":16,"z":16}},{"class":"cube","position":{"x":1824,"y":312,"z":0},"rotation":{"x":0,"y":0,"z":0},"scale":{"x":"32","y":16,"z":16}},{"class":"cube","position":{"x":2016,"y":344,"z":0},"rotation":{"x":0,"y":0,"z":0},"scale":{"x":"32","y":16,"z":16}},{"class":"cube","position":{"x":2208,"y":384,"z":0},"rotation":{"x":0,"y":0,"z":0},"scale":{"x":"32","y":16,"z":16}},{"class":"cube","position":{"x":2400,"y":416,"z":0},"rotation":{"x":0,"y":0,"z":0},"scale":{"x":"32","y":16,"z":16}},{"class":"cube","position":{"x":2592,"y":448,"z":0},"rotation":{"x":0,"y":0,"z":0},"scale":{"x":"32","y":16,"z":16}},{"class":"finish","position":{"x":2784,"y":480,"z":0},"rotation":{"x":0,"y":0,"z":0},"scale":{"x":"16","y":16,"z":16}}]}