{"name":"Campaign Level 27","children":[{"class":"player","position":{"x":-56,"y":8,"z":0},"rotation":{"x":0,"y":0,"z":0},"scale":{"x":16,"y":16,"z":16},"isStatic":false,"friction":0},{"class":"direction","position":{"x":-64,"y":-16,"z":0},"rotation":{"x":0,"y":0,"z":0},"scale":{"x":16,"y":16,"z":16}},{"class":"cube","position":{"x":1208,"y":8,"z":0},"rotation":{"x":0,"y":0,"z":0},"scale":{"x":16,"y":"32","z":16}},{"class":"spike","position":{"x":1208,"y":32,"z":0},"rotation":{"x":0,"y":0,"z":0},"scale":{"x":16,"y":16,"z":16}},{"class":"cube","position":{"x":1336,"y":-16,"z":0},"rotation":{"x":0,"y":0,"z":0},"scale":{"x":"256","y":16,"z":16}},{"class":"cube","position":{"x":64,"y":-16,"z":0},"rotation":{"x":0,"y":0,"z":0},"scale":{"x":"240","y":16,"z":16}},{"class":"cube","position":{"x":312,"y":-16,"z":0},"rotation":{"x":0,"y":0,"z":0},"scale":{"x":"256","y":16,"z":16}},{"class":"cube","position":{"x":184,"y":8,"z":0},"rotation":{"x":0,"y":0,"z":0},"scale":{"x":16,"y":"32","z":16}},{"class":"spike","position":{"x":184,"y":32,"z":0},"rotation":{"x":0,"y":0,"z":0},"scale":{"x":16,"y":16,"z":16}},{"class":"cube","position":{"x":440,"y":8,"z":0},"rotation":{"x":0,"y":0,"z":0},"scale":{"x":16,"y":"32","z":16}},{"class":"spike","position":{"x":440,"y":32,"z":0},"rotation":{"x":0,"y":0,"z":0},"scale":{"x":16,"y":16,"z":16}},{"class":"cube","position":{"x":440,"y":80,"z":0},"rotation":{"x":0,"y":0,"z":0},"scale":{"x":"80","y":16,"z":16}},{"class":"cube","position":{"x":568,"y":-16,"z":0},"rotation":{"x":0,"y":0,"z":0},"scale":{"x":"256","y":16,"z":16}},{"class":"cube","position":{"x":696,"y":8,"z":0},"rotation":{"x":0,"y":0,"z":0},"scale":{"x":16,"y":"32","z":16}},{"class":"spike","position":{"x":696,"y":32,"z":0},"rotation":{"x":0,"y":0,"z":0},"scale":{"x":16,"y":16,"z":16}},{"class":"cube","position":{"x":696,"y":80,"z":0},"rotation":{"x":0,"y":0,"z":0},"scale":{"x":"80","y":16,"z":16}},{"class":"cube","position":{"x":824,"y":-16,"z":0},"rotation":{"x":0,"y":0,"z":0},"scale":{"x":"256","y":16,"z":16}},{"class":"cube","position":{"x":56,"y":136,"z":0},"rotation":{"x":0,"y":0,"z":0},"scale":{"x":16,"y":"64","z":16}},{"class":"spike","position":{"x":56,"y":96,"z":0},"rotation":{"x":0,"y":0,"z":-3.141592653589793},"scale":{"x":16,"y":16,"z":16}},{"class":"cube","position":{"x":1080,"y":-16,"z":0},"rotation":{"x":0,"y":0,"z":0},"scale":{"x":"256","y":16,"z":16}},{"class":"cube","position":{"x":-112,"y":120,"z":0},"rotation":{"x":0,"y":0,"z":0},"scale":{"x":"16","y":"416","z":16}},{"class":"bounce","position":{"x":-88,"y":-72,"z":0},"rotation":{"x":0,"y":0,"z":0},"scale":{"x":"32","y":"32","z":16}},{"class":"cube","position":{"x":-88,"y":-96,"z":0},"rotation":{"x":0,"y":0,"z":0},"scale":{"x":"64","y":16,"z":16}},{"class":"cube","position":{"x":-64,"y":-56,"z":0},"rotation":{"x":0,"y":0,"z":0},"scale":{"x":"16","y":"64","z":16}},{"class":"cube","position":{"x":1296,"y":80,"z":0},"rotation":{"x":0,"y":0,"z":0},"scale":{"x":"256","y":16,"z":16}},{"class":"cube","position":{"x":952,"y":8,"z":0},"rotation":{"x":0,"y":0,"z":0},"scale":{"x":16,"y":"32","z":16}},{"class":"spike","position":{"x":952,"y":32,"z":0},"rotation":{"x":0,"y":0,"z":0},"scale":{"x":16,"y":16,"z":16}},{"class":"cube","position":{"x":952,"y":80,"z":0},"rotation":{"x":0,"y":0,"z":0},"scale":{"x":"80","y":16,"z":16}},{"class":"cube","position":{"x":56,"y":176,"z":0},"rotation":{"x":0,"y":0,"z":0},"scale":{"x":"80","y":16,"z":16}},{"class":"spike","position":{"x":1080,"y":96,"z":0},"rotation":{"x":0,"y":0,"z":-3.141592653589793},"scale":{"x":16,"y":16,"z":16}},{"class":"cube","position":{"x":1080,"y":136,"z":0},"rotation":{"x":0,"y":0,"z":0},"scale":{"x":16,"y":"64","z":16}},{"class":"cube","position":{"x":1080,"y":176,"z":0},"rotation":{"x":0,"y":0,"z":0},"scale":{"x":"80","y":16,"z":16}},{"class":"spike","position":{"x":824,"y":96,"z":0},"rotation":{"x":0,"y":0,"z":-3.141592653589793},"scale":{"x":16,"y":16,"z":16}},{"class":"cube","position":{"x":824,"y":136,"z":0},"rotation":{"x":0,"y":0,"z":0},"scale":{"x":16,"y":"64","z":16}},{"class":"cube","position":{"x":824,"y":176,"z":0},"rotation":{"x":0,"y":0,"z":0},"scale":{"x":"80","y":16,"z":16}},{"class":"cube","position":{"x":568,"y":176,"z":0},"rotation":{"x":0,"y":0,"z":0},"scale":{"x":"80","y":16,"z":16}},{"class":"cube","position":{"x":568,"y":136,"z":0},"rotation":{"x":0,"y":0,"z":0},"scale":{"x":16,"y":"64","z":16}},{"class":"spike","position":{"x":568,"y":96,"z":0},"rotation":{"x":0,"y":0,"z":-3.141592653589793},"scale":{"x":16,"y":16,"z":16}},{"class":"cube","position":{"x":312,"y":176,"z":0},"rotation":{"x":0,"y":0,"z":0},"scale":{"x":"80","y":16,"z":16}},{"class":"cube","position":{"x":184,"y":80,"z":0},"rotation":{"x":0,"y":0,"z":0},"scale":{"x":"80","y":16,"z":16}},{"class":"cube","position":{"x":312,"y":136,"z":0},"rotation":{"x":0,"y":0,"z":0},"scale":{"x":16,"y":"64","z":16}},{"class":"spike","position":{"x":312,"y":96,"z":0},"rotation":{"x":0,"y":0,"z":-3.141592653589793},"scale":{"x":16,"y":16,"z":16}},{"class":"spike","position":{"x":1160,"y":80,"z":0},"rotation":{"x":0,"y":0,"z":1.5707963267948966},"scale":{"x":16,"y":16,"z":16}},{"class":"spike","position":{"x":1128,"y":176,"z":0},"rotation":{"x":0,"y":0,"z":-1.5707963267948966},"scale":{"x":16,"y":16,"z":16}},{"class":"spike","position":{"x":264,"y":176,"z":0},"rotation":{"x":0,"y":0,"z":1.5707963267948966},"scale":{"x":16,"y":16,"z":16}},{"class":"spike","position":{"x":360,"y":176,"z":0},"rotation":{"x":0,"y":0,"z":-1.5707963267948966},"scale":{"x":16,"y":16,"z":16}},{"class":"spike","position":{"x":616,"y":176,"z":0},"rotation":{"x":0,"y":0,"z":-1.5707963267948966},"scale":{"x":16,"y":16,"z":16}},{"class":"spike","position":{"x":392,"y":80,"z":0},"rotation":{"x":0,"y":0,"z":1.5707963267948966},"scale":{"x":16,"y":16,"z":16}},{"class":"spike","position":{"x":872,"y":176,"z":0},"rotation":{"x":0,"y":0,"z":-1.5707963267948966},"scale":{"x":16,"y":16,"z":16}},{"class":"spike","position":{"x":776,"y":176,"z":0},"rotation":{"x":0,"y":0,"z":1.5707963267948966},"scale":{"x":16,"y":16,"z":16}},{"class":"spike","position":{"x":1032,"y":176,"z":0},"rotation":{"x":0,"y":0,"z":1.5707963267948966},"scale":{"x":16,"y":16,"z":16}},{"class":"spike","position":{"x":1432,"y":80,"z":0},"rotation":{"x":0,"y":0,"z":-1.5707963267948966},"scale":{"x":16,"y":16,"z":16}},{"class":"cube","position":{"x":1456,"y":-56,"z":0},"rotation":{"x":0,"y":0,"z":0},"scale":{"x":"16","y":"64","z":16}},{"class":"cube","position":{"x":1480,"y":-96,"z":0},"rotation":{"x":0,"y":0,"z":0},"scale":{"x":"64","y":16,"z":16}},{"class":"cube","position":{"x":1504,"y":56,"z":0},"rotation":{"x":0,"y":0,"z":0},"scale":{"x":"16","y":"288","z":16}},{"class":"direction","position":{"x":1480,"y":184,"z":0},"rotation":{"x":0,"y":0,"z":3.141592653589793},"scale":{"x":"32","y":"32","z":16}},{"class":"bounce","position":{"x":1480,"y":-72,"z":0},"rotation":{"x":0,"y":0,"z":0},"scale":{"x":"32","y":"32","z":16}},{"class":"checkpoint","position":{"x":1480,"y":-16,"z":0},"rotation":{"x":0,"y":0,"z":0},"scale":{"x":16,"y":16,"z":16}},{"class":"spike","position":{"x":1000,"y":80,"z":0},"rotation":{"x":0,"y":0,"z":-1.5707963267948966},"scale":{"x":16,"y":16,"z":16}},{"class":"spike","position":{"x":904,"y":80,"z":0},"rotation":{"x":0,"y":0,"z":1.5707963267948966},"scale":{"x":16,"y":16,"z":16}},{"class":"spike","position":{"x":744,"y":80,"z":0},"rotation":{"x":0,"y":0,"z":-1.5707963267948966},"scale":{"x":16,"y":16,"z":16}},{"class":"spike","position":{"x":520,"y":176,"z":0},"rotation":{"x":0,"y":0,"z":1.5707963267948966},"scale":{"x":16,"y":16,"z":16}},{"class":"spike","position":{"x":648,"y":80,"z":0},"rotation":{"x":0,"y":0,"z":1.5707963267948966},"scale":{"x":16,"y":16,"z":16}},{"class":"spike","position":{"x":488,"y":80,"z":0},"rotation":{"x":0,"y":0,"z":-1.5707963267948966},"scale":{"x":16,"y":16,"z":16}},{"class":"spike","position":{"x":104,"y":176,"z":0},"rotation":{"x":0,"y":0,"z":-1.5707963267948966},"scale":{"x":16,"y":16,"z":16}},{"class":"spike","position":{"x":8,"y":176,"z":0},"rotation":{"x":0,"y":0,"z":1.5707963267948966},"scale":{"x":16,"y":16,"z":16}},{"class":"spike","position":{"x":136,"y":80,"z":0},"rotation":{"x":0,"y":0,"z":1.5707963267948966},"scale":{"x":16,"y":16,"z":16}},{"class":"spike","position":{"x":232,"y":80,"z":0},"rotation":{"x":0,"y":0,"z":-1.5707963267948966},"scale":{"x":16,"y":16,"z":16}},{"class":"finish","position":{"x":-88,"y":312,"z":0},"rotation":{"x":0,"y":0,"z":0},"scale":{"x":"32","y":"32","z":16}}]}