{"name":"Campaign Level 26","children":[{"class":"player","position":{"x":0,"y":0,"z":0},"rotation":{"x":0,"y":0,"z":0},"scale":{"x":16,"y":16,"z":16},"isStatic":false,"friction":0},{"class":"direction","position":{"x":-16,"y":352,"z":0},"rotation":{"x":0,"y":0,"z":0},"scale":{"x":"64","y":"64","z":16}},{"class":"cube","position":{"x":48,"y":312,"z":0},"rotation":{"x":0,"y":0,"z":0},"scale":{"x":"192","y":16,"z":16}},{"class":"cube","position":{"x":1136,"y":504,"z":0},"rotation":{"x":0,"y":0,"z":0},"scale":{"x":"192","y":16,"z":16}},{"class":"cube","position":{"x":1048,"y":80,"z":0},"rotation":{"x":0,"y":0,"z":0},"scale":{"x":16,"y":"64","z":16}},{"class":"cube","position":{"x":136,"y":-64,"z":0},"rotation":{"x":0,"y":0,"z":0},"scale":{"x":16,"y":"32","z":16}},{"class":"cube","position":{"x":208,"y":-88,"z":0},"rotation":{"x":0,"y":0,"z":0},"scale":{"x":"160","y":16,"z":16}},{"class":"cube","position":{"x":280,"y":-48,"z":0},"rotation":{"x":0,"y":0,"z":0},"scale":{"x":16,"y":"64","z":16}},{"class":"cube","position":{"x":304,"y":-8,"z":0},"rotation":{"x":0,"y":0,"z":0},"scale":{"x":"64","y":16,"z":16}},{"class":"cube","position":{"x":328,"y":-32,"z":0},"rotation":{"x":0,"y":0,"z":0},"scale":{"x":16,"y":"32","z":16}},{"class":"cube","position":{"x":400,"y":-56,"z":0},"rotation":{"x":0,"y":0,"z":0},"scale":{"x":"160","y":16,"z":16}},{"class":"cube","position":{"x":472,"y":-16,"z":0},"rotation":{"x":0,"y":0,"z":0},"scale":{"x":16,"y":"64","z":16}},{"class":"cube","position":{"x":496,"y":24,"z":0},"rotation":{"x":0,"y":0,"z":0},"scale":{"x":"64","y":16,"z":16}},{"class":"cube","position":{"x":520,"y":0,"z":0},"rotation":{"x":0,"y":0,"z":0},"scale":{"x":16,"y":"32","z":16}},{"class":"cube","position":{"x":592,"y":-24,"z":0},"rotation":{"x":0,"y":0,"z":0},"scale":{"x":"160","y":16,"z":16}},{"class":"cube","position":{"x":664,"y":16,"z":0},"rotation":{"x":0,"y":0,"z":0},"scale":{"x":16,"y":"64","z":16}},{"class":"cube","position":{"x":688,"y":56,"z":0},"rotation":{"x":0,"y":0,"z":0},"scale":{"x":"64","y":16,"z":16}},{"class":"cube","position":{"x":712,"y":32,"z":0},"rotation":{"x":0,"y":0,"z":0},"scale":{"x":16,"y":"32","z":16}},{"class":"cube","position":{"x":856,"y":48,"z":0},"rotation":{"x":0,"y":0,"z":0},"scale":{"x":16,"y":"64","z":16}},{"class":"cube","position":{"x":904,"y":64,"z":0},"rotation":{"x":0,"y":0,"z":0},"scale":{"x":16,"y":"32","z":16}},{"class":"cube","position":{"x":976,"y":40,"z":0},"rotation":{"x":0,"y":0,"z":0},"scale":{"x":"160","y":16,"z":16}},{"class":"cube","position":{"x":880,"y":88,"z":0},"rotation":{"x":0,"y":0,"z":0},"scale":{"x":"64","y":16,"z":16}},{"class":"cube","position":{"x":784,"y":8,"z":0},"rotation":{"x":0,"y":0,"z":0},"scale":{"x":"160","y":16,"z":16}},{"class":"cube","position":{"x":880,"y":184,"z":0},"rotation":{"x":0,"y":0,"z":0},"scale":{"x":"64","y":16,"z":16}},{"class":"cube","position":{"x":688,"y":216,"z":0},"rotation":{"x":0,"y":0,"z":0},"scale":{"x":"64","y":16,"z":16}},{"class":"cube","position":{"x":496,"y":248,"z":0},"rotation":{"x":0,"y":0,"z":0},"scale":{"x":"64","y":16,"z":16}},{"class":"cube","position":{"x":864,"y":472,"z":0},"rotation":{"x":0,"y":0,"z":0},"scale":{"x":"32","y":16,"z":16}},{"class":"cube","position":{"x":88,"y":-40,"z":0},"rotation":{"x":0,"y":0,"z":0},"scale":{"x":"112","y":16,"z":16}},{"class":"direction","position":{"x":0,"y":-64,"z":0},"rotation":{"x":0,"y":0,"z":0},"scale":{"x":"64","y":"64","z":16}},{"class":"cube","position":{"x":304,"y":280,"z":0},"rotation":{"x":0,"y":0,"z":0},"scale":{"x":"64","y":16,"z":16}},{"class":"cube","position":{"x":288,"y":376,"z":0},"rotation":{"x":0,"y":0,"z":0},"scale":{"x":"32","y":16,"z":16}},{"class":"cube","position":{"x":480,"y":408,"z":0},"rotation":{"x":0,"y":0,"z":0},"scale":{"x":"32","y":16,"z":16}},{"class":"cube","position":{"x":672,"y":440,"z":0},"rotation":{"x":0,"y":0,"z":0},"scale":{"x":"32","y":16,"z":16}},{"class":"cube","position":{"x":1136,"y":120,"z":0},"rotation":{"x":0,"y":0,"z":0},"scale":{"x":"192","y":16,"z":16}},{"class":"direction","position":{"x":1200,"y":160,"z":0},"rotation":{"x":0,"y":0,"z":3.141592653589793},"scale":{"x":"64","y":"64","z":16}},{"class":"direction","position":{"x":1200,"y":544,"z":0},"rotation":{"x":0,"y":0,"z":3.141592653589793},"scale":{"x":"64","y":"64","z":16}},{"class":"direction","position":{"x":1049,"y":1184,"z":0},"rotation":{"x":0,"y":0,"z":0},"scale":{"x":16,"y":16,"z":16}},{"class":"cube","position":{"x":1048,"y":1008,"z":0},"rotation":{"x":0,"y":0,"z":0},"scale":{"x":16,"y":"112","z":16}},{"class":"direction","position":{"x":1103,"y":1056,"z":0},"rotation":{"x":0,"y":0,"z":3.141592653589793},"scale":{"x":16,"y":16,"z":16}},{"class":"cube","position":{"x":1104,"y":880,"z":0},"rotation":{"x":0,"y":0,"z":0},"scale":{"x":16,"y":"112","z":16}},{"class":"finish","position":{"x":1103,"y":1296,"z":0},"rotation":{"x":0,"y":0,"z":0},"scale":{"x":16,"y":16,"z":16}},{"class":"cube","position":{"x":1104,"y":752,"z":0},"rotation":{"x":0,"y":0,"z":0},"scale":{"x":16,"y":"112","z":16}},{"class":"cube","position":{"x":1064,"y":816,"z":0},"rotation":{"x":0,"y":0,"z":0},"scale":{"x":16,"y":16,"z":16}},{"class":"spike","position":{"x":1088,"y":1200,"z":0},"rotation":{"x":0,"y":0,"z":0},"scale":{"x":16,"y":16,"z":16}},{"class":"spike","position":{"x":1088,"y":720,"z":0},"rotation":{"x":0,"y":0,"z":0},"scale":{"x":16,"y":16,"z":16}},{"class":"cube","position":{"x":1088,"y":704,"z":0},"rotation":{"x":0,"y":0,"z":0},"scale":{"x":16,"y":16,"z":16}},{"class":"cube","position":{"x":1088,"y":1184,"z":0},"rotation":{"x":0,"y":0,"z":0},"scale":{"x":16,"y":16,"z":16}},{"class":"cube","position":{"x":1048,"y":640,"z":0},"rotation":{"x":0,"y":0,"z":0},"scale":{"x":16,"y":"112","z":16}},{"class":"cube","position":{"x":1048,"y":768,"z":0},"rotation":{"x":0,"y":0,"z":0},"scale":{"x":16,"y":"112","z":16}},{"class":"direction","position":{"x":1049,"y":704,"z":0},"rotation":{"x":0,"y":0,"z":0},"scale":{"x":16,"y":16,"z":16}},{"class":"spike","position":{"x":1064,"y":832,"z":0},"rotation":{"x":0,"y":0,"z":0},"scale":{"x":16,"y":16,"z":16}},{"class":"cube","position":{"x":1048,"y":880,"z":0},"rotation":{"x":0,"y":0,"z":0},"scale":{"x":16,"y":"112","z":16}},{"class":"cube","position":{"x":1048,"y":1248,"z":0},"rotation":{"x":0,"y":0,"z":0},"scale":{"x":16,"y":"112","z":16}},{"class":"direction","position":{"x":1103,"y":816,"z":0},"rotation":{"x":0,"y":0,"z":3.141592653589793},"scale":{"x":16,"y":16,"z":16}},{"class":"cube","position":{"x":1104,"y":992,"z":0},"rotation":{"x":0,"y":0,"z":0},"scale":{"x":16,"y":"112","z":16}},{"class":"cube","position":{"x":1088,"y":928,"z":0},"rotation":{"x":0,"y":0,"z":0},"scale":{"x":16,"y":16,"z":16}},{"class":"spike","position":{"x":1088,"y":944,"z":0},"rotation":{"x":0,"y":0,"z":0},"scale":{"x":16,"y":16,"z":16}},{"class":"cube","position":{"x":1104,"y":1232,"z":0},"rotation":{"x":0,"y":0,"z":0},"scale":{"x":16,"y":"112","z":16}},{"class":"direction","position":{"x":1049,"y":944,"z":0},"rotation":{"x":0,"y":0,"z":0},"scale":{"x":16,"y":16,"z":16}},{"class":"cube","position":{"x":1104,"y":1120,"z":0},"rotation":{"x":0,"y":0,"z":0},"scale":{"x":16,"y":"112","z":16}},{"class":"cube","position":{"x":1064,"y":1056,"z":0},"rotation":{"x":0,"y":0,"z":0},"scale":{"x":16,"y":16,"z":16}},{"class":"spike","position":{"x":1064,"y":1072,"z":0},"rotation":{"x":0,"y":0,"z":0},"scale":{"x":16,"y":16,"z":16}},{"class":"cube","position":{"x":1048,"y":1120,"z":0},"rotation":{"x":0,"y":0,"z":0},"scale":{"x":16,"y":"112","z":16}},{"class":"spike","position":{"x":952,"y":56,"z":0},"rotation":{"x":0,"y":0,"z":0},"scale":{"x":16,"y":16,"z":16}},{"class":"spike","position":{"x":152,"y":-72,"z":0},"rotation":{"x":0,"y":0,"z":0},"scale":{"x":16,"y":16,"z":16}},{"class":"spike","position":{"x":168,"y":-72,"z":0},"rotation":{"x":0,"y":0,"z":0},"scale":{"x":16,"y":16,"z":16}},{"class":"spike","position":{"x":184,"y":-72,"z":0},"rotation":{"x":0,"y":0,"z":0},"scale":{"x":16,"y":16,"z":16}},{"class":"spike","position":{"x":344,"y":-40,"z":0},"rotation":{"x":0,"y":0,"z":0},"scale":{"x":16,"y":16,"z":16}},{"class":"spike","position":{"x":360,"y":-40,"z":0},"rotation":{"x":0,"y":0,"z":0},"scale":{"x":16,"y":16,"z":16}},{"class":"spike","position":{"x":376,"y":-40,"z":0},"rotation":{"x":0,"y":0,"z":0},"scale":{"x":16,"y":16,"z":16}},{"class":"spike","position":{"x":536,"y":-8,"z":0},"rotation":{"x":0,"y":0,"z":0},"scale":{"x":16,"y":16,"z":16}},{"class":"spike","position":{"x":552,"y":-8,"z":0},"rotation":{"x":0,"y":0,"z":0},"scale":{"x":16,"y":16,"z":16}},{"class":"spike","position":{"x":568,"y":-8,"z":0},"rotation":{"x":0,"y":0,"z":0},"scale":{"x":16,"y":16,"z":16}},{"class":"spike","position":{"x":728,"y":24,"z":0},"rotation":{"x":0,"y":0,"z":0},"scale":{"x":16,"y":16,"z":16}},{"class":"spike","position":{"x":744,"y":24,"z":0},"rotation":{"x":0,"y":0,"z":0},"scale":{"x":16,"y":16,"z":16}},{"class":"spike","position":{"x":760,"y":24,"z":0},"rotation":{"x":0,"y":0,"z":0},"scale":{"x":16,"y":16,"z":16}},{"class":"spike","position":{"x":920,"y":56,"z":0},"rotation":{"x":0,"y":0,"z":0},"scale":{"x":16,"y":16,"z":16}},{"class":"spike","position":{"x":936,"y":56,"z":0},"rotation":{"x":0,"y":0,"z":0},"scale":{"x":16,"y":16,"z":16}},{"class":"checkpoint","position":{"x":-40,"y":408,"z":0},"rotation":{"x":0,"y":0,"z":0},"scale":{"x":16,"y":16,"z":16}},{"class":"cube","position":{"x":1240,"y":168,"z":0},"rotation":{"x":0,"y":0,"z":0},"scale":{"x":16,"y":"112","z":16}},{"class":"cube","position":{"x":-56,"y":360,"z":0},"rotation":{"x":0,"y":0,"z":0},"scale":{"x":16,"y":"112","z":16}},{"class":"checkpoint","position":{"x":1224,"y":216,"z":0},"rotation":{"x":0,"y":0,"z":0},"scale":{"x":16,"y":16,"z":16}},{"class":"checkpoint","position":{"x":1224,"y":600,"z":0},"rotation":{"x":0,"y":0,"z":0},"scale":{"x":16,"y":16,"z":16}},{"class":"cube","position":{"x":1240,"y":552,"z":0},"rotation":{"x":0,"y":0,"z":0},"scale":{"x":16,"y":"112","z":16}}]}