{"name": "Campaign Level 6","children":[{"class":"player","position":{"x":-16,"y":-33,"z":0},"rotation":{"x":0,"y":0,"z":3.0456787885366197e-16},"scale":{"x":16,"y":16,"z":16},"isStatic":false,"friction":0},{"class":"cube","position":{"x":0,"y":-64,"z":0},"rotation":{"x":0,"y":0,"z":-0.2617993877991494},"scale":{"x":64,"y":16,"z":16}},{"class":"cube","position":{"x":56,"y":-88,"z":0},"rotation":{"x":0,"y":0,"z":-0.5235987755982988},"scale":{"x":"64","y":16,"z":16}},{"class":"cube","position":{"x":111,"y":-131,"z":0},"rotation":{"x":0,"y":0,"z":-0.7853981633974483},"scale":{"x":"80","y":16,"z":16}},{"class":"cube","position":{"x":163,"y":-173,"z":0},"rotation":{"x":0,"y":0,"z":-0.5235987755982988},"scale":{"x":"64","y":16,"z":16}},{"class":"cube","position":{"x":210,"y":-194,"z":0},"rotation":{"x":0,"y":0,"z":-0.2617993877991494},"scale":{"x":"48","y":16,"z":16}},{"class":"cube","position":{"x":304,"y":-200,"z":0},"rotation":{"x":0,"y":0,"z":0},"scale":{"x":"144","y":16,"z":16}},{"class":"cube","position":{"x":744,"y":-112,"z":0},"rotation":{"x":0,"y":0,"z":-0.5235987755982988},"scale":{"x":"64","y":16,"z":16}},{"class":"cube","position":{"x":800,"y":-136,"z":0},"rotation":{"x":0,"y":0,"z":-0.2617993877991494},"scale":{"x":"64","y":16,"z":16}},{"class":"cube","position":{"x":864,"y":-144,"z":0},"rotation":{"x":0,"y":0,"z":0},"scale":{"x":"80","y":16,"z":16}},{"class":"cube","position":{"x":928,"y":-136,"z":0},"rotation":{"x":0,"y":0,"z":0.2617993877991494},"scale":{"x":"64","y":16,"z":16}},{"class":"cube","position":{"x":968,"y":-120,"z":0},"rotation":{"x":0,"y":0,"z":0.5235987755982988},"scale":{"x":"48","y":16,"z":16}},{"class":"cube","position":{"x":1312,"y":-104,"z":0},"rotation":{"x":0,"y":0,"z":0},"scale":{"x":"496","y":16,"z":16}},{"class":"cube","position":{"x":1600,"y":-104,"z":0},"rotation":{"x":0,"y":0,"z":0},"scale":{"x":"16","y":"16","z":16}},{"class":"bounce","position":{"x":1640,"y":-80,"z":0},"rotation":{"x":0,"y":0,"z":0},"scale":{"x":"32","y":"32","z":16}},{"class":"cube","position":{"x":1664,"y":48,"z":0},"rotation":{"x":0,"y":0,"z":0},"scale":{"x":16,"y":"320","z":16}},{"class":"spike","position":{"x":1568,"y":-120,"z":0},"rotation":{"x":0,"y":0,"z":0},"scale":{"x":16,"y":16,"z":16}},{"class":"spike","position":{"x":1584,"y":-120,"z":0},"rotation":{"x":0,"y":0,"z":0},"scale":{"x":16,"y":16,"z":16}},{"class":"cube","position":{"x":1552,"y":-120,"z":0},"rotation":{"x":0,"y":0,"z":0},"scale":{"x":16,"y":16,"z":16}},{"class":"cube","position":{"x":1576,"y":-136,"z":0},"rotation":{"x":0,"y":0,"z":0},"scale":{"x":"64","y":16,"z":16}},{"class":"cube","position":{"x":1600,"y":-120,"z":0},"rotation":{"x":0,"y":0,"z":0},"scale":{"x":16,"y":16,"z":16}},{"class":"cube","position":{"x":1632,"y":-104,"z":0},"rotation":{"x":0,"y":0,"z":0},"scale":{"x":"48","y":16,"z":16}},{"class":"cube","position":{"x":1649,"y":231,"z":0},"rotation":{"x":0,"y":0,"z":-1.0471975511965976},"scale":{"x":"64","y":16,"z":16}},{"class":"cube","position":{"x":1609,"y":271,"z":0},"rotation":{"x":0,"y":0,"z":-0.5235987755982988},"scale":{"x":"64","y":16,"z":16}},{"class":"cube","position":{"x":1552,"y":288,"z":0},"rotation":{"x":0,"y":0,"z":0},"scale":{"x":"64","y":16,"z":16}},{"class":"cube","position":{"x":1272,"y":200,"z":0},"rotation":{"x":0,"y":0,"z":0},"scale":{"x":"512","y":16,"z":16}},{"class":"cube","position":{"x":816,"y":200,"z":0},"rotation":{"x":0,"y":0,"z":0},"scale":{"x":"400","y":16,"z":16}},{"class":"cube","position":{"x":-96,"y":-56,"z":0},"rotation":{"x":0,"y":0,"z":0},"scale":{"x":"32","y":16,"z":16}},{"class":"finish","position":{"x":-88,"y":-40,"z":0},"rotation":{"x":0,"y":0,"z":0},"scale":{"x":16,"y":16,"z":16}},{"class":"cube","position":{"x":-104,"y":208,"z":0},"rotation":{"x":0,"y":0,"z":0},"scale":{"x":16,"y":"512","z":16}},{"class":"cube","position":{"x":360,"y":200,"z":0},"rotation":{"x":0,"y":0,"z":0},"scale":{"x":"288","y":16,"z":16}},{"class":"cube","position":{"x":72,"y":200,"z":0},"rotation":{"x":0,"y":0,"z":0},"scale":{"x":"288","y":16,"z":16}},{"class":"cube","position":{"x":-68,"y":190,"z":0},"rotation":{"x":0,"y":0,"z":-0.2617993877991494},"scale":{"x":"16","y":"32","z":16}},{"class":"cube","position":{"x":568,"y":-176,"z":0},"rotation":{"x":0,"y":0,"z":0},"scale":{"x":"96","y":"64","z":16}},{"class":"cube","position":{"x":389,"y":-196,"z":0},"rotation":{"x":0,"y":0,"z":0.2617993877991494},"scale":{"x":"32","y":16,"z":16}},{"class":"cube","position":{"x":414,"y":-185,"z":0},"rotation":{"x":0,"y":0,"z":0.5235987755982988},"scale":{"x":"32","y":16,"z":16}},{"class":"cube","position":{"x":437,"y":-167,"z":0},"rotation":{"x":0,"y":0,"z":0.7853981633974483},"scale":{"x":"32","y":16,"z":16}},{"class":"cube","position":{"x":454,"y":-144,"z":0},"rotation":{"x":0,"y":0,"z":1.0471975511965976},"scale":{"x":"32","y":16,"z":16}},{"class":"cube","position":{"x":705,"y":-93,"z":0},"rotation":{"x":0,"y":0,"z":-0.2617993877991494},"scale":{"x":"32","y":16,"z":16}},{"class":"cube","position":{"x":677,"y":-89,"z":0},"rotation":{"x":0,"y":0,"z":0},"scale":{"x":"32","y":16,"z":16}},{"class":"bounce","position":{"x":568,"y":-136,"z":0},"rotation":{"x":0,"y":0,"z":0},"scale":{"x":"96","y":16,"z":16}},{"class":"spike","position":{"x":1016,"y":216,"z":0},"rotation":{"x":0,"y":0,"z":0},"scale":{"x":16,"y":16,"z":16}},{"class":"spike","position":{"x":216,"y":216,"z":0},"rotation":{"x":0,"y":0,"z":0},"scale":{"x":16,"y":16,"z":16}}]}