{"name":"Campaign Level 36","children":[{"class":"player","position":{"x":0,"y":0,"z":0},"rotation":{"x":0,"y":0,"z":0},"scale":{"x":16,"y":16,"z":16},"isStatic":false,"friction":0},{"class":"cube","position":{"x":-8,"y":-40,"z":0},"rotation":{"x":0,"y":0,"z":-0.6116907958598166},"scale":{"x":64,"y":16,"z":16}},{"class":"cube","position":{"x":144,"y":-8,"z":0},"rotation":{"x":0,"y":0,"z":-0.21342736535044393},"scale":{"x":16,"y":16,"z":16}},{"class":"spike","position":{"x":265,"y":57,"z":0},"rotation":{"x":0,"y":0,"z":1.2914657990760536},"scale":{"x":16,"y":16,"z":16}},{"class":"cube","position":{"x":338,"y":26,"z":0},"rotation":{"x":0,"y":0,"z":0},"scale":{"x":16,"y":16,"z":16}},{"class":"cube","position":{"x":464,"y":128,"z":0},"rotation":{"x":0,"y":0,"z":0},"scale":{"x":16,"y":64,"z":16}},{"class":"cube","position":{"x":715,"y":326,"z":0},"rotation":{"x":0,"y":0,"z":1.8878834103632087},"scale":{"x":16,"y":108,"z":"4"}},{"class":"cube","position":{"x":432,"y":176,"z":0},"rotation":{"x":0,"y":0,"z":-0.7495572973612017},"scale":{"x":16,"y":16,"z":16}},{"class":"spike","position":{"x":480,"y":152,"z":0},"rotation":{"x":0,"y":0,"z":0},"scale":{"x":16,"y":16,"z":16}},{"class":"spike","position":{"x":496,"y":152,"z":0},"rotation":{"x":0,"y":0,"z":0},"scale":{"x":16,"y":16,"z":16}},{"class":"spike","position":{"x":512,"y":152,"z":0},"rotation":{"x":0,"y":0,"z":0},"scale":{"x":16,"y":16,"z":16}},{"class":"cube","position":{"x":464,"y":296,"z":0},"rotation":{"x":0,"y":0,"z":0},"scale":{"x":"80","y":"64","z":16}},{"class":"cube","position":{"x":600,"y":232,"z":0},"rotation":{"x":0,"y":0,"z":0},"scale":{"x":"80","y":"80","z":"16"}},{"class":"spike","position":{"x":432,"y":256,"z":0},"rotation":{"x":0,"y":0,"z":3.141592653589793},"scale":{"x":16,"y":16,"z":16}},{"class":"cube","position":{"x":528,"y":304,"z":0},"rotation":{"x":0,"y":0,"z":2.356194490192345},"scale":{"x":"16","y":"96","z":"4"}},{"class":"cube","position":{"x":648,"y":264,"z":0},"rotation":{"x":0,"y":0,"z":0},"scale":{"x":16,"y":16,"z":16}},{"class":"cube","position":{"x":664,"y":328,"z":0},"rotation":{"x":0,"y":0,"z":0},"scale":{"x":16,"y":"144","z":16}},{"class":"cube","position":{"x":608,"y":392,"z":0},"rotation":{"x":0,"y":0,"z":-0.7853981633974483},"scale":{"x":"160","y":"16","z":"4"}},{"class":"cube","position":{"x":360,"y":408,"z":0},"rotation":{"x":0,"y":0,"z":0},"scale":{"x":"288","y":16,"z":"4"}},{"class":"cube","position":{"x":96,"y":416,"z":0},"rotation":{"x":0,"y":0,"z":-0.09930714118791026},"scale":{"x":"112","y":16,"z":"4"}},{"class":"cube","position":{"x":48,"y":368,"z":0},"rotation":{"x":0,"y":0,"z":0},"scale":{"x":16,"y":"112","z":16}},{"class":"cube","position":{"x":48,"y":-200,"z":0},"rotation":{"x":0,"y":0,"z":0},"scale":{"x":16,"y":"112","z":16}},{"class":"cube","position":{"x":80,"y":-200,"z":0},"rotation":{"x":0,"y":0,"z":0},"scale":{"x":"16","y":"112","z":16}},{"class":"cube","position":{"x":80,"y":336,"z":0},"rotation":{"x":0,"y":0,"z":0},"scale":{"x":16,"y":"48","z":16}},{"class":"spike","position":{"x":544,"y":432,"z":0},"rotation":{"x":0,"y":0,"z":-2.356194490192345},"scale":{"x":16,"y":16,"z":"4"}},{"class":"cube","position":{"x":528,"y":456,"z":0},"rotation":{"x":0,"y":0,"z":0.7853981633974483},"scale":{"x":112,"y":48,"z":16}},{"class":"resize","position":{"x":64,"y":400,"z":0},"rotation":{"x":0,"y":0,"z":0},"scale":{"x":8,"y":8,"z":8}},{"class":"gravity","position":{"x":64,"y":320,"z":0},"rotation":{"x":0,"y":0,"z":0},"scale":{"x":16,"y":16,"z":16}},{"class":"cube","position":{"x":88,"y":-192,"z":0},"rotation":{"x":0,"y":0,"z":-0.7853981633974483},"scale":{"x":"48","y":16,"z":"4"}},{"class":"cube","position":{"x":40,"y":-152,"z":0},"rotation":{"x":0,"y":0,"z":-0.7853981633974483},"scale":{"x":"48","y":16,"z":"4"}},{"class":"cube","position":{"x":208,"y":-384,"z":0},"rotation":{"x":0,"y":0,"z":-1.5707963267948966},"scale":{"x":"256","y":16,"z":16}},{"class":"cube","position":{"x":152,"y":-248,"z":0},"rotation":{"x":0,"y":0,"z":0},"scale":{"x":"128","y":16,"z":16}},{"class":"cube","position":{"x":-24,"y":-248,"z":0},"rotation":{"x":0,"y":0,"z":0},"scale":{"x":"128","y":16,"z":16}},{"class":"cube","position":{"x":64,"y":-504,"z":0},"rotation":{"x":0,"y":0,"z":0},"scale":{"x":"272","y":16,"z":16}},{"class":"cube","position":{"x":-80,"y":-384,"z":0},"rotation":{"x":0,"y":0,"z":-1.5707963267948966},"scale":{"x":"256","y":16,"z":16}},{"class":"finish","position":{"x":-64,"y":-264,"z":0},"rotation":{"x":0,"y":0,"z":0},"scale":{"x":16,"y":16,"z":16}},{"class":"cube","position":{"x":47,"y":-467,"z":0},"rotation":{"x":0,"y":0,"z":-0.3566878227970468},"scale":{"x":392,"y":"64","z":"4"}},{"class":"cube","position":{"x":200,"y":-416,"z":0},"rotation":{"x":0,"y":0,"z":-0.7853981633974483},"scale":{"x":16,"y":16,"z":16}},{"class":"cube","position":{"x":32,"y":432,"z":0},"rotation":{"x":0,"y":0,"z":-0.6295975720764242},"scale":{"x":48,"y":104,"z":"4"}},{"class":"spike","position":{"x":192,"y":-488,"z":0},"rotation":{"x":0,"y":0,"z":0},"scale":{"x":16,"y":16,"z":16}},{"class":"cube","position":{"x":48,"y":-400,"z":0},"rotation":{"x":0,"y":0,"z":0},"scale":{"x":16,"y":16,"z":16}},{"class":"gravity","position":{"x":648,"y":280,"z":0},"rotation":{"x":0,"y":0,"z":-3.141592653589793},"scale":{"x":16,"y":16,"z":16}},{"class":"cube","position":{"x":352,"y":336,"z":0},"rotation":{"x":0,"y":0,"z":0},"scale":{"x":"432","y":16,"z":16}},{"class":"spike","position":{"x":96,"y":320,"z":0},"rotation":{"x":0,"y":0,"z":-1.5707963267948966},"scale":{"x":16,"y":16,"z":16}},{"class":"spike","position":{"x":96,"y":352,"z":0},"rotation":{"x":0,"y":0,"z":-1.5707963267948966},"scale":{"x":16,"y":16,"z":16}},{"class":"spike","position":{"x":96,"y":336,"z":0},"rotation":{"x":0,"y":0,"z":-1.5707963267948966},"scale":{"x":16,"y":16,"z":16}},{"class":"spike","position":{"x":232,"y":423,"z":0},"rotation":{"x":0,"y":0,"z":-4.54774702836656},"scale":{"x":16,"y":16,"z":16}},{"class":"spike","position":{"x":175,"y":465,"z":0},"rotation":{"x":0,"y":0,"z":-2.8628866359300917},"scale":{"x":16,"y":16,"z":16}},{"class":"spike","position":{"x":189,"y":466,"z":0},"rotation":{"x":0,"y":0,"z":-3.186630902268096},"scale":{"x":16,"y":16,"z":16}},{"class":"spike","position":{"x":212,"y":457,"z":0},"rotation":{"x":0,"y":0,"z":-3.6998248969108025},"scale":{"x":16,"y":16,"z":16}},{"class":"spike","position":{"x":222,"y":449,"z":0},"rotation":{"x":0,"y":0,"z":-3.9145885635868924},"scale":{"x":16,"y":16,"z":16}},{"class":"spike","position":{"x":229,"y":438,"z":0},"rotation":{"x":0,"y":0,"z":-4.328298602100408},"scale":{"x":16,"y":16,"z":16}},{"class":"spike","position":{"x":144,"y":439,"z":0},"rotation":{"x":0,"y":0,"z":-1.9865772981431298},"scale":{"x":16,"y":16,"z":16}},{"class":"spike","position":{"x":161,"y":459,"z":0},"rotation":{"x":0,"y":0,"z":-2.6584981933449883},"scale":{"x":16,"y":16,"z":16}},{"class":"spike","position":{"x":151,"y":451,"z":0},"rotation":{"x":0,"y":0,"z":-2.225932829012664},"scale":{"x":16,"y":16,"z":16}},{"class":"spike","position":{"x":139,"y":425,"z":0},"rotation":{"x":0,"y":0,"z":-1.8945728149700942},"scale":{"x":16,"y":16,"z":16}},{"class":"spike","position":{"x":203,"y":462,"z":0},"rotation":{"x":0,"y":0,"z":-3.5051340804465285},"scale":{"x":16,"y":16,"z":16}},{"class":"spike","position":{"x":368,"y":392,"z":0},"rotation":{"x":0,"y":0,"z":2.356194490192345},"scale":{"x":16,"y":16,"z":"4"}},{"class":"spike","position":{"x":416,"y":392,"z":0},"rotation":{"x":0,"y":0,"z":-2.356194490192345},"scale":{"x":16,"y":16,"z":"4"}},{"class":"cube","position":{"x":392,"y":400,"z":0},"rotation":{"x":0,"y":0,"z":0},"scale":{"x":"48","y":16,"z":"4"}},{"class":"cube","position":{"x":144,"y":320,"z":0},"rotation":{"x":0,"y":0,"z":0},"scale":{"x":16,"y":16,"z":16}},{"class":"cube","position":{"x":-13,"y":-70,"z":0},"rotation":{"x":0,"y":0,"z":1.061658736154265},"scale":{"x":51,"y":16,"z":"4"}},{"class":"cube","position":{"x":-54,"y":-71,"z":0},"rotation":{"x":0,"y":0,"z":0.9860878306718388},"scale":{"x":97,"y":16,"z":"4"}},{"class":"cube","position":{"x":448,"y":104,"z":0},"rotation":{"x":0,"y":0,"z":0},"scale":{"x":16,"y":16,"z":16}},{"class":"cube","position":{"x":482,"y":69,"z":0},"rotation":{"x":0,"y":0,"z":0.6047287871549238},"scale":{"x":16,"y":87,"z":"4"}},{"class":"cube","position":{"x":576,"y":158,"z":0},"rotation":{"x":0,"y":0,"z":-0.2942141417876776},"scale":{"x":16,"y":87,"z":"4"}},{"class":"cube","position":{"x":630,"y":177,"z":0},"rotation":{"x":0,"y":0,"z":0.29720410130080954},"scale":{"x":16,"y":52,"z":"4"}},{"class":"cube","position":{"x":296,"y":318,"z":0},"rotation":{"x":0,"y":0,"z":-0.4228824293497967},"scale":{"x":16,"y":33,"z":"4"}},{"class":"cube","position":{"x":410,"y":455,"z":0},"rotation":{"x":0,"y":0,"z":-0.39584833736420977},"scale":{"x":16,"y":100,"z":"4"}},{"class":"cube","position":{"x":279,"y":434,"z":0},"rotation":{"x":0,"y":0,"z":0.4180486532608717},"scale":{"x":16,"y":57,"z":"4"}},{"class":"cube","position":{"x":195,"y":309,"z":0},"rotation":{"x":0,"y":0,"z":0.4180486532608717},"scale":{"x":16,"y":57,"z":"4"}}]}