{"name": "Campaign Level 15","children":[{"class":"player","position":{"x":-48,"y":152,"z":0},"rotation":{"x":0,"y":0,"z":-3.141592653589793},"scale":{"x":16,"y":16,"z":16},"isStatic":false,"friction":0},{"class":"cube","position":{"x":21,"y":63,"z":0},"rotation":{"x":0,"y":0,"z":-0.5235987755982988},"scale":{"x":"192","y":16,"z":16}},{"class":"cube","position":{"x":120,"y":16,"z":0},"rotation":{"x":0,"y":0,"z":0},"scale":{"x":"48","y":16,"z":16}},{"class":"cube","position":{"x":456,"y":16,"z":0},"rotation":{"x":0,"y":0,"z":0},"scale":{"x":16,"y":16,"z":16}},{"class":"cube","position":{"x":776,"y":16,"z":0},"rotation":{"x":0,"y":0,"z":0},"scale":{"x":16,"y":16,"z":"16"}},{"class":"cube","position":{"x":1096,"y":16,"z":0},"rotation":{"x":0,"y":0,"z":0},"scale":{"x":16,"y":16,"z":16}},{"class":"cube","position":{"x":920,"y":0,"z":0},"rotation":{"x":0,"y":0,"z":0},"scale":{"x":"288","y":16,"z":16}},{"class":"cube","position":{"x":280,"y":0,"z":0},"rotation":{"x":0,"y":0,"z":0},"scale":{"x":"288","y":16,"z":16}},{"class":"cube","position":{"x":592,"y":0,"z":0},"rotation":{"x":0,"y":0,"z":0},"scale":{"x":"288","y":16,"z":16}},{"class":"cube","position":{"x":1400,"y":-96,"z":0},"rotation":{"x":0,"y":0,"z":0},"scale":{"x":"512","y":16,"z":16}},{"class":"cube","position":{"x":1456,"y":24,"z":0},"rotation":{"x":0,"y":0,"z":0},"scale":{"x":"208","y":16,"z":16}},{"class":"spike","position":{"x":288,"y":8,"z":0},"rotation":{"x":0,"y":0,"z":0},"scale":{"x":16,"y":16,"z":"12"}},{"class":"spike","position":{"x":616,"y":8,"z":0},"rotation":{"x":0,"y":0,"z":0},"scale":{"x":16,"y":16,"z":"12"}},{"class":"spike","position":{"x":944,"y":8,"z":0},"rotation":{"x":0,"y":0,"z":0},"scale":{"x":16,"y":16,"z":"12"}},{"class":"cube","position":{"x":1688,"y":256,"z":0},"rotation":{"x":0,"y":0,"z":2.356194490192345},"scale":{"x":"144","y":16,"z":16}},{"class":"cube","position":{"x":1856,"y":-32,"z":0},"rotation":{"x":0,"y":0,"z":0.7853981633974483},"scale":{"x":"208","y":16,"z":16}},{"class":"cube","position":{"x":1840,"y":200,"z":0},"rotation":{"x":0,"y":0,"z":0.7853981633974483},"scale":{"x":"144","y":16,"z":16}},{"class":"cube","position":{"x":1680,"y":40,"z":0},"rotation":{"x":0,"y":0,"z":2.356194490192345},"scale":{"x":"144","y":16,"z":16}},{"class":"cube","position":{"x":1864,"y":87,"z":0},"rotation":{"x":0,"y":0,"z":0.7853981633974483},"scale":{"x":"192","y":16,"z":16}},{"class":"cube","position":{"x":1680,"y":152,"z":0},"rotation":{"x":0,"y":0,"z":2.356194490192345},"scale":{"x":"144","y":16,"z":16}},{"class":"cube","position":{"x":1995,"y":210,"z":0},"rotation":{"x":0,"y":0,"z":-0.2617993877991494},"scale":{"x":"208","y":16,"z":16}},{"class":"cube","position":{"x":2384,"y":176,"z":0},"rotation":{"x":0,"y":0,"z":0},"scale":{"x":"144","y":16,"z":16}},{"class":"bounce","position":{"x":2808,"y":144,"z":0},"rotation":{"x":0,"y":0,"z":0},"scale":{"x":"96","y":16,"z":16}},{"class":"finish","position":{"x":3008,"y":240,"z":0},"rotation":{"x":0,"y":0,"z":0},"scale":{"x":16,"y":16,"z":16}},{"class":"finish","position":{"x":3008,"y":256,"z":0},"rotation":{"x":0,"y":0,"z":0},"scale":{"x":16,"y":16,"z":16}},{"class":"finish","position":{"x":3008,"y":208,"z":0},"rotation":{"x":0,"y":0,"z":0},"scale":{"x":16,"y":16,"z":16}},{"class":"finish","position":{"x":3008,"y":224,"z":0},"rotation":{"x":0,"y":0,"z":0},"scale":{"x":16,"y":16,"z":16}},{"class":"finish","position":{"x":3008,"y":192,"z":0},"rotation":{"x":0,"y":0,"z":0},"scale":{"x":16,"y":16,"z":16}},{"class":"finish","position":{"x":3008,"y":176,"z":0},"rotation":{"x":0,"y":0,"z":0},"scale":{"x":16,"y":16,"z":16}},{"class":"cube","position":{"x":1916,"y":160,"z":0},"rotation":{"x":0,"y":0,"z":0.7853981633974483},"scale":{"x":16,"y":16,"z":16}},{"class":"cube","position":{"x":1913,"y":47,"z":0},"rotation":{"x":0,"y":0,"z":0.7853981633974483},"scale":{"x":16,"y":16,"z":16}},{"class":"finish","position":{"x":3008,"y":144,"z":0},"rotation":{"x":0,"y":0,"z":0},"scale":{"x":16,"y":16,"z":16}},{"class":"finish","position":{"x":3008,"y":160,"z":0},"rotation":{"x":0,"y":0,"z":0},"scale":{"x":16,"y":16,"z":16}},{"class":"finish","position":{"x":3008,"y":128,"z":0},"rotation":{"x":0,"y":0,"z":0},"scale":{"x":16,"y":16,"z":16}},{"class":"cube","position":{"x":120,"y":0,"z":0},"rotation":{"x":0,"y":0,"z":0},"scale":{"x":"48","y":16,"z":16}},{"class":"cube","position":{"x":776,"y":0,"z":0},"rotation":{"x":0,"y":0,"z":0},"scale":{"x":16,"y":16,"z":16}}]}