{"name": "Campaign Level 10","children":[{"class":"player","position":{"x":-72,"y":87,"z":0},"rotation":{"x":0,"y":0,"z":-0.7853981633974483},"scale":{"x":16,"y":16,"z":16},"isStatic":false,"friction":0},{"class":"cube","position":{"x":-80,"y":-24,"z":0},"rotation":{"x":0,"y":0,"z":0.7853981633974483},"scale":{"x":"128","y":"128","z":16}},{"class":"cube","position":{"x":-40,"y":344,"z":0},"rotation":{"x":0,"y":0,"z":0.7853981633974483},"scale":{"x":"48","y":"112","z":16}},{"class":"cube","position":{"x":8,"y":112,"z":0},"rotation":{"x":0,"y":0,"z":0.7853981633974483},"scale":{"x":"32","y":"64","z":16}},{"class":"cube","position":{"x":16,"y":232,"z":0},"rotation":{"x":0,"y":0,"z":0.7853981633974483},"scale":{"x":"48","y":"64","z":16}},{"class":"cube","position":{"x":128,"y":176,"z":0},"rotation":{"x":0,"y":0,"z":0.7853981633974483},"scale":{"x":"48","y":"48","z":16}},{"class":"cube","position":{"x":168,"y":56,"z":0},"rotation":{"x":0,"y":0,"z":-0.7853981633974483},"scale":{"x":"80","y":"112","z":16}},{"class":"cube","position":{"x":80,"y":424,"z":0},"rotation":{"x":0,"y":0,"z":-0.7853981633974483},"scale":{"x":"32","y":"32","z":16}},{"class":"cube","position":{"x":104,"y":304,"z":0},"rotation":{"x":0,"y":0,"z":-0.7853981633974483},"scale":{"x":"48","y":"48","z":16}},{"class":"cube","position":{"x":0,"y":504,"z":0},"rotation":{"x":0,"y":0,"z":-0.7853981633974483},"scale":{"x":16,"y":16,"z":16}},{"class":"finish","position":{"x":48,"y":576,"z":0},"rotation":{"x":0,"y":0,"z":-0.7853981633974483},"scale":{"x":16,"y":16,"z":16}}]}