{"name": "Campaign Level 8","children":[{"class":"player","position":{"x":-248,"y":48,"z":0},"rotation":{"x":0,"y":0,"z":0},"scale":{"x":32,"y":32,"z":16},"isStatic":false,"friction":0},{"class":"cube","position":{"x":-40,"y":-168,"z":0},"rotation":{"x":0,"y":0,"z":-0.2617993877991494},"scale":{"x":"512","y":"112","z":16}},{"class":"cube","position":{"x":336,"y":-160,"z":0},"rotation":{"x":0,"y":0,"z":-1.3089969389957472},"scale":{"x":"160","y":"160","z":16}},{"class":"cube","position":{"x":608,"y":-128,"z":0},"rotation":{"x":0,"y":0,"z":-0.2617993877991494},"scale":{"x":"208","y":"208","z":16}},{"class":"cube","position":{"x":928,"y":-232,"z":0},"rotation":{"x":0,"y":0,"z":0},"scale":{"x":"128","y":"512","z":16}},{"class":"cube","position":{"x":1432,"y":-8,"z":0},"rotation":{"x":0,"y":0,"z":0.2617993877991494},"scale":{"x":"336","y":"96","z":16}},{"class":"spike","position":{"x":2374,"y":-110,"z":0},"rotation":{"x":0,"y":0,"z":0},"scale":{"x":"80","y":"48","z":16}},{"class":"spike","position":{"x":1704,"y":32,"z":0},"rotation":{"x":0,"y":0,"z":-3.141592653589793},"scale":{"x":"80","y":"48","z":16}},{"class":"spike","position":{"x":1777,"y":21,"z":0},"rotation":{"x":0,"y":0,"z":2.8797932657906435},"scale":{"x":"80","y":"48","z":16}},{"class":"spike","position":{"x":1845,"y":-8,"z":0},"rotation":{"x":0,"y":0,"z":2.6179938779914944},"scale":{"x":"80","y":"48","z":16}},{"class":"spike","position":{"x":1911,"y":-47,"z":0},"rotation":{"x":0,"y":0,"z":2.6179938779914944},"scale":{"x":"80","y":"48","z":16}},{"class":"spike","position":{"x":1983,"y":-77,"z":0},"rotation":{"x":0,"y":0,"z":2.8797932657906435},"scale":{"x":"80","y":"48","z":16}},{"class":"spike","position":{"x":2054,"y":-97,"z":0},"rotation":{"x":0,"y":0,"z":2.8797932657906435},"scale":{"x":"80","y":"48","z":16}},{"class":"spike","position":{"x":2137,"y":-109,"z":0},"rotation":{"x":0,"y":0,"z":3.141592653589793},"scale":{"x":"80","y":"48","z":16}},{"class":"spike","position":{"x":2217,"y":-110,"z":0},"rotation":{"x":0,"y":0,"z":3.141592653589793},"scale":{"x":"80","y":"48","z":16}},{"class":"finish","position":{"x":2584,"y":-135,"z":0},"rotation":{"x":0,"y":0,"z":0},"scale":{"x":"96","y":"96","z":16}}]}