{"name":"Campaign Level 32","children":[{"class":"player","position":{"x":-240,"y":192,"z":0},"rotation":{"x":0,"y":0,"z":3.0456787885366197e-16},"scale":{"x":16,"y":16,"z":16},"isStatic":false,"friction":0},{"class":"cube","position":{"x":3344,"y":96,"z":0},"rotation":{"x":0,"y":0,"z":0},"scale":{"x":16,"y":"512","z":16}},{"class":"grapple","position":{"x":-240,"y":168,"z":0},"rotation":{"x":0,"y":0,"z":0},"scale":{"x":16,"y":16,"z":16}},{"class":"cube","position":{"x":2056,"y":-152,"z":0},"rotation":{"x":0,"y":0,"z":0},"scale":{"x":"512","y":16,"z":16}},{"class":"cube","position":{"x":8,"y":-152,"z":0},"rotation":{"x":0,"y":0,"z":0},"scale":{"x":"512","y":16,"z":16}},{"class":"cube","position":{"x":8,"y":344,"z":0},"rotation":{"x":0,"y":0,"z":0},"scale":{"x":"512","y":16,"z":16}},{"class":"cube","position":{"x":520,"y":344,"z":0},"rotation":{"x":0,"y":0,"z":0},"scale":{"x":"512","y":16,"z":16}},{"class":"cube","position":{"x":520,"y":-152,"z":0},"rotation":{"x":0,"y":0,"z":0},"scale":{"x":"512","y":16,"z":16}},{"class":"cube","position":{"x":1032,"y":344,"z":0},"rotation":{"x":0,"y":0,"z":0},"scale":{"x":"512","y":16,"z":16}},{"class":"cube","position":{"x":1032,"y":-152,"z":0},"rotation":{"x":0,"y":0,"z":0},"scale":{"x":"512","y":16,"z":16}},{"class":"cube","position":{"x":1544,"y":344,"z":0},"rotation":{"x":0,"y":0,"z":0},"scale":{"x":"512","y":16,"z":16}},{"class":"cube","position":{"x":1544,"y":-152,"z":0},"rotation":{"x":0,"y":0,"z":0},"scale":{"x":"512","y":16,"z":16}},{"class":"cube","position":{"x":2056,"y":344,"z":0},"rotation":{"x":0,"y":0,"z":0},"scale":{"x":"512","y":16,"z":16}},{"class":"cube","position":{"x":3080,"y":344,"z":0},"rotation":{"x":0,"y":0,"z":0},"scale":{"x":"512","y":16,"z":16}},{"class":"cube","position":{"x":2568,"y":-152,"z":0},"rotation":{"x":0,"y":0,"z":0},"scale":{"x":"512","y":16,"z":16}},{"class":"cube","position":{"x":2568,"y":344,"z":0},"rotation":{"x":0,"y":0,"z":0},"scale":{"x":"512","y":16,"z":16}},{"class":"spike","position":{"x":1256,"y":-112,"z":0},"rotation":{"x":0,"y":0,"z":0},"scale":{"x":"64","y":"64","z":16}},{"class":"spike","position":{"x":-216,"y":-112,"z":0},"rotation":{"x":0,"y":0,"z":0},"scale":{"x":"64","y":"64","z":16}},{"class":"spike","position":{"x":-152,"y":-112,"z":0},"rotation":{"x":0,"y":0,"z":0},"scale":{"x":"64","y":"64","z":16}},{"class":"spike","position":{"x":-88,"y":-112,"z":0},"rotation":{"x":0,"y":0,"z":0},"scale":{"x":"64","y":"64","z":16}},{"class":"spike","position":{"x":-24,"y":-112,"z":0},"rotation":{"x":0,"y":0,"z":0},"scale":{"x":"64","y":"64","z":16}},{"class":"spike","position":{"x":40,"y":-112,"z":0},"rotation":{"x":0,"y":0,"z":0},"scale":{"x":"64","y":"64","z":16}},{"class":"spike","position":{"x":104,"y":-112,"z":0},"rotation":{"x":0,"y":0,"z":0},"scale":{"x":"64","y":"64","z":16}},{"class":"spike","position":{"x":168,"y":-112,"z":0},"rotation":{"x":0,"y":0,"z":0},"scale":{"x":"64","y":"64","z":16}},{"class":"spike","position":{"x":232,"y":-112,"z":0},"rotation":{"x":0,"y":0,"z":0},"scale":{"x":"64","y":"64","z":16}},{"class":"spike","position":{"x":296,"y":-112,"z":0},"rotation":{"x":0,"y":0,"z":0},"scale":{"x":"64","y":"64","z":16}},{"class":"spike","position":{"x":360,"y":-112,"z":0},"rotation":{"x":0,"y":0,"z":0},"scale":{"x":"64","y":"64","z":16}},{"class":"spike","position":{"x":424,"y":-112,"z":0},"rotation":{"x":0,"y":0,"z":0},"scale":{"x":"64","y":"64","z":16}},{"class":"spike","position":{"x":488,"y":-112,"z":0},"rotation":{"x":0,"y":0,"z":0},"scale":{"x":"64","y":"64","z":16}},{"class":"spike","position":{"x":552,"y":-112,"z":0},"rotation":{"x":0,"y":0,"z":0},"scale":{"x":"64","y":"64","z":16}},{"class":"spike","position":{"x":616,"y":-112,"z":0},"rotation":{"x":0,"y":0,"z":0},"scale":{"x":"64","y":"64","z":16}},{"class":"spike","position":{"x":680,"y":-112,"z":0},"rotation":{"x":0,"y":0,"z":0},"scale":{"x":"64","y":"64","z":16}},{"class":"spike","position":{"x":744,"y":-112,"z":0},"rotation":{"x":0,"y":0,"z":0},"scale":{"x":"64","y":"64","z":16}},{"class":"spike","position":{"x":808,"y":-112,"z":0},"rotation":{"x":0,"y":0,"z":0},"scale":{"x":"64","y":"64","z":16}},{"class":"spike","position":{"x":872,"y":-112,"z":0},"rotation":{"x":0,"y":0,"z":0},"scale":{"x":"64","y":"64","z":16}},{"class":"spike","position":{"x":936,"y":-112,"z":0},"rotation":{"x":0,"y":0,"z":0},"scale":{"x":"64","y":"64","z":16}},{"class":"spike","position":{"x":1000,"y":-112,"z":0},"rotation":{"x":0,"y":0,"z":0},"scale":{"x":"64","y":"64","z":16}},{"class":"spike","position":{"x":1064,"y":-112,"z":0},"rotation":{"x":0,"y":0,"z":0},"scale":{"x":"64","y":"64","z":16}},{"class":"spike","position":{"x":1128,"y":-112,"z":0},"rotation":{"x":0,"y":0,"z":0},"scale":{"x":"64","y":"64","z":16}},{"class":"spike","position":{"x":3304,"y":-112,"z":0},"rotation":{"x":0,"y":0,"z":0},"scale":{"x":"64","y":"64","z":16}},{"class":"spike","position":{"x":1192,"y":-112,"z":0},"rotation":{"x":0,"y":0,"z":0},"scale":{"x":"64","y":"64","z":16}},{"class":"spike","position":{"x":1320,"y":-112,"z":0},"rotation":{"x":0,"y":0,"z":0},"scale":{"x":"64","y":"64","z":16}},{"class":"spike","position":{"x":1384,"y":-112,"z":0},"rotation":{"x":0,"y":0,"z":0},"scale":{"x":"64","y":"64","z":16}},{"class":"spike","position":{"x":1448,"y":-112,"z":0},"rotation":{"x":0,"y":0,"z":0},"scale":{"x":"64","y":"64","z":16}},{"class":"spike","position":{"x":1512,"y":-112,"z":0},"rotation":{"x":0,"y":0,"z":0},"scale":{"x":"64","y":"64","z":16}},{"class":"spike","position":{"x":1576,"y":-112,"z":0},"rotation":{"x":0,"y":0,"z":0},"scale":{"x":"64","y":"64","z":16}},{"class":"spike","position":{"x":1640,"y":-112,"z":0},"rotation":{"x":0,"y":0,"z":0},"scale":{"x":"64","y":"64","z":16}},{"class":"spike","position":{"x":1704,"y":-112,"z":0},"rotation":{"x":0,"y":0,"z":0},"scale":{"x":"64","y":"64","z":16}},{"class":"spike","position":{"x":1768,"y":-112,"z":0},"rotation":{"x":0,"y":0,"z":0},"scale":{"x":"64","y":"64","z":16}},{"class":"spike","position":{"x":1832,"y":-112,"z":0},"rotation":{"x":0,"y":0,"z":0},"scale":{"x":"64","y":"64","z":16}},{"class":"spike","position":{"x":1896,"y":-112,"z":0},"rotation":{"x":0,"y":0,"z":0},"scale":{"x":"64","y":"64","z":16}},{"class":"spike","position":{"x":1960,"y":-112,"z":0},"rotation":{"x":0,"y":0,"z":0},"scale":{"x":"64","y":"64","z":16}},{"class":"spike","position":{"x":2024,"y":-112,"z":0},"rotation":{"x":0,"y":0,"z":0},"scale":{"x":"64","y":"64","z":16}},{"class":"spike","position":{"x":2088,"y":-112,"z":0},"rotation":{"x":0,"y":0,"z":0},"scale":{"x":"64","y":"64","z":16}},{"class":"spike","position":{"x":2152,"y":-112,"z":0},"rotation":{"x":0,"y":0,"z":0},"scale":{"x":"64","y":"64","z":16}},{"class":"spike","position":{"x":2216,"y":-112,"z":0},"rotation":{"x":0,"y":0,"z":0},"scale":{"x":"64","y":"64","z":16}},{"class":"spike","position":{"x":2280,"y":-112,"z":0},"rotation":{"x":0,"y":0,"z":0},"scale":{"x":"64","y":"64","z":16}},{"class":"spike","position":{"x":2344,"y":-112,"z":0},"rotation":{"x":0,"y":0,"z":0},"scale":{"x":"64","y":"64","z":16}},{"class":"spike","position":{"x":2408,"y":-112,"z":0},"rotation":{"x":0,"y":0,"z":0},"scale":{"x":"64","y":"64","z":16}},{"class":"spike","position":{"x":2472,"y":-112,"z":0},"rotation":{"x":0,"y":0,"z":0},"scale":{"x":"64","y":"64","z":16}},{"class":"spike","position":{"x":2536,"y":-112,"z":0},"rotation":{"x":0,"y":0,"z":0},"scale":{"x":"64","y":"64","z":16}},{"class":"spike","position":{"x":2600,"y":-112,"z":0},"rotation":{"x":0,"y":0,"z":0},"scale":{"x":"64","y":"64","z":16}},{"class":"spike","position":{"x":2664,"y":-112,"z":0},"rotation":{"x":0,"y":0,"z":0},"scale":{"x":"64","y":"64","z":16}},{"class":"spike","position":{"x":2728,"y":-112,"z":0},"rotation":{"x":0,"y":0,"z":0},"scale":{"x":"64","y":"64","z":16}},{"class":"spike","position":{"x":2792,"y":-112,"z":0},"rotation":{"x":0,"y":0,"z":0},"scale":{"x":"64","y":"64","z":16}},{"class":"cube","position":{"x":3080,"y":-152,"z":0},"rotation":{"x":0,"y":0,"z":0},"scale":{"x":"512","y":16,"z":16}},{"class":"spike","position":{"x":2856,"y":-112,"z":0},"rotation":{"x":0,"y":0,"z":0},"scale":{"x":"64","y":"64","z":16}},{"class":"spike","position":{"x":2920,"y":-112,"z":0},"rotation":{"x":0,"y":0,"z":0},"scale":{"x":"64","y":"64","z":16}},{"class":"spike","position":{"x":2984,"y":-112,"z":0},"rotation":{"x":0,"y":0,"z":0},"scale":{"x":"64","y":"64","z":16}},{"class":"spike","position":{"x":3048,"y":-112,"z":0},"rotation":{"x":0,"y":0,"z":0},"scale":{"x":"64","y":"64","z":16}},{"class":"spike","position":{"x":3112,"y":-112,"z":0},"rotation":{"x":0,"y":0,"z":0},"scale":{"x":"64","y":"64","z":16}},{"class":"spike","position":{"x":3176,"y":-112,"z":0},"rotation":{"x":0,"y":0,"z":0},"scale":{"x":"64","y":"64","z":16}},{"class":"spike","position":{"x":3240,"y":-112,"z":0},"rotation":{"x":0,"y":0,"z":0},"scale":{"x":"64","y":"64","z":16}},{"class":"cube","position":{"x":-256,"y":96,"z":0},"rotation":{"x":0,"y":0,"z":0},"scale":{"x":16,"y":"512","z":16}},{"class":"cube","position":{"x":104,"y":216,"z":0},"rotation":{"x":0,"y":0,"z":0},"scale":{"x":16,"y":16,"z":16}},{"class":"spike","position":{"x":88,"y":216,"z":0},"rotation":{"x":0,"y":0,"z":1.5707963267948966},"scale":{"x":16,"y":16,"z":16}},{"class":"spike","position":{"x":120,"y":216,"z":0},"rotation":{"x":0,"y":0,"z":-1.5707963267948966},"scale":{"x":16,"y":16,"z":16}},{"class":"spike","position":{"x":104,"y":232,"z":0},"rotation":{"x":0,"y":0,"z":0},"scale":{"x":16,"y":16,"z":16}},{"class":"spike","position":{"x":104,"y":200,"z":0},"rotation":{"x":0,"y":0,"z":3.141592653589793},"scale":{"x":16,"y":16,"z":16}},{"class":"spike","position":{"x":280,"y":104,"z":0},"rotation":{"x":0,"y":0,"z":0},"scale":{"x":16,"y":16,"z":16}},{"class":"spike","position":{"x":280,"y":72,"z":0},"rotation":{"x":0,"y":0,"z":-3.141592653589793},"scale":{"x":16,"y":16,"z":16}},{"class":"spike","position":{"x":296,"y":88,"z":0},"rotation":{"x":0,"y":0,"z":-1.5707963267948966},"scale":{"x":16,"y":16,"z":16}},{"class":"spike","position":{"x":264,"y":88,"z":0},"rotation":{"x":0,"y":0,"z":1.5707963267948966},"scale":{"x":16,"y":16,"z":16}},{"class":"cube","position":{"x":280,"y":88,"z":0},"rotation":{"x":0,"y":0,"z":0},"scale":{"x":16,"y":16,"z":16}},{"class":"cube","position":{"x":296,"y":328,"z":0},"rotation":{"x":0,"y":0,"z":0},"scale":{"x":16,"y":16,"z":16}},{"class":"spike","position":{"x":280,"y":328,"z":0},"rotation":{"x":0,"y":0,"z":1.5707963267948966},"scale":{"x":"16","y":16,"z":16}},{"class":"spike","position":{"x":296,"y":312,"z":0},"rotation":{"x":0,"y":0,"z":-3.141592653589793},"scale":{"x":16,"y":16,"z":16}},{"class":"spike","position":{"x":312,"y":328,"z":0},"rotation":{"x":0,"y":0,"z":-1.5707963267948966},"scale":{"x":16,"y":16,"z":16}},{"class":"spike","position":{"x":416,"y":152,"z":0},"rotation":{"x":0,"y":0,"z":0},"scale":{"x":16,"y":16,"z":16}},{"class":"spike","position":{"x":400,"y":136,"z":0},"rotation":{"x":0,"y":0,"z":1.5707963267948966},"scale":{"x":16,"y":16,"z":16}},{"class":"spike","position":{"x":432,"y":136,"z":0},"rotation":{"x":0,"y":0,"z":-1.5707963267948966},"scale":{"x":16,"y":16,"z":16}},{"class":"spike","position":{"x":416,"y":120,"z":0},"rotation":{"x":0,"y":0,"z":-3.141592653589793},"scale":{"x":16,"y":16,"z":16}},{"class":"cube","position":{"x":416,"y":136,"z":0},"rotation":{"x":0,"y":0,"z":0},"scale":{"x":16,"y":16,"z":16}},{"class":"spike","position":{"x":632,"y":296,"z":0},"rotation":{"x":0,"y":0,"z":0},"scale":{"x":16,"y":16,"z":16}},{"class":"spike","position":{"x":648,"y":280,"z":0},"rotation":{"x":0,"y":0,"z":-1.5707963267948966},"scale":{"x":16,"y":16,"z":16}},{"class":"spike","position":{"x":616,"y":280,"z":0},"rotation":{"x":0,"y":0,"z":1.5707963267948966},"scale":{"x":16,"y":16,"z":16}},{"class":"spike","position":{"x":632,"y":264,"z":0},"rotation":{"x":0,"y":0,"z":3.141592653589793},"scale":{"x":16,"y":16,"z":16}},{"class":"cube","position":{"x":632,"y":280,"z":0},"rotation":{"x":0,"y":0,"z":0},"scale":{"x":16,"y":16,"z":16}},{"class":"spike","position":{"x":688,"y":40,"z":0},"rotation":{"x":0,"y":0,"z":0},"scale":{"x":16,"y":16,"z":16}},{"class":"spike","position":{"x":672,"y":24,"z":0},"rotation":{"x":0,"y":0,"z":1.5707963267948966},"scale":{"x":16,"y":16,"z":16}},{"class":"spike","position":{"x":704,"y":24,"z":0},"rotation":{"x":0,"y":0,"z":-1.5707963267948966},"scale":{"x":16,"y":16,"z":16}},{"class":"spike","position":{"x":688,"y":8,"z":0},"rotation":{"x":0,"y":0,"z":-3.141592653589793},"scale":{"x":16,"y":16,"z":16}},{"class":"cube","position":{"x":688,"y":24,"z":0},"rotation":{"x":0,"y":0,"z":0},"scale":{"x":16,"y":16,"z":16}},{"class":"spike","position":{"x":864,"y":216,"z":0},"rotation":{"x":0,"y":0,"z":0},"scale":{"x":16,"y":16,"z":16}},{"class":"spike","position":{"x":848,"y":200,"z":0},"rotation":{"x":0,"y":0,"z":1.5707963267948966},"scale":{"x":16,"y":16,"z":16}},{"class":"spike","position":{"x":880,"y":200,"z":0},"rotation":{"x":0,"y":0,"z":-1.5707963267948966},"scale":{"x":16,"y":16,"z":16}},{"class":"spike","position":{"x":864,"y":184,"z":0},"rotation":{"x":0,"y":0,"z":-3.141592653589793},"scale":{"x":16,"y":16,"z":16}},{"class":"cube","position":{"x":864,"y":200,"z":0},"rotation":{"x":0,"y":0,"z":0},"scale":{"x":16,"y":16,"z":16}},{"class":"spike","position":{"x":1000,"y":328,"z":0},"rotation":{"x":0,"y":0,"z":1.5707963267948966},"scale":{"x":16,"y":16,"z":16}},{"class":"spike","position":{"x":1032,"y":328,"z":0},"rotation":{"x":0,"y":0,"z":-1.5707963267948966},"scale":{"x":16,"y":16,"z":16}},{"class":"spike","position":{"x":1016,"y":312,"z":0},"rotation":{"x":0,"y":0,"z":3.141592653589793},"scale":{"x":"16","y":16,"z":16}},{"class":"cube","position":{"x":1016,"y":328,"z":0},"rotation":{"x":0,"y":0,"z":0},"scale":{"x":16,"y":16,"z":16}},{"class":"spike","position":{"x":1064,"y":288,"z":0},"rotation":{"x":0,"y":0,"z":0},"scale":{"x":16,"y":16,"z":16}},{"class":"spike","position":{"x":1048,"y":272,"z":0},"rotation":{"x":0,"y":0,"z":1.5707963267948966},"scale":{"x":16,"y":16,"z":16}},{"class":"spike","position":{"x":1080,"y":272,"z":0},"rotation":{"x":0,"y":0,"z":-1.5707963267948966},"scale":{"x":16,"y":16,"z":16}},{"class":"spike","position":{"x":1064,"y":256,"z":0},"rotation":{"x":0,"y":0,"z":-3.141592653589793},"scale":{"x":16,"y":16,"z":16}},{"class":"cube","position":{"x":1064,"y":272,"z":0},"rotation":{"x":0,"y":0,"z":0},"scale":{"x":16,"y":16,"z":16}},{"class":"spike","position":{"x":1368,"y":-64,"z":0},"rotation":{"x":0,"y":0,"z":1.5707963267948966},"scale":{"x":"32","y":"16","z":16}},{"class":"spike","position":{"x":1696,"y":-64,"z":0},"rotation":{"x":0,"y":0,"z":1.5707963267948966},"scale":{"x":"32","y":"16","z":16}},{"class":"spike","position":{"x":1368,"y":288,"z":0},"rotation":{"x":0,"y":0,"z":1.5707963267948966},"scale":{"x":"32","y":"16","z":16}},{"class":"spike","position":{"x":1368,"y":256,"z":0},"rotation":{"x":0,"y":0,"z":1.5707963267948966},"scale":{"x":"32","y":"16","z":16}},{"class":"spike","position":{"x":1368,"y":224,"z":0},"rotation":{"x":0,"y":0,"z":1.5707963267948966},"scale":{"x":"32","y":"16","z":16}},{"class":"spike","position":{"x":1368,"y":96,"z":0},"rotation":{"x":0,"y":0,"z":1.5707963267948966},"scale":{"x":"32","y":"16","z":16}},{"class":"spike","position":{"x":1368,"y":64,"z":0},"rotation":{"x":0,"y":0,"z":1.5707963267948966},"scale":{"x":"32","y":"16","z":16}},{"class":"spike","position":{"x":1368,"y":32,"z":0},"rotation":{"x":0,"y":0,"z":1.5707963267948966},"scale":{"x":"32","y":"16","z":16}},{"class":"spike","position":{"x":1368,"y":0,"z":0},"rotation":{"x":0,"y":0,"z":1.5707963267948966},"scale":{"x":"32","y":"16","z":16}},{"class":"spike","position":{"x":1368,"y":-32,"z":0},"rotation":{"x":0,"y":0,"z":1.5707963267948966},"scale":{"x":"32","y":"16","z":16}},{"class":"spike","position":{"x":1104,"y":64,"z":0},"rotation":{"x":0,"y":0,"z":0},"scale":{"x":16,"y":16,"z":16}},{"class":"spike","position":{"x":1088,"y":48,"z":0},"rotation":{"x":0,"y":0,"z":1.5707963267948966},"scale":{"x":16,"y":16,"z":16}},{"class":"spike","position":{"x":1120,"y":48,"z":0},"rotation":{"x":0,"y":0,"z":-1.5707963267948966},"scale":{"x":16,"y":16,"z":16}},{"class":"spike","position":{"x":1104,"y":32,"z":0},"rotation":{"x":0,"y":0,"z":-3.141592653589793},"scale":{"x":16,"y":16,"z":16}},{"class":"cube","position":{"x":1104,"y":48,"z":0},"rotation":{"x":0,"y":0,"z":0},"scale":{"x":16,"y":16,"z":16}},{"class":"spike","position":{"x":1368,"y":320,"z":0},"rotation":{"x":0,"y":0,"z":1.5707963267948966},"scale":{"x":"32","y":"16","z":16}},{"class":"spike","position":{"x":2024,"y":-64,"z":0},"rotation":{"x":0,"y":0,"z":1.5707963267948966},"scale":{"x":"32","y":"16","z":16}},{"class":"spike","position":{"x":1696,"y":288,"z":0},"rotation":{"x":0,"y":0,"z":1.5707963267948966},"scale":{"x":"32","y":"16","z":16}},{"class":"spike","position":{"x":1696,"y":160,"z":0},"rotation":{"x":0,"y":0,"z":1.5707963267948966},"scale":{"x":"32","y":"16","z":16}},{"class":"spike","position":{"x":1696,"y":128,"z":0},"rotation":{"x":0,"y":0,"z":1.5707963267948966},"scale":{"x":"32","y":"16","z":16}},{"class":"spike","position":{"x":1696,"y":96,"z":0},"rotation":{"x":0,"y":0,"z":1.5707963267948966},"scale":{"x":"32","y":"16","z":16}},{"class":"spike","position":{"x":1696,"y":64,"z":0},"rotation":{"x":0,"y":0,"z":1.5707963267948966},"scale":{"x":"32","y":"16","z":16}},{"class":"spike","position":{"x":1696,"y":32,"z":0},"rotation":{"x":0,"y":0,"z":1.5707963267948966},"scale":{"x":"32","y":"16","z":16}},{"class":"spike","position":{"x":1696,"y":0,"z":0},"rotation":{"x":0,"y":0,"z":1.5707963267948966},"scale":{"x":"32","y":"16","z":16}},{"class":"spike","position":{"x":1696,"y":-32,"z":0},"rotation":{"x":0,"y":0,"z":1.5707963267948966},"scale":{"x":"32","y":"16","z":16}},{"class":"spike","position":{"x":1696,"y":320,"z":0},"rotation":{"x":0,"y":0,"z":1.5707963267948966},"scale":{"x":"32","y":"16","z":16}},{"class":"spike","position":{"x":2344,"y":-64,"z":0},"rotation":{"x":0,"y":0,"z":1.5707963267948966},"scale":{"x":"32","y":"16","z":16}},{"class":"spike","position":{"x":2024,"y":288,"z":0},"rotation":{"x":0,"y":0,"z":1.5707963267948966},"scale":{"x":"32","y":"16","z":16}},{"class":"spike","position":{"x":2024,"y":256,"z":0},"rotation":{"x":0,"y":0,"z":1.5707963267948966},"scale":{"x":"32","y":"16","z":16}},{"class":"spike","position":{"x":2024,"y":224,"z":0},"rotation":{"x":0,"y":0,"z":1.5707963267948966},"scale":{"x":"32","y":"16","z":16}},{"class":"spike","position":{"x":2024,"y":96,"z":0},"rotation":{"x":0,"y":0,"z":1.5707963267948966},"scale":{"x":"32","y":"16","z":16}},{"class":"spike","position":{"x":2024,"y":64,"z":0},"rotation":{"x":0,"y":0,"z":1.5707963267948966},"scale":{"x":"32","y":"16","z":16}},{"class":"spike","position":{"x":2024,"y":32,"z":0},"rotation":{"x":0,"y":0,"z":1.5707963267948966},"scale":{"x":"32","y":"16","z":16}},{"class":"spike","position":{"x":2024,"y":0,"z":0},"rotation":{"x":0,"y":0,"z":1.5707963267948966},"scale":{"x":"32","y":"16","z":16}},{"class":"spike","position":{"x":2024,"y":-32,"z":0},"rotation":{"x":0,"y":0,"z":1.5707963267948966},"scale":{"x":"32","y":"16","z":16}},{"class":"spike","position":{"x":2024,"y":320,"z":0},"rotation":{"x":0,"y":0,"z":1.5707963267948966},"scale":{"x":"32","y":"16","z":16}},{"class":"spike","position":{"x":2344,"y":320,"z":0},"rotation":{"x":0,"y":0,"z":1.5707963267948966},"scale":{"x":"32","y":"16","z":16}},{"class":"spike","position":{"x":2344,"y":288,"z":0},"rotation":{"x":0,"y":0,"z":1.5707963267948966},"scale":{"x":"32","y":"16","z":16}},{"class":"spike","position":{"x":2344,"y":256,"z":0},"rotation":{"x":0,"y":0,"z":1.5707963267948966},"scale":{"x":"32","y":"16","z":16}},{"class":"spike","position":{"x":2344,"y":224,"z":0},"rotation":{"x":0,"y":0,"z":1.5707963267948966},"scale":{"x":"32","y":"16","z":16}},{"class":"spike","position":{"x":2344,"y":192,"z":0},"rotation":{"x":0,"y":0,"z":1.5707963267948966},"scale":{"x":"32","y":"16","z":16}},{"class":"spike","position":{"x":2344,"y":160,"z":0},"rotation":{"x":0,"y":0,"z":1.5707963267948966},"scale":{"x":"32","y":"16","z":16}},{"class":"spike","position":{"x":2344,"y":128,"z":0},"rotation":{"x":0,"y":0,"z":1.5707963267948966},"scale":{"x":"32","y":"16","z":16}},{"class":"spike","position":{"x":2344,"y":0,"z":0},"rotation":{"x":0,"y":0,"z":1.5707963267948966},"scale":{"x":"32","y":"16","z":16}},{"class":"spike","position":{"x":2344,"y":-32,"z":0},"rotation":{"x":0,"y":0,"z":1.5707963267948966},"scale":{"x":"32","y":"16","z":16}},{"class":"finish","position":{"x":3328,"y":128,"z":0},"rotation":{"x":0,"y":0,"z":0},"scale":{"x":16,"y":16,"z":16}},{"class":"spike","position":{"x":2672,"y":200,"z":0},"rotation":{"x":0,"y":0,"z":1.5707963267948966},"scale":{"x":16,"y":16,"z":16}},{"class":"cube","position":{"x":2688,"y":200,"z":0},"rotation":{"x":0,"y":0,"z":0},"scale":{"x":16,"y":16,"z":16}},{"class":"spike","position":{"x":2688,"y":184,"z":0},"rotation":{"x":0,"y":0,"z":-3.141592653589793},"scale":{"x":16,"y":16,"z":16}},{"class":"spike","position":{"x":2704,"y":200,"z":0},"rotation":{"x":0,"y":0,"z":-1.5707963267948966},"scale":{"x":16,"y":16,"z":16}},{"class":"spike","position":{"x":2688,"y":216,"z":0},"rotation":{"x":0,"y":0,"z":0},"scale":{"x":16,"y":16,"z":16}},{"class":"spike","position":{"x":2936,"y":72,"z":0},"rotation":{"x":0,"y":0,"z":0},"scale":{"x":16,"y":16,"z":16}},{"class":"spike","position":{"x":2920,"y":56,"z":0},"rotation":{"x":0,"y":0,"z":1.5707963267948966},"scale":{"x":16,"y":16,"z":16}},{"class":"spike","position":{"x":2952,"y":56,"z":0},"rotation":{"x":0,"y":0,"z":-1.5707963267948966},"scale":{"x":16,"y":16,"z":16}},{"class":"spike","position":{"x":2936,"y":40,"z":0},"rotation":{"x":0,"y":0,"z":-3.141592653589793},"scale":{"x":16,"y":16,"z":16}},{"class":"cube","position":{"x":2936,"y":56,"z":0},"rotation":{"x":0,"y":0,"z":0},"scale":{"x":16,"y":16,"z":16}},{"class":"spike","position":{"x":3176,"y":256,"z":0},"rotation":{"x":0,"y":0,"z":0},"scale":{"x":16,"y":16,"z":16}},{"class":"spike","position":{"x":3160,"y":240,"z":0},"rotation":{"x":0,"y":0,"z":1.5707963267948966},"scale":{"x":16,"y":16,"z":16}},{"class":"spike","position":{"x":3192,"y":240,"z":0},"rotation":{"x":0,"y":0,"z":-1.5707963267948966},"scale":{"x":16,"y":16,"z":16}},{"class":"cube","position":{"x":3176,"y":240,"z":0},"rotation":{"x":0,"y":0,"z":0},"scale":{"x":16,"y":16,"z":16}},{"class":"spike","position":{"x":3176,"y":224,"z":0},"rotation":{"x":0,"y":0,"z":-3.141592653589793},"scale":{"x":16,"y":16,"z":16}},{"class":"spike","position":{"x":2912,"y":328,"z":0},"rotation":{"x":0,"y":0,"z":1.5707963267948966},"scale":{"x":16,"y":16,"z":16}},{"class":"spike","position":{"x":2944,"y":328,"z":0},"rotation":{"x":0,"y":0,"z":-1.5707963267948966},"scale":{"x":16,"y":16,"z":16}},{"class":"spike","position":{"x":2928,"y":312,"z":0},"rotation":{"x":0,"y":0,"z":-3.141592653589793},"scale":{"x":16,"y":16,"z":16}},{"class":"cube","position":{"x":2928,"y":328,"z":0},"rotation":{"x":0,"y":0,"z":0},"scale":{"x":16,"y":16,"z":16}},{"class":"spike","position":{"x":2544,"y":-16,"z":0},"rotation":{"x":0,"y":0,"z":0},"scale":{"x":16,"y":16,"z":16}},{"class":"spike","position":{"x":2528,"y":-32,"z":0},"rotation":{"x":0,"y":0,"z":1.5707963267948966},"scale":{"x":16,"y":16,"z":16}},{"class":"spike","position":{"x":2560,"y":-32,"z":0},"rotation":{"x":0,"y":0,"z":-1.5707963267948966},"scale":{"x":16,"y":16,"z":16}},{"class":"spike","position":{"x":2544,"y":-48,"z":0},"rotation":{"x":0,"y":0,"z":-3.141592653589793},"scale":{"x":16,"y":16,"z":16}},{"class":"cube","position":{"x":2544,"y":-32,"z":0},"rotation":{"x":0,"y":0,"z":0},"scale":{"x":16,"y":16,"z":16}}]}