{"name": "Campaign Level 16","children":[{"class":"player","position":{"x":0,"y":-48,"z":0},"rotation":{"x":0,"y":0,"z":0},"scale":{"x":16,"y":16,"z":16},"isStatic":false,"friction":0},{"class":"cube","position":{"x":0,"y":-64,"z":0},"rotation":{"x":0,"y":0,"z":0},"scale":{"x":64,"y":16,"z":"4"}},{"class":"cube","position":{"x":-40,"y":128,"z":0},"rotation":{"x":0,"y":0,"z":0},"scale":{"x":16,"y":"400","z":"4"}},{"class":"cube","position":{"x":32,"y":16,"z":0},"rotation":{"x":0,"y":0,"z":0.7853981633974483},"scale":{"x":"48","y":"48","z":16}},{"class":"cube","position":{"x":-32,"y":80,"z":0},"rotation":{"x":0,"y":0,"z":0.7853981633974483},"scale":{"x":"48","y":"48","z":16}},{"class":"cube","position":{"x":32,"y":144,"z":0},"rotation":{"x":0,"y":0,"z":0.7853981633974483},"scale":{"x":"48","y":"48","z":16}},{"class":"cube","position":{"x":-32,"y":208,"z":0},"rotation":{"x":0,"y":0,"z":0.7853981633974483},"scale":{"x":"48","y":"48","z":16}},{"class":"cube","position":{"x":-272,"y":456,"z":0},"rotation":{"x":0,"y":0,"z":0.7853981633974483},"scale":{"x":"48","y":"48","z":16}},{"class":"cube","position":{"x":40,"y":160,"z":0},"rotation":{"x":0,"y":0,"z":0},"scale":{"x":16,"y":"464","z":"4"}},{"class":"cube","position":{"x":-16,"y":584,"z":0},"rotation":{"x":0,"y":0,"z":0.7853981633974483},"scale":{"x":"48","y":"48","z":16}},{"class":"cube","position":{"x":-72,"y":408,"z":0},"rotation":{"x":0,"y":0,"z":0},"scale":{"x":"208","y":16,"z":"4"}},{"class":"cube","position":{"x":32,"y":488,"z":0},"rotation":{"x":0,"y":0,"z":0},"scale":{"x":"96","y":"16","z":"4"}},{"class":"cube","position":{"x":-280,"y":392,"z":0},"rotation":{"x":0,"y":0,"z":0},"scale":{"x":16,"y":"112","z":"4"}},{"class":"spike","position":{"x":56,"y":408,"z":0},"rotation":{"x":0,"y":0,"z":-0.7853981633974483},"scale":{"x":16,"y":16,"z":"12"}},{"class":"cube","position":{"x":-32,"y":336,"z":0},"rotation":{"x":0,"y":0,"z":0.7853981633974483},"scale":{"x":"48","y":"48","z":16}},{"class":"spike","position":{"x":40,"y":424,"z":0},"rotation":{"x":0,"y":0,"z":-0.7853981633974483},"scale":{"x":16,"y":16,"z":"12"}},{"class":"cube","position":{"x":32,"y":272,"z":0},"rotation":{"x":0,"y":0,"z":0.7853981633974483},"scale":{"x":"48","y":"48","z":16}},{"class":"spike","position":{"x":24,"y":424,"z":0},"rotation":{"x":0,"y":0,"z":0.7853981633974483},"scale":{"x":16,"y":16,"z":"12"}},{"class":"cube","position":{"x":-224,"y":344,"z":0},"rotation":{"x":0,"y":0,"z":0},"scale":{"x":"96","y":"16","z":"4"}},{"class":"cube","position":{"x":-24,"y":536,"z":0},"rotation":{"x":0,"y":0,"z":0},"scale":{"x":16,"y":"112","z":"4"}},{"class":"cube","position":{"x":32,"y":400,"z":0},"rotation":{"x":0,"y":0,"z":0.7853981633974483},"scale":{"x":"48","y":"48","z":16}},{"class":"cube","position":{"x":144,"y":488,"z":0},"rotation":{"x":0,"y":0,"z":0},"scale":{"x":16,"y":"112","z":"4"}},{"class":"checkpoint","position":{"x":-8,"y":504,"z":0},"rotation":{"x":0,"y":0,"z":0},"scale":{"x":16,"y":16,"z":"4"}},{"class":"cube","position":{"x":8,"y":752,"z":0},"rotation":{"x":0,"y":0,"z":0.7853981633974483},"scale":{"x":"48","y":"48","z":16}},{"class":"cube","position":{"x":0,"y":712,"z":0},"rotation":{"x":0,"y":0,"z":0},"scale":{"x":16,"y":"80","z":"4"}},{"class":"cube","position":{"x":136,"y":544,"z":0},"rotation":{"x":0,"y":0,"z":0.7853981633974483},"scale":{"x":"48","y":"48","z":16}},{"class":"cube","position":{"x":112,"y":640,"z":0},"rotation":{"x":0,"y":0,"z":0},"scale":{"x":16,"y":"80","z":"4"}},{"class":"cube","position":{"x":104,"y":672,"z":0},"rotation":{"x":0,"y":0,"z":0.7853981633974483},"scale":{"x":"48","y":"48","z":16}},{"class":"cube","position":{"x":224,"y":592,"z":0},"rotation":{"x":0,"y":0,"z":0.7853981633974483},"scale":{"x":"48","y":"48","z":16}},{"class":"cube","position":{"x":312,"y":592,"z":0},"rotation":{"x":0,"y":0,"z":0.7853981633974483},"scale":{"x":"48","y":"48","z":16}},{"class":"finish","position":{"x":400,"y":592,"z":0},"rotation":{"x":0,"y":0,"z":0.7853981633974483},"scale":{"x":"48","y":"48","z":16}},{"class":"spike","position":{"x":-40,"y":552,"z":0},"rotation":{"x":0,"y":0,"z":1.5707963267948966},"scale":{"x":16,"y":16,"z":"4"}},{"class":"spike","position":{"x":-40,"y":488,"z":0},"rotation":{"x":0,"y":0,"z":1.5707963267948966},"scale":{"x":16,"y":16,"z":"4"}},{"class":"spike","position":{"x":-40,"y":504,"z":0},"rotation":{"x":0,"y":0,"z":1.5707963267948966},"scale":{"x":16,"y":16,"z":"4"}},{"class":"spike","position":{"x":-40,"y":520,"z":0},"rotation":{"x":0,"y":0,"z":1.5707963267948966},"scale":{"x":16,"y":16,"z":"4"}},{"class":"spike","position":{"x":-40,"y":536,"z":0},"rotation":{"x":0,"y":0,"z":1.5707963267948966},"scale":{"x":16,"y":16,"z":"4"}}]}