{"name":"Campaign Level 29","children":[{"class":"player","position":{"x":-264,"y":48,"z":0},"rotation":{"x":0,"y":0,"z":0},"scale":{"x":16,"y":16,"z":16},"isStatic":false,"friction":0},{"class":"cube","position":{"x":-224,"y":-128,"z":0},"rotation":{"x":0,"y":0,"z":0},"scale":{"x":"512","y":16,"z":16}},{"class":"resize","position":{"x":-264,"y":-8,"z":0},"rotation":{"x":0,"y":0,"z":0},"scale":{"x":"32","y":"32","z":"16"}},{"class":"direction","position":{"x":-472,"y":-112,"z":0},"rotation":{"x":0,"y":0,"z":0},"scale":{"x":"16","y":"16","z":16}},{"class":"cube","position":{"x":-144,"y":-64,"z":0},"rotation":{"x":0,"y":0,"z":0},"scale":{"x":"256","y":16,"z":16}},{"class":"cube","position":{"x":752,"y":-64,"z":0},"rotation":{"x":0,"y":0,"z":0},"scale":{"x":"512","y":16,"z":16}},{"class":"cube","position":{"x":-16,"y":-8,"z":0},"rotation":{"x":0,"y":0,"z":0},"scale":{"x":16,"y":"96","z":16},"isStatic":false,"friction":0.75},{"class":"cube","position":{"x":496,"y":-8,"z":0},"rotation":{"x":0,"y":0,"z":0},"scale":{"x":16,"y":"96","z":16},"isStatic":false,"friction":1},{"class":"cube","position":{"x":752,"y":-8,"z":0},"rotation":{"x":0,"y":0,"z":0},"scale":{"x":16,"y":"96","z":16},"isStatic":false,"friction":1},{"class":"cube","position":{"x":1008,"y":-8,"z":0},"rotation":{"x":0,"y":0,"z":0},"scale":{"x":16,"y":"96","z":16},"isStatic":false,"friction":1},{"class":"direction","position":{"x":1424,"y":-40,"z":0},"rotation":{"x":0,"y":0,"z":3.141592653589793},"scale":{"x":"32","y":"32","z":16}},{"class":"finish","position":{"x":1512,"y":47.999999999999986,"z":0},"rotation":{"x":0,"y":0,"z":0},"scale":{"x":16,"y":16,"z":16},"isStatic":false,"friction":1},{"class":"cube","position":{"x":1448,"y":0,"z":0},"rotation":{"x":0,"y":0,"z":0},"scale":{"x":16,"y":"112","z":16},"isStatic":false,"friction":1},{"class":"cube","position":{"x":1560,"y":16,"z":0},"rotation":{"x":0,"y":0,"z":0},"scale":{"x":16,"y":"272","z":16}},{"class":"cube","position":{"x":1232,"y":-64,"z":0},"rotation":{"x":0,"y":0,"z":0},"scale":{"x":"448","y":16,"z":16}},{"class":"cube","position":{"x":1312,"y":-128,"z":0},"rotation":{"x":0,"y":0,"z":0},"scale":{"x":"512","y":16,"z":16}},{"class":"cube","position":{"x":800,"y":-128,"z":0},"rotation":{"x":0,"y":0,"z":0},"scale":{"x":"512","y":16,"z":16}},{"class":"spike","position":{"x":32,"y":-112,"z":0},"rotation":{"x":0,"y":0,"z":0},"scale":{"x":16,"y":16,"z":16}},{"class":"spike","position":{"x":800,"y":-112,"z":0},"rotation":{"x":0,"y":0,"z":0},"scale":{"x":16,"y":16,"z":16}},{"class":"spike","position":{"x":1312,"y":-112,"z":0},"rotation":{"x":0,"y":0,"z":0},"scale":{"x":16,"y":16,"z":16}},{"class":"cube","position":{"x":1480,"y":48,"z":0},"rotation":{"x":0,"y":0,"z":0},"scale":{"x":"48","y":"16","z":16},"isStatic":false,"friction":1},{"class":"cube","position":{"x":1492,"y":32,"z":0},"rotation":{"x":0,"y":0,"z":0},"scale":{"x":"48","y":16,"z":16}},{"class":"cube","position":{"x":1448,"y":104,"z":0},"rotation":{"x":0,"y":0,"z":0},"scale":{"x":16,"y":"96","z":16}},{"class":"cube","position":{"x":1504,"y":144,"z":0},"rotation":{"x":0,"y":0,"z":0},"scale":{"x":"96","y":16,"z":16}},{"class":"resize","position":{"x":-264,"y":24,"z":0},"rotation":{"x":0,"y":0,"z":0},"scale":{"x":16,"y":16,"z":16}},{"class":"direction","position":{"x":-264,"y":-40,"z":0},"rotation":{"x":0,"y":0,"z":0},"scale":{"x":"32","y":"32","z":16}},{"class":"cube","position":{"x":288,"y":-128,"z":0},"rotation":{"x":0,"y":0,"z":0},"scale":{"x":"512","y":16,"z":16}},{"class":"spike","position":{"x":-224,"y":-112,"z":0},"rotation":{"x":0,"y":0,"z":0},"scale":{"x":16,"y":16,"z":16}},{"class":"spike","position":{"x":288,"y":-112,"z":0},"rotation":{"x":0,"y":0,"z":0},"scale":{"x":16,"y":16,"z":16}},{"class":"spike","position":{"x":544,"y":-112,"z":0},"rotation":{"x":0,"y":0,"z":0},"scale":{"x":16,"y":16,"z":16}},{"class":"spike","position":{"x":1056,"y":-112,"z":0},"rotation":{"x":0,"y":0,"z":0},"scale":{"x":16,"y":16,"z":16}},{"class":"spike","position":{"x":1544,"y":-16,"z":0},"rotation":{"x":0,"y":0,"z":1.5707963267948966},"scale":{"x":16,"y":16,"z":16}},{"class":"spike","position":{"x":1544,"y":-112,"z":0},"rotation":{"x":0,"y":0,"z":1.5707963267948966},"scale":{"x":16,"y":16,"z":16}},{"class":"spike","position":{"x":1544,"y":-96,"z":0},"rotation":{"x":0,"y":0,"z":1.5707963267948966},"scale":{"x":16,"y":16,"z":16}},{"class":"spike","position":{"x":1544,"y":-80,"z":0},"rotation":{"x":0,"y":0,"z":1.5707963267948966},"scale":{"x":16,"y":16,"z":16}},{"class":"spike","position":{"x":1544,"y":-64,"z":0},"rotation":{"x":0,"y":0,"z":1.5707963267948966},"scale":{"x":16,"y":16,"z":16}},{"class":"spike","position":{"x":1544,"y":-48,"z":0},"rotation":{"x":0,"y":0,"z":1.5707963267948966},"scale":{"x":16,"y":16,"z":16}},{"class":"spike","position":{"x":1544,"y":-32,"z":0},"rotation":{"x":0,"y":0,"z":1.5707963267948966},"scale":{"x":16,"y":16,"z":16}},{"class":"cube","position":{"x":240,"y":-64,"z":0},"rotation":{"x":0,"y":0,"z":0},"scale":{"x":"512","y":16,"z":16}},{"class":"cube","position":{"x":-488,"y":120,"z":0},"rotation":{"x":0,"y":0,"z":0},"scale":{"x":16,"y":"512","z":16}},{"class":"spike","position":{"x":-280,"y":-64,"z":0},"rotation":{"x":0,"y":0,"z":1.5707963267948966},"scale":{"x":16,"y":16,"z":16}},{"class":"spike","position":{"x":1448,"y":-80,"z":0},"rotation":{"x":0,"y":0,"z":-3.141592653589793},"scale":{"x":16,"y":16,"z":16}},{"class":"spike","position":{"x":-96,"y":-80,"z":0},"rotation":{"x":0,"y":0,"z":-3.141592653589793},"scale":{"x":16,"y":16,"z":16}},{"class":"spike","position":{"x":160,"y":-80,"z":0},"rotation":{"x":0,"y":0,"z":-3.141592653589793},"scale":{"x":16,"y":16,"z":16}},{"class":"spike","position":{"x":416,"y":-80,"z":0},"rotation":{"x":0,"y":0,"z":-3.141592653589793},"scale":{"x":16,"y":16,"z":16}},{"class":"spike","position":{"x":672,"y":-80,"z":0},"rotation":{"x":0,"y":0,"z":-3.141592653589793},"scale":{"x":16,"y":16,"z":16}},{"class":"spike","position":{"x":928,"y":-80,"z":0},"rotation":{"x":0,"y":0,"z":-3.141592653589793},"scale":{"x":16,"y":16,"z":16}},{"class":"spike","position":{"x":1184,"y":-80,"z":0},"rotation":{"x":0,"y":0,"z":-3.141592653589793},"scale":{"x":16,"y":16,"z":16}},{"class":"cube","position":{"x":240,"y":-8,"z":0},"rotation":{"x":0,"y":0,"z":0},"scale":{"x":16,"y":"96","z":16},"isStatic":false,"friction":0.75},{"class":"spike","position":{"x":1405,"y":-40,"z":0},"rotation":{"x":0,"y":0,"z":1.5707963267948963},"scale":{"x":24,"y":6,"z":10}}]}