{"name":"Campaign Level 25","children":[{"class":"player","position":{"x":-16,"y":24.000000000000007,"z":0},"rotation":{"x":0,"y":0,"z":-3.141592653589793},"scale":{"x":16,"y":16,"z":16},"isStatic":false,"friction":0},{"class":"cube","position":{"x":-56,"y":232,"z":0},"rotation":{"x":0,"y":0,"z":0},"scale":{"x":"16","y":16,"z":16}},{"class":"gravity","position":{"x":16,"y":248,"z":0},"rotation":{"x":0,"y":0,"z":-1.5707963267948966},"scale":{"x":"16","y":"16","z":16}},{"class":"cube","position":{"x":-312,"y":544,"z":0},"rotation":{"x":0,"y":0,"z":0},"scale":{"x":"288","y":"16","z":16}},{"class":"cube","position":{"x":-176,"y":440,"z":0},"rotation":{"x":0,"y":0,"z":0},"scale":{"x":"16","y":"192","z":16}},{"class":"spike","position":{"x":-336,"y":-16,"z":0},"rotation":{"x":0,"y":0,"z":-3.141592653589793},"scale":{"x":16,"y":16,"z":16}},{"class":"cube","position":{"x":-152,"y":72,"z":0},"rotation":{"x":0,"y":0,"z":0},"scale":{"x":"208","y":16,"z":16}},{"class":"cube","position":{"x":-424,"y":328,"z":0},"rotation":{"x":0,"y":0,"z":-2.356194490192345},"scale":{"x":"16","y":"64","z":16}},{"class":"spike","position":{"x":-128,"y":128,"z":0},"rotation":{"x":0,"y":0,"z":-3.141592653589793},"scale":{"x":16,"y":16,"z":16}},{"class":"cube","position":{"x":-56,"y":152,"z":0},"rotation":{"x":0,"y":0,"z":0},"scale":{"x":16,"y":"144","z":16}},{"class":"cube","position":{"x":-224,"y":144,"z":0},"rotation":{"x":0,"y":0,"z":0},"scale":{"x":"208","y":16,"z":16}},{"class":"cube","position":{"x":-152,"y":424,"z":0},"rotation":{"x":0,"y":0,"z":-0.7853981633974483},"scale":{"x":"16","y":"80","z":16}},{"class":"gravity","position":{"x":-16,"y":16,"z":0},"rotation":{"x":0,"y":0,"z":-3.141592653589793},"scale":{"x":16,"y":16,"z":16}},{"class":"cube","position":{"x":-232,"y":256,"z":0},"rotation":{"x":0,"y":0,"z":-2.356194490192345},"scale":{"x":"16","y":"64","z":16}},{"class":"cube","position":{"x":-336,"y":72,"z":0},"rotation":{"x":0,"y":0,"z":0},"scale":{"x":16,"y":"160","z":16}},{"class":"cube","position":{"x":-264,"y":288,"z":0},"rotation":{"x":0,"y":0,"z":-0.7853981633974483},"scale":{"x":16,"y":16,"z":16}},{"class":"spike","position":{"x":-336,"y":424,"z":0},"rotation":{"x":0,"y":0,"z":-3.141592653589793},"scale":{"x":16,"y":16,"z":16}},{"class":"spike","position":{"x":-304,"y":424,"z":0},"rotation":{"x":0,"y":0,"z":-3.141592653589793},"scale":{"x":16,"y":16,"z":16}},{"class":"spike","position":{"x":-272,"y":424,"z":0},"rotation":{"x":0,"y":0,"z":-3.141592653589793},"scale":{"x":16,"y":16,"z":16}},{"class":"cube","position":{"x":-448,"y":424,"z":0},"rotation":{"x":0,"y":0,"z":0},"scale":{"x":16,"y":"224","z":16}},{"class":"spike","position":{"x":-288,"y":424,"z":0},"rotation":{"x":0,"y":0,"z":-3.141592653589793},"scale":{"x":16,"y":16,"z":16}},{"class":"cube","position":{"x":-24,"y":56,"z":0},"rotation":{"x":0,"y":0,"z":-0.5235987755982988},"scale":{"x":64,"y":16,"z":16}},{"class":"cube","position":{"x":-120,"y":232,"z":0},"rotation":{"x":0,"y":0,"z":0},"scale":{"x":"288","y":"16","z":16}},{"class":"spike","position":{"x":-248,"y":56,"z":0},"rotation":{"x":0,"y":0,"z":-3.141592653589793},"scale":{"x":16,"y":16,"z":16}},{"class":"cube","position":{"x":-336,"y":232,"z":0},"rotation":{"x":0,"y":0,"z":0},"scale":{"x":16,"y":"160","z":16}},{"class":"cube","position":{"x":-296,"y":440,"z":0},"rotation":{"x":0,"y":0,"z":0},"scale":{"x":"96","y":16,"z":16}},{"class":"cube","position":{"x":-312,"y":168,"z":0},"rotation":{"x":0,"y":0,"z":-2.356194490192345},"scale":{"x":"16","y":"64","z":16}},{"class":"gravity","position":{"x":-320,"y":528,"z":0},"rotation":{"x":0,"y":0,"z":0},"scale":{"x":16,"y":16,"z":16}},{"class":"cube","position":{"x":-400,"y":304,"z":0},"rotation":{"x":0,"y":0,"z":0},"scale":{"x":"112","y":"16","z":16}},{"class":"cube","position":{"x":-256,"y":336,"z":0},"rotation":{"x":0,"y":0,"z":0},"scale":{"x":"16","y":"192","z":16}},{"class":"cube","position":{"x":-312,"y":120,"z":0},"rotation":{"x":0,"y":0,"z":-0.7853981633974483},"scale":{"x":"16","y":"64","z":16}},{"class":"cube","position":{"x":-80,"y":96,"z":0},"rotation":{"x":0,"y":0,"z":-0.7853981633974483},"scale":{"x":"16","y":"64","z":16}},{"class":"gravity","position":{"x":-216,"y":160,"z":0},"rotation":{"x":0,"y":0,"z":-1.5707963267948966},"scale":{"x":16,"y":16,"z":16}},{"class":"spike","position":{"x":-320,"y":424,"z":0},"rotation":{"x":0,"y":0,"z":-3.141592653589793},"scale":{"x":16,"y":16,"z":16}},{"class":"cube","position":{"x":-424,"y":520,"z":0},"rotation":{"x":0,"y":0,"z":-0.7853981633974483},"scale":{"x":"16","y":"64","z":16}},{"class":"cube","position":{"x":-80,"y":208,"z":0},"rotation":{"x":0,"y":0,"z":-2.356194490192345},"scale":{"x":"16","y":"64","z":16}},{"class":"cube","position":{"x":-32,"y":208,"z":0},"rotation":{"x":0,"y":0,"z":-0.7853981633974483},"scale":{"x":"16","y":"64","z":16}},{"class":"finish","position":{"x":-304,"y":-184,"z":0},"rotation":{"x":0,"y":0,"z":0},"scale":{"x":"48","y":"48","z":16}},{"class":"cube","position":{"x":-184,"y":392,"z":0},"rotation":{"x":0,"y":0,"z":-0.7853981633974483},"scale":{"x":16,"y":16,"z":16}}]}