{"name": "Campaign Level 23","children":[{"class":"player","position":{"x":-32,"y":-48,"z":0},"rotation":{"x":0,"y":0,"z":0},"scale":{"x":16,"y":16,"z":16},"isStatic":false,"friction":0},{"class":"cube","position":{"x":136,"y":8,"z":0},"rotation":{"x":0,"y":0,"z":1.3089969389957472},"scale":{"x":"304","y":16,"z":16}},{"class":"cube","position":{"x":-48,"y":-104,"z":0},"rotation":{"x":0,"y":0,"z":-0.2617993877991494},"scale":{"x":"304","y":16,"z":16}},{"class":"cube","position":{"x":104,"y":168,"z":0},"rotation":{"x":0,"y":0,"z":-0.2617993877991494},"scale":{"x":"160","y":"16","z":16}},{"class":"cube","position":{"x":-152,"y":80,"z":0},"rotation":{"x":0,"y":0,"z":1.3089969389957472},"scale":{"x":"304","y":16,"z":16}},{"class":"gravity","position":{"x":-72,"y":8,"z":0},"rotation":{"x":0,"y":0,"z":1.5707963267948966},"scale":{"x":16,"y":16,"z":16}},{"class":"gravity","position":{"x":80,"y":-120,"z":0},"rotation":{"x":0,"y":0,"z":1.5707963267948966},"scale":{"x":16,"y":16,"z":16}},{"class":"gravity","position":{"x":152,"y":144,"z":0},"rotation":{"x":0,"y":0,"z":3.141592653589793},"scale":{"x":16,"y":16,"z":16}},{"class":"gravity","position":{"x":-168,"y":-56,"z":0},"rotation":{"x":0,"y":0,"z":0},"scale":{"x":"16","y":16,"z":16}},{"class":"cube","position":{"x":-16,"y":440,"z":0},"rotation":{"x":0,"y":0,"z":0},"scale":{"x":"112","y":16,"z":16}},{"class":"cube","position":{"x":56,"y":72,"z":0},"rotation":{"x":0,"y":0,"z":0},"scale":{"x":16,"y":"144","z":16}},{"class":"cube","position":{"x":-88,"y":48,"z":0},"rotation":{"x":0,"y":0,"z":0},"scale":{"x":16,"y":"96","z":16}},{"class":"cube","position":{"x":-96,"y":224,"z":0},"rotation":{"x":0,"y":0,"z":-0.2617993877991494},"scale":{"x":"48","y":16,"z":16}},{"class":"cube","position":{"x":-256,"y":456,"z":0},"rotation":{"x":0,"y":0,"z":0},"scale":{"x":16,"y":"512","z":16}},{"class":"cube","position":{"x":-16,"y":-8,"z":0},"rotation":{"x":0,"y":0,"z":0},"scale":{"x":"160","y":16,"z":16}},{"class":"spike","position":{"x":32,"y":424,"z":0},"rotation":{"x":0,"y":0,"z":-3.141592653589793},"scale":{"x":16,"y":16,"z":16}},{"class":"spike","position":{"x":-64,"y":424,"z":0},"rotation":{"x":0,"y":0,"z":-3.141592653589793},"scale":{"x":16,"y":16,"z":16}},{"class":"spike","position":{"x":-48,"y":424,"z":0},"rotation":{"x":0,"y":0,"z":-3.141592653589793},"scale":{"x":16,"y":16,"z":16}},{"class":"spike","position":{"x":-32,"y":424,"z":0},"rotation":{"x":0,"y":0,"z":-3.141592653589793},"scale":{"x":16,"y":16,"z":16}},{"class":"spike","position":{"x":-16,"y":424,"z":0},"rotation":{"x":0,"y":0,"z":-3.141592653589793},"scale":{"x":16,"y":16,"z":16}},{"class":"spike","position":{"x":0,"y":424,"z":0},"rotation":{"x":0,"y":0,"z":-3.141592653589793},"scale":{"x":16,"y":16,"z":16}},{"class":"cube","position":{"x":32,"y":16,"z":0},"rotation":{"x":0,"y":0,"z":0.7853981633974483},"scale":{"x":"64","y":16,"z":16}},{"class":"spike","position":{"x":16,"y":424,"z":0},"rotation":{"x":0,"y":0,"z":-3.141592653589793},"scale":{"x":16,"y":16,"z":16}},{"class":"cube","position":{"x":-80,"y":336,"z":0},"rotation":{"x":0,"y":0,"z":0},"scale":{"x":16,"y":"224","z":16}},{"class":"cube","position":{"x":104,"y":352,"z":0},"rotation":{"x":0,"y":0,"z":0},"scale":{"x":16,"y":"128","z":16}},{"class":"cube","position":{"x":104,"y":640,"z":0},"rotation":{"x":0,"y":0,"z":0},"scale":{"x":16,"y":"128","z":16}},{"class":"cube","position":{"x":104,"y":904,"z":0},"rotation":{"x":0,"y":0,"z":0},"scale":{"x":16,"y":"128","z":16}},{"class":"bounce","position":{"x":232,"y":1392,"z":0},"rotation":{"x":0,"y":0,"z":1.5707963267948966},"scale":{"x":"48","y":"48","z":16}},{"class":"cube","position":{"x":0,"y":1424,"z":0},"rotation":{"x":0,"y":0,"z":0},"scale":{"x":"512","y":16,"z":16}},{"class":"cube","position":{"x":-402,"y":1253,"z":0},"rotation":{"x":0,"y":0,"z":1.5707963267948966},"scale":{"x":"48","y":16,"z":16}},{"class":"cube","position":{"x":-276,"y":1418,"z":0},"rotation":{"x":0,"y":0,"z":0.2617993877991494},"scale":{"x":"48","y":16,"z":16}},{"class":"cube","position":{"x":-317,"y":1401,"z":0},"rotation":{"x":0,"y":0,"z":0.5235987755982988},"scale":{"x":"48","y":16,"z":16}},{"class":"cube","position":{"x":-352,"y":1374,"z":0},"rotation":{"x":0,"y":0,"z":0.7853981633974483},"scale":{"x":"48","y":16,"z":16}},{"class":"cube","position":{"x":-379,"y":1339,"z":0},"rotation":{"x":0,"y":0,"z":1.0471975511965976},"scale":{"x":"48","y":16,"z":16}},{"class":"cube","position":{"x":-396,"y":1298,"z":0},"rotation":{"x":0,"y":0,"z":1.3089969389957472},"scale":{"x":"48","y":16,"z":16}},{"class":"cube","position":{"x":104,"y":1232,"z":0},"rotation":{"x":0,"y":0,"z":0},"scale":{"x":16,"y":"272","z":16}},{"class":"cube","position":{"x":184,"y":1360,"z":0},"rotation":{"x":0,"y":0,"z":0},"scale":{"x":"144","y":16,"z":16}},{"class":"cube","position":{"x":264,"y":1392,"z":0},"rotation":{"x":0,"y":0,"z":0},"scale":{"x":"16","y":"80","z":16}},{"class":"cube","position":{"x":-256,"y":968,"z":0},"rotation":{"x":0,"y":0,"z":0},"scale":{"x":16,"y":"512","z":16}},{"class":"spike","position":{"x":-272,"y":712,"z":0},"rotation":{"x":0,"y":0,"z":1.5707963267948966},"scale":{"x":16,"y":16,"z":16}},{"class":"finish","position":{"x":-304,"y":240,"z":0},"rotation":{"x":0,"y":0,"z":0},"scale":{"x":"80","y":"80","z":16}},{"class":"resize","position":{"x":-296,"y":1064,"z":0},"rotation":{"x":0,"y":0,"z":0},"scale":{"x":"64","y":"64","z":16}},{"class":"gravity","position":{"x":-96,"y":208,"z":0},"rotation":{"x":0,"y":0,"z":-1.5707963267948966},"scale":{"x":16,"y":16,"z":16}},{"class":"cube","position":{"x":-212,"y":-78,"z":0},"rotation":{"x":0,"y":0,"z":-0.2617993877991494},"scale":{"x":"48","y":"48","z":16}},{"class":"cube","position":{"x":108,"y":-163,"z":0},"rotation":{"x":0,"y":0,"z":-0.2617993877991494},"scale":{"x":"48","y":"48","z":16}},{"class":"cube","position":{"x":195,"y":161,"z":0},"rotation":{"x":0,"y":0,"z":-0.2617993877991494},"scale":{"x":"48","y":"48","z":16}},{"class":"cube","position":{"x":-126,"y":250,"z":0},"rotation":{"x":0,"y":0,"z":-0.2617993877991494},"scale":{"x":"48","y":"48","z":16}},{"class":"cube","position":{"x":-224,"y":712,"z":0},"rotation":{"x":0,"y":0,"z":0},"scale":{"x":"48","y":"48","z":16}},{"class":"cube","position":{"x":136,"y":352,"z":0},"rotation":{"x":0,"y":0,"z":0},"scale":{"x":"48","y":"48","z":16}},{"class":"cube","position":{"x":136,"y":640,"z":0},"rotation":{"x":0,"y":0,"z":0},"scale":{"x":"48","y":"48","z":16}},{"class":"cube","position":{"x":136,"y":1160,"z":0},"rotation":{"x":0,"y":0,"z":0},"scale":{"x":"48","y":"48","z":16}},{"class":"cube","position":{"x":-224,"y":1200,"z":0},"rotation":{"x":0,"y":0,"z":0},"scale":{"x":"48","y":"48","z":16}},{"class":"cube","position":{"x":136,"y":904,"z":0},"rotation":{"x":0,"y":0,"z":0},"scale":{"x":"48","y":"48","z":16}},{"class":"spike","position":{"x":-88,"y":104,"z":0},"rotation":{"x":0,"y":0,"z":0},"scale":{"x":16,"y":16,"z":16}}]}