{"name": "Campaign Level 2","children":[{"class":"player","position":{"x":-704,"y":96,"z":0},"rotation":{"x":0,"y":0,"z":3.0456787885366197e-16},"scale":{"x":16,"y":16,"z":16},"isStatic":false,"friction":0},{"class":"cube","position":{"x":0,"y":-64,"z":0},"rotation":{"x":0,"y":0,"z":-0.5235987755982988},"scale":{"x":"512","y":16,"z":16}},{"class":"cube","position":{"x":240,"y":-197,"z":0},"rotation":{"x":0,"y":0,"z":-0.2617993877991494},"scale":{"x":"48","y":16,"z":16}},{"class":"cube","position":{"x":516,"y":-203,"z":0},"rotation":{"x":0,"y":0,"z":0},"scale":{"x":"512","y":16,"z":16}},{"class":"cube","position":{"x":589,"y":-171,"z":0},"rotation":{"x":0,"y":0,"z":0},"scale":{"x":"48","y":"48","z":16},"isStatic":false,"friction":0},{"class":"cube","position":{"x":573,"y":-131,"z":0},"rotation":{"x":0,"y":0,"z":0},"scale":{"x":"16","y":"32","z":16}},{"class":"finish","position":{"x":589,"y":-139,"z":0},"rotation":{"x":0,"y":0,"z":0},"scale":{"x":16,"y":16,"z":16},"isStatic":false,"friction":0},{"class":"cube","position":{"x":605,"y":-131,"z":0},"rotation":{"x":0,"y":0,"z":0},"scale":{"x":"16","y":"32","z":16}},{"class":"cube","position":{"x":589,"y":-123,"z":0},"rotation":{"x":0,"y":0,"z":0},"scale":{"x":16,"y":"16","z":16}},{"class":"cube","position":{"x":-243,"y":70,"z":0},"rotation":{"x":0,"y":0,"z":-0.2617993877991494},"scale":{"x":"48","y":16,"z":16}},{"class":"cube","position":{"x":-552,"y":76,"z":0},"rotation":{"x":0,"y":0,"z":0},"scale":{"x":"352","y":16,"z":16}},{"class":"cube","position":{"x":-748,"y":82,"z":0},"rotation":{"x":0,"y":0,"z":-0.2617993877991494},"scale":{"x":"48","y":16,"z":16}},{"class":"cube","position":{"x":-760,"y":160,"z":0},"rotation":{"x":0,"y":0,"z":0},"scale":{"x":"48","y":"48","z":16},"isStatic":false,"friction":1},{"class":"cube","position":{"x":-784,"y":104,"z":0},"rotation":{"x":0,"y":0,"z":-0.7853981633974483},"scale":{"x":"48","y":16,"z":16}},{"class":"spike","position":{"x":-334,"y":92,"z":0},"rotation":{"x":0,"y":0,"z":1.5707963267948966},"scale":{"x":16,"y":16,"z":16}},{"class":"cube","position":{"x":-318,"y":92,"z":0},"rotation":{"x":0,"y":0,"z":0},"scale":{"x":16,"y":16,"z":16}},{"class":"cube","position":{"x":-294,"y":76,"z":0},"rotation":{"x":0,"y":0,"z":0},"scale":{"x":"64","y":16,"z":16}},{"class":"cube","position":{"x":663,"y":-188,"z":0},"rotation":{"x":0,"y":0,"z":0},"scale":{"x":16,"y":16,"z":16}}]}