{"name": "Campaign Level 17","children":[{"class":"player","position":{"x":-224,"y":183.99999999999994,"z":0},"rotation":{"x":0,"y":0,"z":0},"scale":{"x":16,"y":16,"z":16},"isStatic":false,"friction":0},{"class":"cube","position":{"x":-8,"y":72,"z":0},"rotation":{"x":0,"y":0,"z":-0.2617993877991494},"scale":{"x":"512","y":"16","z":16}},{"class":"cube","position":{"x":-232,"y":160,"z":0},"rotation":{"x":0,"y":0,"z":-0.2617993877991494},"scale":{"x":"48","y":16,"z":16},"isStatic":false,"friction":0},{"class":"cube","position":{"x":760,"y":-72,"z":0},"rotation":{"x":0,"y":0,"z":0},"scale":{"x":"224","y":16,"z":16}},{"class":"cube","position":{"x":904,"y":72,"z":0},"rotation":{"x":0,"y":0,"z":0},"scale":{"x":16,"y":"320","z":16}},{"class":"cube","position":{"x":864,"y":-120,"z":0},"rotation":{"x":0,"y":0,"z":0},"scale":{"x":"96","y":16,"z":16},"isStatic":false,"friction":0},{"class":"cube","position":{"x":784,"y":-104,"z":0},"rotation":{"x":0,"y":0,"z":0},"scale":{"x":"16","y":"48","z":16}},{"class":"cube","position":{"x":1048,"y":-192,"z":0},"rotation":{"x":0,"y":0,"z":-0.2617993877991494},"scale":{"x":"416","y":16,"z":16}},{"class":"cube","position":{"x":824,"y":-152,"z":0},"rotation":{"x":0,"y":0,"z":0},"scale":{"x":"96","y":"48","z":16}},{"class":"cube","position":{"x":1888,"y":-192,"z":0},"rotation":{"x":0,"y":0,"z":0},"scale":{"x":16,"y":"480","z":16}},{"class":"cube","position":{"x":1712,"y":-88,"z":0},"rotation":{"x":0,"y":0,"z":0},"scale":{"x":16,"y":"272","z":16}},{"class":"cube","position":{"x":1672,"y":-264,"z":0},"rotation":{"x":0,"y":0,"z":-0.2617993877991494},"scale":{"x":"96","y":16,"z":16}},{"class":"bounce","position":{"x":1752,"y":-352,"z":0},"rotation":{"x":0,"y":0,"z":-3.141592653589793},"scale":{"x":"16","y":16,"z":"4"},"isStatic":false,"friction":0},{"class":"bounce","position":{"x":1816,"y":-280,"z":0},"rotation":{"x":0,"y":0,"z":-3.141592653589793},"scale":{"x":"16","y":16,"z":"4"},"isStatic":false,"friction":0},{"class":"bounce","position":{"x":1760,"y":-320,"z":0},"rotation":{"x":0,"y":0,"z":-3.141592653589793},"scale":{"x":"16","y":16,"z":"4"},"isStatic":false,"friction":0},{"class":"bounce","position":{"x":1752,"y":-200,"z":0},"rotation":{"x":0,"y":0,"z":-3.141592653589793},"scale":{"x":"16","y":16,"z":"4"},"isStatic":false,"friction":0},{"class":"bounce","position":{"x":1864,"y":-352,"z":0},"rotation":{"x":0,"y":0,"z":-3.141592653589793},"scale":{"x":"16","y":16,"z":"4"},"isStatic":false,"friction":0},{"class":"bounce","position":{"x":1808,"y":-216,"z":0},"rotation":{"x":0,"y":0,"z":-3.141592653589793},"scale":{"x":"16","y":16,"z":"4"},"isStatic":false,"friction":0},{"class":"bounce","position":{"x":1848,"y":-296,"z":0},"rotation":{"x":0,"y":0,"z":-3.141592653589793},"scale":{"x":"16","y":16,"z":"4"},"isStatic":false,"friction":0},{"class":"bounce","position":{"x":1752,"y":-104,"z":0},"rotation":{"x":0,"y":0,"z":-3.141592653589793},"scale":{"x":"16","y":16,"z":"4"},"isStatic":false,"friction":0},{"class":"bounce","position":{"x":1768,"y":-264,"z":0},"rotation":{"x":0,"y":0,"z":-3.141592653589793},"scale":{"x":"16","y":16,"z":"4"},"isStatic":false,"friction":0},{"class":"bounce","position":{"x":1848,"y":-32,"z":0},"rotation":{"x":0,"y":0,"z":-3.141592653589793},"scale":{"x":"16","y":16,"z":"4"},"isStatic":false,"friction":0},{"class":"cube","position":{"x":1800,"y":56,"z":0},"rotation":{"x":0,"y":0,"z":0},"scale":{"x":"192","y":16,"z":16}},{"class":"cube","position":{"x":1712,"y":-352,"z":0},"rotation":{"x":0,"y":0,"z":0},"scale":{"x":16,"y":"160","z":16}},{"class":"cube","position":{"x":1800,"y":-440,"z":0},"rotation":{"x":0,"y":0,"z":0},"scale":{"x":"192","y":16,"z":16}},{"class":"bounce","position":{"x":1800,"y":-416,"z":0},"rotation":{"x":0,"y":0,"z":0},"scale":{"x":"304","y":"32","z":"4"}},{"class":"bounce","position":{"x":1848,"y":-232,"z":0},"rotation":{"x":0,"y":0,"z":-3.141592653589793},"scale":{"x":"16","y":16,"z":"4"},"isStatic":false,"friction":0},{"class":"bounce","position":{"x":1816,"y":-168,"z":0},"rotation":{"x":0,"y":0,"z":-3.141592653589793},"scale":{"x":"16","y":"16","z":"4"},"isStatic":false,"friction":0},{"class":"bounce","position":{"x":1784,"y":-128,"z":0},"rotation":{"x":0,"y":0,"z":-3.141592653589793},"scale":{"x":"16","y":16,"z":"4"},"isStatic":false,"friction":0},{"class":"bounce","position":{"x":1712,"y":-232,"z":0},"rotation":{"x":0,"y":0,"z":-1.8325957145940461},"scale":{"x":"32","y":16,"z":"4"}},{"class":"cube","position":{"x":1944,"y":-408,"z":0},"rotation":{"x":0,"y":0,"z":0},"scale":{"x":"96","y":"80","z":16}},{"class":"cube","position":{"x":1656,"y":-408,"z":0},"rotation":{"x":0,"y":0,"z":0},"scale":{"x":"96","y":"80","z":16}},{"class":"finish","position":{"x":1800,"y":40,"z":0},"rotation":{"x":0,"y":0,"z":-3.141592653589793},"scale":{"x":"160","y":"16","z":"4"}},{"class":"bounce","position":{"x":1832,"y":-112,"z":0},"rotation":{"x":0,"y":0,"z":-3.141592653589793},"scale":{"x":"16","y":16,"z":"4"},"isStatic":false,"friction":0},{"class":"bounce","position":{"x":1824,"y":-8,"z":0},"rotation":{"x":0,"y":0,"z":-3.141592653589793},"scale":{"x":"16","y":16,"z":"4"},"isStatic":false,"friction":0},{"class":"bounce","position":{"x":1760,"y":-24,"z":0},"rotation":{"x":0,"y":0,"z":-3.141592653589793},"scale":{"x":"16","y":16,"z":"4"},"isStatic":false,"friction":0},{"class":"bounce","position":{"x":1816,"y":-72,"z":0},"rotation":{"x":0,"y":0,"z":-3.141592653589793},"scale":{"x":"16","y":16,"z":"4"},"isStatic":false,"friction":0},{"class":"bounce","position":{"x":1776,"y":8,"z":0},"rotation":{"x":0,"y":0,"z":-3.141592653589793},"scale":{"x":"16","y":16,"z":"4"},"isStatic":false,"friction":0},{"class":"cube","position":{"x":656,"y":-48,"z":0},"rotation":{"x":0,"y":0,"z":0},"scale":{"x":16,"y":"32","z":16}},{"class":"spike","position":{"x":656,"y":-24,"z":0},"rotation":{"x":0,"y":0,"z":0},"scale":{"x":16,"y":16,"z":16}},{"class":"cube","position":{"x":1256,"y":-248,"z":0},"rotation":{"x":0,"y":0,"z":-0.2617993877991494},"scale":{"x":"32","y":"32","z":16}},{"class":"cube","position":{"x":240,"y":8,"z":0},"rotation":{"x":0,"y":0,"z":-0.2617993877991494},"scale":{"x":"32","y":"32","z":16}}]}