{"name": "Campaign Level 4","children":[{"class":"player","position":{"x":0,"y":0,"z":0},"rotation":{"x":0,"y":0,"z":3.0456787885366197e-16},"scale":{"x":16,"y":16,"z":16},"isStatic":false,"friction":0},{"class":"cube","position":{"x":0,"y":-64,"z":0},"rotation":{"x":0,"y":0,"z":0},"scale":{"x":64,"y":16,"z":16}},{"class":"cube","position":{"x":278,"y":2,"z":0},"rotation":{"x":0,"y":0,"z":0.2617993877991494},"scale":{"x":"512","y":16,"z":16}},{"class":"cube","position":{"x":770,"y":134,"z":0},"rotation":{"x":0,"y":0,"z":0.2617993877991494},"scale":{"x":"512","y":16,"z":16}},{"class":"cube","position":{"x":1262,"y":266,"z":0},"rotation":{"x":0,"y":0,"z":0.2617993877991494},"scale":{"x":"512","y":16,"z":16}},{"class":"spike","position":{"x":272,"y":19.00000000000003,"z":0},"rotation":{"x":0,"y":0,"z":1.8325957145940461},"scale":{"x":"16","y":16,"z":16},"isStatic":false,"friction":0},{"class":"spike","position":{"x":824,"y":176,"z":0},"rotation":{"x":0,"y":0,"z":1.8325957145940461},"scale":{"x":"32","y":"32","z":16},"isStatic":false,"friction":0},{"class":"cube","position":{"x":-112,"y":-128,"z":0},"rotation":{"x":0,"y":0,"z":0},"scale":{"x":"192","y":16,"z":16}},{"class":"cube","position":{"x":-24,"y":-96,"z":0},"rotation":{"x":0,"y":0,"z":0},"scale":{"x":16,"y":"48","z":16}},{"class":"cube","position":{"x":-200,"y":-88,"z":0},"rotation":{"x":0,"y":0,"z":0},"scale":{"x":16,"y":"64","z":16}},{"class":"cube","position":{"x":1754,"y":398,"z":0},"rotation":{"x":0,"y":0,"z":0.2617993877991494},"scale":{"x":"512","y":16,"z":16}},{"class":"finish","position":{"x":2856,"y":760,"z":0},"rotation":{"x":0,"y":0,"z":0.2617993877991494},"scale":{"x":"96","y":"96","z":16},"isStatic":false,"friction":0},{"class":"cube","position":{"x":2208,"y":520,"z":0},"rotation":{"x":0,"y":0,"z":0.2617993877991494},"scale":{"x":"512","y":16,"z":16}},{"class":"cube","position":{"x":2680,"y":648,"z":0},"rotation":{"x":0,"y":0,"z":0.2617993877991494},"scale":{"x":"512","y":16,"z":16}},{"class":"spike","position":{"x":1800,"y":448,"z":0},"rotation":{"x":0,"y":0,"z":1.8325957145940461},"scale":{"x":"48","y":"48","z":16},"isStatic":false,"friction":0}]}