{"name": "Campaign Level 24","children":[{"class":"player","position":{"x":168,"y":-40,"z":0},"rotation":{"x":0,"y":0,"z":0},"scale":{"x":"32","y":"32","z":16},"isStatic":false,"friction":0},{"class":"cube","position":{"x":0,"y":-64,"z":0},"rotation":{"x":0,"y":0,"z":0},"scale":{"x":"288","y":16,"z":16}},{"class":"cube","position":{"x":344,"y":-197,"z":0},"rotation":{"x":0,"y":0,"z":-1.5707963267948966},"scale":{"x":"48","y":16,"z":16}},{"class":"cube","position":{"x":164,"y":-70,"z":0},"rotation":{"x":0,"y":0,"z":-0.2617993877991494},"scale":{"x":"48","y":16,"z":16}},{"class":"cube","position":{"x":205,"y":-88,"z":0},"rotation":{"x":0,"y":0,"z":-0.5235987755982988},"scale":{"x":"48","y":16,"z":16}},{"class":"cube","position":{"x":239,"y":-115,"z":0},"rotation":{"x":0,"y":0,"z":-0.7853981633974483},"scale":{"x":"48","y":16,"z":16}},{"class":"cube","position":{"x":320,"y":-115,"z":0},"rotation":{"x":0,"y":0,"z":-1.0471975511965976},"scale":{"x":"48","y":16,"z":16}},{"class":"cube","position":{"x":-307,"y":-91,"z":0},"rotation":{"x":0,"y":0,"z":1.5707963267948966},"scale":{"x":"112","y":"16","z":16}},{"class":"cube","position":{"x":337,"y":-156,"z":0},"rotation":{"x":0,"y":0,"z":-1.3089969389957472},"scale":{"x":"48","y":16,"z":16}},{"class":"cube","position":{"x":338,"y":-242,"z":0},"rotation":{"x":0,"y":0,"z":-1.8325957145940461},"scale":{"x":"48","y":16,"z":16}},{"class":"cube","position":{"x":321,"y":-283,"z":0},"rotation":{"x":0,"y":0,"z":-2.0943951023931953},"scale":{"x":"48","y":16,"z":16}},{"class":"cube","position":{"x":294,"y":-319,"z":0},"rotation":{"x":0,"y":0,"z":-2.356194490192345},"scale":{"x":"48","y":16,"z":16}},{"class":"cube","position":{"x":259,"y":-346,"z":0},"rotation":{"x":0,"y":0,"z":-2.6179938779914944},"scale":{"x":"48","y":16,"z":16}},{"class":"cube","position":{"x":218,"y":-363,"z":0},"rotation":{"x":0,"y":0,"z":-2.8797932657906435},"scale":{"x":"48","y":16,"z":16}},{"class":"cube","position":{"x":174,"y":-369,"z":0},"rotation":{"x":0,"y":0,"z":-3.141592653589793},"scale":{"x":"48","y":16,"z":16}},{"class":"cube","position":{"x":-136,"y":-296,"z":0},"rotation":{"x":0,"y":0,"z":-3.141592653589793},"scale":{"x":"48","y":16,"z":16}},{"class":"cube","position":{"x":-181,"y":-290,"z":0},"rotation":{"x":0,"y":0,"z":2.8797932657906435},"scale":{"x":"48","y":16,"z":16}},{"class":"cube","position":{"x":-222,"y":-273,"z":0},"rotation":{"x":0,"y":0,"z":2.6179938779914944},"scale":{"x":"48","y":16,"z":16}},{"class":"cube","position":{"x":-257,"y":-246,"z":0},"rotation":{"x":0,"y":0,"z":2.356194490192345},"scale":{"x":"48","y":16,"z":16}},{"class":"cube","position":{"x":-284,"y":-210,"z":0},"rotation":{"x":0,"y":0,"z":2.0943951023931953},"scale":{"x":"48","y":16,"z":16}},{"class":"cube","position":{"x":-132,"y":114,"z":0},"rotation":{"x":0,"y":0,"z":0},"scale":{"x":"48","y":16,"z":16}},{"class":"gravity","position":{"x":-279,"y":-91,"z":0},"rotation":{"x":0,"y":0,"z":-3.141592653589793},"scale":{"x":"32","y":"32","z":"4"}},{"class":"cube","position":{"x":-301,"y":-168,"z":0},"rotation":{"x":0,"y":0,"z":1.8325957145940461},"scale":{"x":"48","y":16,"z":16}},{"class":"cube","position":{"x":-301,"y":-14,"z":0},"rotation":{"x":0,"y":0,"z":1.3089969389957472},"scale":{"x":"48","y":16,"z":16}},{"class":"cube","position":{"x":-283,"y":28,"z":0},"rotation":{"x":0,"y":0,"z":1.0471975511965976},"scale":{"x":"48","y":16,"z":16}},{"class":"cube","position":{"x":-255,"y":64,"z":0},"rotation":{"x":0,"y":0,"z":0.7853981633974483},"scale":{"x":"48","y":16,"z":16}},{"class":"cube","position":{"x":-219,"y":91,"z":0},"rotation":{"x":0,"y":0,"z":0.5235987755982988},"scale":{"x":"48","y":16,"z":16}},{"class":"gravity","position":{"x":-135,"y":-265,"z":0},"rotation":{"x":0,"y":0,"z":-1.5707963267948966},"scale":{"x":"32","y":"32","z":"4"}},{"class":"cube","position":{"x":-177,"y":108,"z":0},"rotation":{"x":0,"y":0,"z":0.2617993877991494},"scale":{"x":"48","y":16,"z":16}},{"class":"cube","position":{"x":-88,"y":120,"z":0},"rotation":{"x":0,"y":0,"z":0.2617993877991494},"scale":{"x":"48","y":16,"z":16}},{"class":"cube","position":{"x":-46,"y":138,"z":0},"rotation":{"x":0,"y":0,"z":0.5235987755982988},"scale":{"x":"48","y":16,"z":16}},{"class":"cube","position":{"x":85,"y":95,"z":0},"rotation":{"x":0,"y":0,"z":0.7853981633974483},"scale":{"x":"48","y":16,"z":16}},{"class":"cube","position":{"x":112,"y":130,"z":0},"rotation":{"x":0,"y":0,"z":1.0471975511965976},"scale":{"x":"48","y":16,"z":16}},{"class":"cube","position":{"x":129,"y":171,"z":0},"rotation":{"x":0,"y":0,"z":1.3089969389957472},"scale":{"x":"48","y":16,"z":16}},{"class":"cube","position":{"x":134,"y":215,"z":0},"rotation":{"x":0,"y":0,"z":1.5707963267948966},"scale":{"x":"48","y":16,"z":16}},{"class":"cube","position":{"x":128,"y":259,"z":0},"rotation":{"x":0,"y":0,"z":1.8325957145940461},"scale":{"x":"48","y":16,"z":16}},{"class":"cube","position":{"x":111,"y":300,"z":0},"rotation":{"x":0,"y":0,"z":2.0943951023931953},"scale":{"x":"48","y":16,"z":16}},{"class":"cube","position":{"x":84,"y":335,"z":0},"rotation":{"x":0,"y":0,"z":2.356194490192345},"scale":{"x":"48","y":16,"z":16}},{"class":"cube","position":{"x":49,"y":361,"z":0},"rotation":{"x":0,"y":0,"z":2.6179938779914944},"scale":{"x":"48","y":16,"z":16}},{"class":"cube","position":{"x":7,"y":378,"z":0},"rotation":{"x":0,"y":0,"z":2.8797932657906435},"scale":{"x":"48","y":16,"z":16}},{"class":"cube","position":{"x":-132,"y":388,"z":0},"rotation":{"x":0,"y":0,"z":-1.5707963267948966},"scale":{"x":"48","y":16,"z":16}},{"class":"gravity","position":{"x":472,"y":-32,"z":0},"rotation":{"x":0,"y":0,"z":1.5707963267948966},"scale":{"x":"32","y":"32","z":"4"}},{"class":"cube","position":{"x":-80,"y":320,"z":0},"rotation":{"x":0,"y":0,"z":0},"scale":{"x":"16","y":16,"z":16}},{"class":"cube","position":{"x":-93,"y":322,"z":0},"rotation":{"x":0,"y":0,"z":-0.2617993877991494},"scale":{"x":"16","y":16,"z":16}},{"class":"cube","position":{"x":-105,"y":327,"z":0},"rotation":{"x":0,"y":0,"z":-0.5235987755982988},"scale":{"x":"16","y":16,"z":16}},{"class":"cube","position":{"x":-116,"y":335,"z":0},"rotation":{"x":0,"y":0,"z":-0.7853981633974483},"scale":{"x":"16","y":16,"z":16}},{"class":"cube","position":{"x":-125,"y":346,"z":0},"rotation":{"x":0,"y":0,"z":-1.0471975511965976},"scale":{"x":"16","y":16,"z":16}},{"class":"cube","position":{"x":-72,"y":456,"z":0},"rotation":{"x":0,"y":0,"z":-1.5707963267948966},"scale":{"x":"16","y":16,"z":16}},{"class":"cube","position":{"x":-130,"y":358,"z":0},"rotation":{"x":0,"y":0,"z":-1.3089969389957472},"scale":{"x":"16","y":16,"z":16}},{"class":"cube","position":{"x":-130,"y":417,"z":0},"rotation":{"x":0,"y":0,"z":-0.2617993877991494},"scale":{"x":"16","y":16,"z":16}},{"class":"cube","position":{"x":-125,"y":430,"z":0},"rotation":{"x":0,"y":0,"z":-0.5235987755982988},"scale":{"x":"16","y":16,"z":16}},{"class":"cube","position":{"x":-117,"y":441,"z":0},"rotation":{"x":0,"y":0,"z":-0.7853981633974483},"scale":{"x":"16","y":16,"z":16}},{"class":"cube","position":{"x":-106,"y":449,"z":0},"rotation":{"x":0,"y":0,"z":-1.0471975511965976},"scale":{"x":"16","y":16,"z":16}},{"class":"cube","position":{"x":-94,"y":454,"z":0},"rotation":{"x":0,"y":0,"z":-1.3089969389957472},"scale":{"x":"16","y":16,"z":16}},{"class":"gravity","position":{"x":-48,"y":408,"z":0},"rotation":{"x":0,"y":0,"z":1.5707963267948966},"scale":{"x":"32","y":"32","z":"4"}},{"class":"spike","position":{"x":56,"y":-400,"z":0},"rotation":{"x":0,"y":0,"z":0},"scale":{"x":"32","y":"32","z":16}},{"class":"spike","position":{"x":-40,"y":-400,"z":0},"rotation":{"x":0,"y":0,"z":0},"scale":{"x":"32","y":"32","z":16}},{"class":"spike","position":{"x":-8,"y":-400,"z":0},"rotation":{"x":0,"y":0,"z":0},"scale":{"x":"32","y":"32","z":16}},{"class":"spike","position":{"x":24,"y":-400,"z":0},"rotation":{"x":0,"y":0,"z":0},"scale":{"x":"32","y":"32","z":16}},{"class":"cube","position":{"x":-80,"y":456,"z":0},"rotation":{"x":0,"y":0,"z":-1.5707963267948966},"scale":{"x":"16","y":16,"z":16}},{"class":"resize","position":{"x":80,"y":400,"z":0},"rotation":{"x":0,"y":0,"z":0},"scale":{"x":16,"y":16,"z":16}},{"class":"cube","position":{"x":192,"y":384,"z":0},"rotation":{"x":0,"y":0,"z":0},"scale":{"x":"512","y":16,"z":16}},{"class":"spike","position":{"x":192,"y":440,"z":0},"rotation":{"x":0,"y":0,"z":-3.141592653589793},"scale":{"x":16,"y":16,"z":16}},{"class":"cube","position":{"x":64,"y":456,"z":0},"rotation":{"x":0,"y":0,"z":0},"scale":{"x":"256","y":16,"z":16}},{"class":"cube","position":{"x":448,"y":456,"z":0},"rotation":{"x":0,"y":0,"z":0},"scale":{"x":"512","y":16,"z":16}},{"class":"cube","position":{"x":1104,"y":72,"z":0},"rotation":{"x":0,"y":0,"z":0},"scale":{"x":16,"y":"512","z":16}},{"class":"cube","position":{"x":1208,"y":72,"z":0},"rotation":{"x":0,"y":0,"z":0},"scale":{"x":16,"y":"512","z":16}},{"class":"cube","position":{"x":1122,"y":-305,"z":0},"rotation":{"x":0,"y":0,"z":-1.0471975511965976},"scale":{"x":16,"y":"48","z":16}},{"class":"cube","position":{"x":1202,"y":-204,"z":0},"rotation":{"x":0,"y":0,"z":-0.2617993877991494},"scale":{"x":16,"y":"48","z":16}},{"class":"cube","position":{"x":1185,"y":-244,"z":0},"rotation":{"x":0,"y":0,"z":-0.5235987755982988},"scale":{"x":16,"y":"48","z":16}},{"class":"cube","position":{"x":1157,"y":-279,"z":0},"rotation":{"x":0,"y":0,"z":-0.7853981633974483},"scale":{"x":16,"y":"48","z":16}},{"class":"cube","position":{"x":1083,"y":-322,"z":0},"rotation":{"x":0,"y":0,"z":-1.3089969389957472},"scale":{"x":16,"y":"48","z":16}},{"class":"cube","position":{"x":1041,"y":-327,"z":0},"rotation":{"x":0,"y":0,"z":-1.5707963267948966},"scale":{"x":16,"y":"48","z":16}},{"class":"cube","position":{"x":960,"y":-10,"z":0},"rotation":{"x":0,"y":0,"z":2.0943951023931953},"scale":{"x":16,"y":"48","z":16}},{"class":"cube","position":{"x":997,"y":-321,"z":0},"rotation":{"x":0,"y":0,"z":-1.8325957145940461},"scale":{"x":16,"y":"48","z":16}},{"class":"cube","position":{"x":956,"y":-304,"z":0},"rotation":{"x":0,"y":0,"z":-2.0943951023931953},"scale":{"x":16,"y":"48","z":16}},{"class":"cube","position":{"x":923,"y":-278,"z":0},"rotation":{"x":0,"y":0,"z":-2.356194490192345},"scale":{"x":16,"y":"48","z":16}},{"class":"cube","position":{"x":896,"y":-242,"z":0},"rotation":{"x":0,"y":0,"z":-2.6179938779914944},"scale":{"x":16,"y":"48","z":16}},{"class":"cube","position":{"x":879,"y":-200,"z":0},"rotation":{"x":0,"y":0,"z":-2.8797932657906435},"scale":{"x":16,"y":"48","z":16}},{"class":"cube","position":{"x":874,"y":-157,"z":0},"rotation":{"x":0,"y":0,"z":-3.141592653589793},"scale":{"x":16,"y":"48","z":16}},{"class":"cube","position":{"x":880,"y":-113,"z":0},"rotation":{"x":0,"y":0,"z":2.8797932657906435},"scale":{"x":16,"y":"48","z":16}},{"class":"cube","position":{"x":897,"y":-72,"z":0},"rotation":{"x":0,"y":0,"z":2.6179938779914944},"scale":{"x":16,"y":"48","z":16}},{"class":"cube","position":{"x":924,"y":-37,"z":0},"rotation":{"x":0,"y":0,"z":2.356194490192345},"scale":{"x":16,"y":"48","z":16}},{"class":"cube","position":{"x":990,"y":260,"z":0},"rotation":{"x":0,"y":0,"z":1.5707963267948966},"scale":{"x":16,"y":"32","z":16}},{"class":"cube","position":{"x":1100,"y":176,"z":0},"rotation":{"x":0,"y":0,"z":0.2617993877991494},"scale":{"x":16,"y":"32","z":16}},{"class":"cube","position":{"x":1089,"y":204,"z":0},"rotation":{"x":0,"y":0,"z":0.5235987755982988},"scale":{"x":16,"y":"32","z":16}},{"class":"cube","position":{"x":1071,"y":227,"z":0},"rotation":{"x":0,"y":0,"z":0.7853981633974483},"scale":{"x":16,"y":"32","z":16}},{"class":"cube","position":{"x":1047,"y":245,"z":0},"rotation":{"x":0,"y":0,"z":1.0471975511965976},"scale":{"x":16,"y":"32","z":16}},{"class":"cube","position":{"x":1019,"y":256,"z":0},"rotation":{"x":0,"y":0,"z":1.3089969389957472},"scale":{"x":16,"y":"32","z":16}},{"class":"cube","position":{"x":728,"y":200,"z":0},"rotation":{"x":0,"y":0,"z":0},"scale":{"x":"512","y":16,"z":16}},{"class":"gravity","position":{"x":-16,"y":408,"z":0},"rotation":{"x":0,"y":0,"z":0},"scale":{"x":"32","y":"32","z":"4"}},{"class":"gravity","position":{"x":1048,"y":-296,"z":0},"rotation":{"x":0,"y":0,"z":-1.5707963267948966},"scale":{"x":"32","y":"32","z":"4"}},{"class":"cube","position":{"x":976,"y":96,"z":0},"rotation":{"x":0,"y":0,"z":0},"scale":{"x":16,"y":"192","z":16}},{"class":"spike","position":{"x":528,"y":320,"z":0},"rotation":{"x":0,"y":0,"z":-3.141592653589793},"scale":{"x":"160","y":16,"z":"4"}},{"class":"spike","position":{"x":528,"y":336,"z":0},"rotation":{"x":0,"y":0,"z":0},"scale":{"x":"160","y":16,"z":"4"}},{"class":"spike","position":{"x":696,"y":336,"z":0},"rotation":{"x":0,"y":0,"z":0},"scale":{"x":"160","y":16,"z":"4"}},{"class":"spike","position":{"x":856,"y":336,"z":0},"rotation":{"x":0,"y":0,"z":0},"scale":{"x":"160","y":16,"z":"4"}},{"class":"spike","position":{"x":1024,"y":336,"z":0},"rotation":{"x":0,"y":0,"z":0},"scale":{"x":"160","y":16,"z":"4"}},{"class":"spike","position":{"x":1024,"y":320,"z":0},"rotation":{"x":0,"y":0,"z":-3.141592653589793},"scale":{"x":"160","y":16,"z":"4"}},{"class":"spike","position":{"x":856,"y":320,"z":0},"rotation":{"x":0,"y":0,"z":-3.141592653589793},"scale":{"x":"160","y":16,"z":"4"}},{"class":"spike","position":{"x":696,"y":320,"z":0},"rotation":{"x":0,"y":0,"z":-3.141592653589793},"scale":{"x":"160","y":16,"z":"4"}},{"class":"gravity","position":{"x":904,"y":-160,"z":0},"rotation":{"x":0,"y":0,"z":-3.141592653589793},"scale":{"x":"32","y":"32","z":"4"}},{"class":"cube","position":{"x":311,"y":221,"z":0},"rotation":{"x":0,"y":0,"z":0.7853981633974483},"scale":{"x":"48","y":16,"z":16}},{"class":"cube","position":{"x":432,"y":272,"z":0},"rotation":{"x":0,"y":0,"z":0},"scale":{"x":"48","y":16,"z":16}},{"class":"cube","position":{"x":388,"y":266,"z":0},"rotation":{"x":0,"y":0,"z":0.2617993877991494},"scale":{"x":"48","y":16,"z":16}},{"class":"cube","position":{"x":347,"y":249,"z":0},"rotation":{"x":0,"y":0,"z":0.5235987755982988},"scale":{"x":"48","y":16,"z":16}},{"class":"cube","position":{"x":432,"y":-69,"z":0},"rotation":{"x":0,"y":0,"z":3.141592653589793},"scale":{"x":"48","y":16,"z":16}},{"class":"cube","position":{"x":284,"y":186,"z":0},"rotation":{"x":0,"y":0,"z":1.0471975511965976},"scale":{"x":"48","y":16,"z":16}},{"class":"cube","position":{"x":267,"y":145,"z":0},"rotation":{"x":0,"y":0,"z":1.3089969389957472},"scale":{"x":"48","y":16,"z":16}},{"class":"cube","position":{"x":261,"y":101,"z":0},"rotation":{"x":0,"y":0,"z":1.5707963267948966},"scale":{"x":"48","y":16,"z":16}},{"class":"cube","position":{"x":267,"y":57,"z":0},"rotation":{"x":0,"y":0,"z":1.8325957145940461},"scale":{"x":"48","y":16,"z":16}},{"class":"cube","position":{"x":284,"y":17,"z":0},"rotation":{"x":0,"y":0,"z":2.0943951023931953},"scale":{"x":"48","y":16,"z":16}},{"class":"cube","position":{"x":311,"y":-18,"z":0},"rotation":{"x":0,"y":0,"z":2.356194490192345},"scale":{"x":"48","y":16,"z":16}},{"class":"cube","position":{"x":347,"y":-46,"z":0},"rotation":{"x":0,"y":0,"z":2.6179938779914944},"scale":{"x":"48","y":16,"z":16}},{"class":"cube","position":{"x":388,"y":-63,"z":0},"rotation":{"x":0,"y":0,"z":2.8797932657906435},"scale":{"x":"48","y":16,"z":16}},{"class":"cube","position":{"x":1203,"y":375,"z":0},"rotation":{"x":0,"y":0,"z":-1.3089969389957472},"scale":{"x":"32","y":16,"z":16}},{"class":"cube","position":{"x":1123,"y":452,"z":0},"rotation":{"x":0,"y":0,"z":-0.2617993877991494},"scale":{"x":"32","y":16,"z":16}},{"class":"cube","position":{"x":1151,"y":441,"z":0},"rotation":{"x":0,"y":0,"z":-0.5235987755982988},"scale":{"x":"32","y":16,"z":16}},{"class":"cube","position":{"x":1174,"y":423,"z":0},"rotation":{"x":0,"y":0,"z":-0.7853981633974483},"scale":{"x":"32","y":16,"z":16}},{"class":"cube","position":{"x":1191,"y":402,"z":0},"rotation":{"x":0,"y":0,"z":-1.0471975511965976},"scale":{"x":"32","y":16,"z":16}},{"class":"cube","position":{"x":1208,"y":344,"z":0},"rotation":{"x":0,"y":0,"z":0},"scale":{"x":16,"y":"32","z":16}},{"class":"cube","position":{"x":912,"y":456,"z":0},"rotation":{"x":0,"y":0,"z":0},"scale":{"x":"416","y":16,"z":16}},{"class":"cube","position":{"x":488,"y":16,"z":0},"rotation":{"x":0,"y":0,"z":0},"scale":{"x":"64","y":16,"z":16}},{"class":"cube","position":{"x":547,"y":8,"z":0},"rotation":{"x":0,"y":0,"z":-0.2617993877991494},"scale":{"x":"64","y":16,"z":16}},{"class":"cube","position":{"x":601,"y":-15,"z":0},"rotation":{"x":0,"y":0,"z":-0.5235987755982988},"scale":{"x":"64","y":16,"z":16}},{"class":"cube","position":{"x":647,"y":-51,"z":0},"rotation":{"x":0,"y":0,"z":-0.7853981633974483},"scale":{"x":"64","y":16,"z":16}},{"class":"cube","position":{"x":684,"y":-100,"z":0},"rotation":{"x":0,"y":0,"z":-1.0471975511965976},"scale":{"x":"64","y":16,"z":16}},{"class":"cube","position":{"x":706,"y":-155,"z":0},"rotation":{"x":0,"y":0,"z":-1.3089969389957472},"scale":{"x":"64","y":16,"z":16}},{"class":"spike","position":{"x":304,"y":-87,"z":0},"rotation":{"x":0,"y":0,"z":0.5235987755982988},"scale":{"x":16,"y":16,"z":16}},{"class":"cube","position":{"x":712,"y":-264,"z":0},"rotation":{"x":0,"y":0,"z":-1.5707963267948966},"scale":{"x":"176","y":"16","z":16}},{"class":"cube","position":{"x":448,"y":328,"z":0},"rotation":{"x":0,"y":0,"z":0},"scale":{"x":16,"y":"128","z":16}},{"class":"finish","position":{"x":624,"y":-328,"z":0},"rotation":{"x":0,"y":0,"z":0},"scale":{"x":"48","y":"48","z":"4"}},{"class":"gravity","position":{"x":488,"y":224,"z":0},"rotation":{"x":0,"y":0,"z":0},"scale":{"x":"32","y":"32","z":"4"}}]}