{"name": "Campaign Level 14","children":[{"class":"player","position":{"x":-24,"y":80,"z":0},"rotation":{"x":0,"y":0,"z":0},"scale":{"x":"16","y":"16","z":16},"isStatic":false,"friction":0},{"class":"cube","position":{"x":48,"y":-72,"z":0},"rotation":{"x":0,"y":0,"z":-0.5235987755982988},"scale":{"x":"208","y":16,"z":16}},{"class":"cube","position":{"x":360,"y":-120,"z":0},"rotation":{"x":0,"y":0,"z":0},"scale":{"x":"464","y":16,"z":16}},{"class":"cube","position":{"x":848,"y":-120,"z":0},"rotation":{"x":0,"y":0,"z":0},"scale":{"x":"512","y":16,"z":16}},{"class":"spike","position":{"x":1136,"y":32,"z":0},"rotation":{"x":0,"y":0,"z":1.5707963267948966},"scale":{"x":"32","y":"16","z":16}},{"class":"spike","position":{"x":496,"y":32,"z":0},"rotation":{"x":0,"y":0,"z":1.5707963267948966},"scale":{"x":"32","y":"16","z":16}},{"class":"cube","position":{"x":1936,"y":-120,"z":0},"rotation":{"x":0,"y":0,"z":0},"scale":{"x":"336","y":16,"z":16}},{"class":"cube","position":{"x":2112,"y":0,"z":0},"rotation":{"x":0,"y":0,"z":0},"scale":{"x":"16","y":"144","z":16}},{"class":"finish","position":{"x":2120,"y":-96,"z":0},"rotation":{"x":0,"y":0,"z":0},"scale":{"x":"32","y":"32","z":16}},{"class":"spike","position":{"x":552,"y":-104,"z":0},"rotation":{"x":0,"y":0,"z":0},"scale":{"x":"32","y":"16","z":16}},{"class":"spike","position":{"x":496,"y":-64,"z":0},"rotation":{"x":0,"y":0,"z":1.5707963267948966},"scale":{"x":"32","y":"16","z":16}},{"class":"spike","position":{"x":280,"y":80,"z":0},"rotation":{"x":0,"y":0,"z":1.5707963267948966},"scale":{"x":"32","y":"16","z":16}},{"class":"spike","position":{"x":1136,"y":-96,"z":0},"rotation":{"x":0,"y":0,"z":1.5707963267948966},"scale":{"x":"32","y":"16","z":16}},{"class":"spike","position":{"x":2096,"y":56,"z":0},"rotation":{"x":0,"y":0,"z":1.5707963267948966},"scale":{"x":"32","y":"16","z":16}},{"class":"spike","position":{"x":1136,"y":0,"z":0},"rotation":{"x":0,"y":0,"z":1.5707963267948966},"scale":{"x":"32","y":"16","z":16}},{"class":"cube","position":{"x":1440,"y":-120,"z":0},"rotation":{"x":0,"y":0,"z":0},"scale":{"x":"512","y":16,"z":16}},{"class":"cube","position":{"x":1144,"y":-120,"z":0},"rotation":{"x":0,"y":0,"z":0},"scale":{"x":"80","y":16,"z":16}},{"class":"spike","position":{"x":496,"y":-96,"z":0},"rotation":{"x":0,"y":0,"z":1.5707963267948966},"scale":{"x":"32","y":"16","z":16}},{"class":"spike","position":{"x":1192,"y":-104,"z":0},"rotation":{"x":0,"y":0,"z":0},"scale":{"x":"32","y":"16","z":16}},{"class":"spike","position":{"x":1136,"y":-64,"z":0},"rotation":{"x":0,"y":0,"z":1.5707963267948966},"scale":{"x":"32","y":"16","z":16}},{"class":"spike","position":{"x":2096,"y":-72,"z":0},"rotation":{"x":0,"y":0,"z":1.5707963267948966},"scale":{"x":"32","y":"16","z":16}},{"class":"spike","position":{"x":2096,"y":-40,"z":0},"rotation":{"x":0,"y":0,"z":1.5707963267948966},"scale":{"x":"32","y":"16","z":16}},{"class":"spike","position":{"x":2096,"y":-8,"z":0},"rotation":{"x":0,"y":0,"z":1.5707963267948966},"scale":{"x":"32","y":"16","z":16}},{"class":"spike","position":{"x":2096,"y":24,"z":0},"rotation":{"x":0,"y":0,"z":1.5707963267948966},"scale":{"x":"32","y":"16","z":16}},{"class":"cube","position":{"x":2128,"y":-120,"z":0},"rotation":{"x":0,"y":0,"z":0},"scale":{"x":"48","y":16,"z":16}},{"class":"cube","position":{"x":2128,"y":-72,"z":0},"rotation":{"x":0,"y":0,"z":0},"scale":{"x":"48","y":16,"z":16}},{"class":"cube","position":{"x":2144,"y":-96,"z":0},"rotation":{"x":0,"y":0,"z":0},"scale":{"x":"16","y":"32","z":16}},{"class":"spike","position":{"x":520,"y":-104,"z":0},"rotation":{"x":0,"y":0,"z":0},"scale":{"x":"32","y":"16","z":16}},{"class":"spike","position":{"x":1160,"y":-104,"z":0},"rotation":{"x":0,"y":0,"z":0},"scale":{"x":"32","y":"16","z":16}},{"class":"spike","position":{"x":496,"y":0,"z":0},"rotation":{"x":0,"y":0,"z":1.5707963267948966},"scale":{"x":"32","y":"16","z":16}},{"class":"spike","position":{"x":280,"y":-80,"z":0},"rotation":{"x":0,"y":0,"z":1.5707963267948966},"scale":{"x":"32","y":"16","z":16}},{"class":"spike","position":{"x":280,"y":-48,"z":0},"rotation":{"x":0,"y":0,"z":1.5707963267948966},"scale":{"x":"32","y":"16","z":16}},{"class":"spike","position":{"x":280,"y":-16,"z":0},"rotation":{"x":0,"y":0,"z":1.5707963267948966},"scale":{"x":"32","y":"16","z":16}},{"class":"spike","position":{"x":280,"y":16,"z":0},"rotation":{"x":0,"y":0,"z":1.5707963267948966},"scale":{"x":"32","y":"16","z":16}},{"class":"spike","position":{"x":280,"y":48,"z":0},"rotation":{"x":0,"y":0,"z":1.5707963267948966},"scale":{"x":"32","y":"16","z":16}},{"class":"resize","position":{"x":800,"y":-104,"z":0},"rotation":{"x":0,"y":0,"z":0},"scale":{"x":"16","y":"16","z":16}},{"class":"resize","position":{"x":1672,"y":-88,"z":0},"rotation":{"x":0,"y":0,"z":0},"scale":{"x":"48","y":"48","z":16}},{"class":"resize","position":{"x":536,"y":-32,"z":0},"rotation":{"x":0,"y":0,"z":0},"scale":{"x":"32","y":"32","z":16}},{"class":"resize","position":{"x":1176,"y":-32,"z":0},"rotation":{"x":0,"y":0,"z":0},"scale":{"x":"32","y":"32","z":16}},{"class":"resize","position":{"x":1384,"y":-80,"z":0},"rotation":{"x":0,"y":0,"z":0},"scale":{"x":16,"y":"64","z":16}}]}