{"name": "Campaign Level 13","children":[{"class":"player","position":{"x":-152,"y":632,"z":0},"rotation":{"x":0,"y":0,"z":3.141592653589793},"scale":{"x":16,"y":16,"z":16},"isStatic":false,"friction":0},{"class":"cube","position":{"x":-16,"y":-64,"z":0},"rotation":{"x":0,"y":0,"z":0},"scale":{"x":64,"y":16,"z":16}},{"class":"cube","position":{"x":-72,"y":-48,"z":0},"rotation":{"x":0,"y":0,"z":-0.5235987755982988},"scale":{"x":64,"y":16,"z":16}},{"class":"cube","position":{"x":34,"y":-53,"z":0},"rotation":{"x":0,"y":0,"z":0.5235987755982988},"scale":{"x":"48","y":16,"z":16}},{"class":"cube","position":{"x":-112,"y":-16,"z":0},"rotation":{"x":0,"y":0,"z":-0.7853981633974483},"scale":{"x":64,"y":16,"z":16}},{"class":"cube","position":{"x":-144,"y":24,"z":0},"rotation":{"x":0,"y":0,"z":-1.0471975511965976},"scale":{"x":64,"y":16,"z":16}},{"class":"cube","position":{"x":-160,"y":64,"z":0},"rotation":{"x":0,"y":0,"z":-1.3089969389957472},"scale":{"x":"64","y":16,"z":16}},{"class":"bounce","position":{"x":264,"y":56,"z":0},"rotation":{"x":0,"y":0,"z":1.3089969389957472},"scale":{"x":"192","y":16,"z":16}},{"class":"cube","position":{"x":-168,"y":384,"z":0},"rotation":{"x":0,"y":0,"z":1.5707963267948966},"scale":{"x":"512","y":16,"z":16}},{"class":"bounce","position":{"x":-280,"y":80,"z":0},"rotation":{"x":0,"y":0,"z":-0.7853981633974483},"scale":{"x":"80","y":16,"z":16}},{"class":"bounce","position":{"x":-207,"y":32,"z":0},"rotation":{"x":0,"y":0,"z":0},"scale":{"x":"64","y":"48","z":16}},{"class":"cube","position":{"x":-780,"y":93,"z":0},"rotation":{"x":0,"y":0,"z":0},"scale":{"x":"288","y":16,"z":16}},{"class":"spike","position":{"x":-815,"y":117,"z":0},"rotation":{"x":0,"y":0,"z":-1.5707963267948966},"scale":{"x":"32","y":"16","z":16}},{"class":"cube","position":{"x":-927,"y":181,"z":0},"rotation":{"x":0,"y":0,"z":-1.5707963267948966},"scale":{"x":"192","y":16,"z":16}},{"class":"cube","position":{"x":-839,"y":117,"z":0},"rotation":{"x":0,"y":0,"z":0},"scale":{"x":"32","y":"32","z":16}},{"class":"cube","position":{"x":-609,"y":102,"z":0},"rotation":{"x":0,"y":0,"z":0.2617993877991494},"scale":{"x":"64","y":16,"z":16}},{"class":"cube","position":{"x":-271,"y":523,"z":0},"rotation":{"x":0,"y":0,"z":-0.2617993877991494},"scale":{"x":"64","y":16,"z":16}},{"class":"cube","position":{"x":-175,"y":412,"z":0},"rotation":{"x":0,"y":0,"z":-1.3089969389957472},"scale":{"x":"48","y":16,"z":16}},{"class":"cube","position":{"x":-190,"y":451,"z":0},"rotation":{"x":0,"y":0,"z":-1.0471975511965976},"scale":{"x":"80","y":16,"z":16}},{"class":"cube","position":{"x":-208,"y":501,"z":0},"rotation":{"x":0,"y":0,"z":-0.7853981633974483},"scale":{"x":"48","y":"48","z":16}},{"class":"cube","position":{"x":-232,"y":514,"z":0},"rotation":{"x":0,"y":0,"z":-0.5235987755982988},"scale":{"x":"48","y":"32","z":16}},{"class":"cube","position":{"x":-324,"y":531,"z":0},"rotation":{"x":0,"y":0,"z":0},"scale":{"x":"48","y":16,"z":16}},{"class":"cube","position":{"x":-369,"y":526,"z":0},"rotation":{"x":0,"y":0,"z":0.2617993877991494},"scale":{"x":"48","y":16,"z":16}},{"class":"cube","position":{"x":-405,"y":507,"z":0},"rotation":{"x":0,"y":0,"z":0.7853981633974483},"scale":{"x":"48","y":16,"z":16}},{"class":"cube","position":{"x":-429,"y":476,"z":0},"rotation":{"x":0,"y":0,"z":1.0471975511965976},"scale":{"x":"48","y":16,"z":16}},{"class":"cube","position":{"x":-446,"y":441,"z":0},"rotation":{"x":0,"y":0,"z":1.3089969389957472},"scale":{"x":"48","y":16,"z":16}},{"class":"cube","position":{"x":-452,"y":396,"z":0},"rotation":{"x":0,"y":0,"z":1.5707963267948966},"scale":{"x":"48","y":16,"z":16}},{"class":"cube","position":{"x":-417,"y":347,"z":0},"rotation":{"x":0,"y":0,"z":1.5707963267948966},"scale":{"x":"48","y":16,"z":16}},{"class":"cube","position":{"x":-417,"y":301,"z":0},"rotation":{"x":0,"y":0,"z":1.5707963267948966},"scale":{"x":"48","y":16,"z":16}},{"class":"cube","position":{"x":-423,"y":253,"z":0},"rotation":{"x":0,"y":0,"z":1.3089969389957472},"scale":{"x":"48","y":16,"z":16}},{"class":"cube","position":{"x":-442,"y":207,"z":0},"rotation":{"x":0,"y":0,"z":1.0471975511965976},"scale":{"x":"64","y":16,"z":16}},{"class":"cube","position":{"x":-472,"y":167,"z":0},"rotation":{"x":0,"y":0,"z":0.7853981633974483},"scale":{"x":"48","y":16,"z":16}},{"class":"cube","position":{"x":-511,"y":137,"z":0},"rotation":{"x":0,"y":0,"z":0.5235987755982988},"scale":{"x":"80","y":16,"z":16}},{"class":"cube","position":{"x":-556,"y":117,"z":0},"rotation":{"x":0,"y":0,"z":0.2617993877991494},"scale":{"x":"48","y":16,"z":16}},{"class":"cube","position":{"x":-417,"y":280,"z":0},"rotation":{"x":0,"y":0,"z":0},"scale":{"x":16,"y":16,"z":16}},{"class":"bounce","position":{"x":-887,"y":102,"z":0},"rotation":{"x":0,"y":0,"z":0},"scale":{"x":"64","y":"32","z":16}},{"class":"bounce","position":{"x":-913,"y":308,"z":0},"rotation":{"x":0,"y":0,"z":-2.0943951023931953},"scale":{"x":"64","y":"32","z":16}},{"class":"cube","position":{"x":-479,"y":450,"z":0},"rotation":{"x":0,"y":0,"z":0.7853981633974483},"scale":{"x":"240","y":16,"z":16}},{"class":"cube","position":{"x":-280,"y":533,"z":0},"rotation":{"x":0,"y":0,"z":0},"scale":{"x":"240","y":16,"z":16}},{"class":"finish","position":{"x":-200,"y":615,"z":0},"rotation":{"x":0,"y":0,"z":0},"scale":{"x":"48","y":"48","z":16}},{"class":"cube","position":{"x":-185,"y":466,"z":0},"rotation":{"x":0,"y":0,"z":0.2617993877991494},"scale":{"x":"16","y":"48","z":16}},{"class":"cube","position":{"x":-177,"y":480,"z":0},"rotation":{"x":0,"y":0,"z":0},"scale":{"x":16,"y":"96","z":16}},{"class":"cube","position":{"x":-197,"y":519,"z":0},"rotation":{"x":0,"y":0,"z":0},"scale":{"x":"64","y":16,"z":16}}]}