{"name":"Creation Roulette","children":[{"class":"player","position":{"x":0,"y":0,"z":0},"rotation":{"x":0,"y":0,"z":0},"scale":{"x":16,"y":16,"z":16},"isStatic":false,"friction":0},{"class":"cube","position":{"x":0,"y":-64,"z":0},"rotation":{"x":0,"y":0,"z":0},"scale":{"x":64,"y":16,"z":16}},{"class":"cube","position":{"x":24,"y":-80,"z":0},"rotation":{"x":0,"y":0,"z":0},"scale":{"x":16,"y":16,"z":16}},{"class":"cube","position":{"x":32,"y":-96,"z":0},"rotation":{"x":0,"y":0,"z":0},"scale":{"x":16,"y":16,"z":16}},{"class":"cube","position":{"x":40,"y":-112,"z":0},"rotation":{"x":0,"y":0,"z":0},"scale":{"x":16,"y":16,"z":16}},{"class":"cube","position":{"x":56,"y":-120,"z":0},"rotation":{"x":0,"y":0,"z":0},"scale":{"x":16,"y":16,"z":16}},{"class":"cube","position":{"x":72,"y":-128,"z":0},"rotation":{"x":0,"y":0,"z":0},"scale":{"x":16,"y":16,"z":16}},{"class":"cube","position":{"x":88,"y":-120,"z":0},"rotation":{"x":0,"y":0,"z":0},"scale":{"x":16,"y":16,"z":16}},{"class":"cube","position":{"x":104,"y":-112,"z":0},"rotation":{"x":0,"y":0,"z":0},"scale":{"x":16,"y":16,"z":16}},{"class":"cube","position":{"x":112,"y":-96,"z":0},"rotation":{"x":0,"y":0,"z":0},"scale":{"x":16,"y":16,"z":16}},{"class":"cube","position":{"x":120,"y":-80,"z":0},"rotation":{"x":0,"y":0,"z":0},"scale":{"x":16,"y":16,"z":16}},{"class":"cube","position":{"x":144,"y":-64,"z":0},"rotation":{"x":0,"y":0,"z":0},"scale":{"x":64,"y":16,"z":16}},{"class":"cube","position":{"x":-40,"y":0,"z":0},"rotation":{"x":0,"y":0,"z":0},"scale":{"x":16,"y":144,"z":16}},{"class":"cube","position":{"x":0,"y":64,"z":0},"rotation":{"x":0,"y":0,"z":0},"scale":{"x":64,"y":16,"z":16}},{"class":"spike","position":{"x":32,"y":-80,"z":0},"rotation":{"x":0,"y":0,"z":0},"scale":{"x":16,"y":16,"z":16}},{"class":"spike","position":{"x":40,"y":-96,"z":0},"rotation":{"x":0,"y":0,"z":0},"scale":{"x":16,"y":16,"z":16}},{"class":"spike","position":{"x":56,"y":-112,"z":0},"rotation":{"x":0,"y":0,"z":0},"scale":{"x":16,"y":16,"z":16}},{"class":"spike","position":{"x":72,"y":-120,"z":0},"rotation":{"x":0,"y":0,"z":0},"scale":{"x":16,"y":16,"z":16}},{"class":"spike","position":{"x":88,"y":-112,"z":0},"rotation":{"x":0,"y":0,"z":0},"scale":{"x":16,"y":16,"z":16}},{"class":"spike","position":{"x":104,"y":-104,"z":0},"rotation":{"x":0,"y":0,"z":0},"scale":{"x":16,"y":16,"z":16}},{"class":"spike","position":{"x":112,"y":-88,"z":0},"rotation":{"x":0,"y":0,"z":0},"scale":{"x":16,"y":16,"z":16}},{"class":"tip","position":{"x":-336,"y":0,"z":0},"rotation":{"x":0,"y":0,"z":0},"scale":{"x":16,"y":16,"z":16},"text":"Creators that were a part of this project:  "},{"class":"cube","position":{"x":-336,"y":16,"z":0},"rotation":{"x":0,"y":0,"z":0},"scale":{"x":16,"y":16,"z":16}},{"class":"cube","position":{"x":-392,"y":0,"z":0},"rotation":{"x":0,"y":0,"z":0},"scale":{"x":96,"y":16,"z":16}},{"class":"cube","position":{"x":-280,"y":0,"z":0},"rotation":{"x":0,"y":0,"z":0},"scale":{"x":96,"y":16,"z":16}},{"class":"cube","position":{"x":-448,"y":-80,"z":0},"rotation":{"x":0,"y":0,"z":0},"scale":{"x":16,"y":176,"z":16}},{"class":"cube","position":{"x":-224,"y":-80,"z":0},"rotation":{"x":0,"y":0,"z":0},"scale":{"x":16,"y":176,"z":16}},{"class":"cube","position":{"x":-336,"y":-160,"z":0},"rotation":{"x":0,"y":0,"z":0},"scale":{"x":208,"y":16,"z":16}},{"class":"tip","position":{"x":-432,"y":-16,"z":0},"rotation":{"x":0,"y":0,"z":0},"scale":{"x":16,"y":16,"z":16},"text":"1: Fisher (ihatemoderation)"},{"class":"cube","position":{"x":32,"y":56,"z":0},"rotation":{"x":0,"y":0,"z":0},"scale":{"x":16,"y":16,"z":16}},{"class":"cube","position":{"x":40,"y":40,"z":0},"rotation":{"x":0,"y":0,"z":0},"scale":{"x":16,"y":16,"z":16}},{"class":"cube","position":{"x":48,"y":32,"z":0},"rotation":{"x":0,"y":0,"z":0},"scale":{"x":16,"y":16,"z":16}},{"class":"cube","position":{"x":56,"y":16,"z":0},"rotation":{"x":0,"y":0,"z":0},"scale":{"x":16,"y":16,"z":16}},{"class":"cube","position":{"x":72,"y":16,"z":0},"rotation":{"x":0,"y":0,"z":0},"scale":{"x":16,"y":16,"z":16}},{"class":"cube","position":{"x":80,"y":32,"z":0},"rotation":{"x":0,"y":0,"z":0},"scale":{"x":16,"y":16,"z":16}},{"class":"cube","position":{"x":88,"y":40,"z":0},"rotation":{"x":0,"y":0,"z":0},"scale":{"x":16,"y":16,"z":16}},{"class":"cube","position":{"x":96,"y":56,"z":0},"rotation":{"x":0,"y":0,"z":0},"scale":{"x":16,"y":16,"z":16}},{"class":"cube","position":{"x":136,"y":64,"z":0},"rotation":{"x":0,"y":0,"z":0},"scale":{"x":64,"y":8,"z":16}},{"class":"grapple","position":{"x":0,"y":-56,"z":0},"rotation":{"x":0,"y":0,"z":0},"scale":{"x":16,"y":16,"z":16}},{"class":"spike","position":{"x":56,"y":0,"z":0},"rotation":{"x":0,"y":0,"z":3.141592653589793},"scale":{"x":16,"y":16,"z":16}},{"class":"spike","position":{"x":72,"y":0,"z":0},"rotation":{"x":0,"y":0,"z":3.141592653589793},"scale":{"x":16,"y":16,"z":16}},{"class":"spike","position":{"x":40,"y":16,"z":0},"rotation":{"x":0,"y":0,"z":1.5707963267948963},"scale":{"x":16,"y":16,"z":16}},{"class":"spike","position":{"x":88,"y":16,"z":0},"rotation":{"x":0,"y":0,"z":-1.570796326794897},"scale":{"x":16,"y":16,"z":16}},{"class":"spike","position":{"x":48,"y":8,"z":0},"rotation":{"x":0,"y":0,"z":2.356194490192345},"scale":{"x":16,"y":16,"z":16}},{"class":"spike","position":{"x":80,"y":8,"z":0},"rotation":{"x":0,"y":0,"z":-2.3561944901923457},"scale":{"x":16,"y":16,"z":16}},{"class":"cube","position":{"x":72,"y":-80,"z":0},"rotation":{"x":0,"y":0,"z":0},"scale":{"x":16,"y":16,"z":16}},{"class":"spike","position":{"x":72,"y":-64,"z":0},"rotation":{"x":0,"y":0,"z":0},"scale":{"x":16,"y":16,"z":16}},{"class":"spike","position":{"x":88,"y":-80,"z":0},"rotation":{"x":0,"y":0,"z":-1.5707963267948963},"scale":{"x":16,"y":16,"z":16}},{"class":"spike","position":{"x":56,"y":-80,"z":0},"rotation":{"x":0,"y":0,"z":1.5707963267948963},"scale":{"x":16,"y":16,"z":16}},{"class":"spike","position":{"x":72,"y":-96,"z":0},"rotation":{"x":0,"y":0,"z":-3.141592653589793},"scale":{"x":16,"y":16,"z":16}},{"class":"cube","position":{"x":256,"y":-8,"z":0},"rotation":{"x":0,"y":0,"z":-0.7853981633974484},"scale":{"x":232,"y":8,"z":16}},{"class":"cube","position":{"x":168,"y":64,"z":0},"rotation":{"x":0,"y":0,"z":0},"scale":{"x":16,"y":16,"z":16}},{"class":"cube","position":{"x":176,"y":-64,"z":0},"rotation":{"x":0,"y":0,"z":0},"scale":{"x":16,"y":16,"z":16}},{"class":"cube","position":{"x":312,"y":-192,"z":0},"rotation":{"x":0,"y":0,"z":-0.7853981633974484},"scale":{"x":384,"y":8,"z":16}},{"class":"tip","position":{"x":-560,"y":-56,"z":0},"rotation":{"x":0,"y":0,"z":0},"scale":{"x":16,"y":16,"z":16},"text":"Notes to next creators"},{"class":"tip","position":{"x":-576,"y":-72,"z":0},"rotation":{"x":0,"y":0,"z":0},"scale":{"x":16,"y":16,"z":16},"text":"from 1-2: Good luck with building Ember! Leave your discord username in the box on the right and turn on the 30 minute timer!"},{"class":"cube","position":{"x":144,"y":16,"z":0},"rotation":{"x":0,"y":0,"z":0},"scale":{"x":16,"y":16,"z":16}},{"class":"cube","position":{"x":144,"y":16,"z":0},"rotation":{"x":0,"y":0,"z":0.2617993877991494},"scale":{"x":16,"y":16,"z":16}},{"class":"cube","position":{"x":144,"y":16,"z":0},"rotation":{"x":0,"y":0,"z":0.523598775598299},"scale":{"x":16,"y":16,"z":16}},{"class":"cube","position":{"x":144,"y":16,"z":0},"rotation":{"x":0,"y":0,"z":0.7853981633974484},"scale":{"x":16,"y":16,"z":16}},{"class":"cube","position":{"x":144,"y":16,"z":0},"rotation":{"x":0,"y":0,"z":1.047197551196598},"scale":{"x":16,"y":16,"z":16}},{"class":"cube","position":{"x":144,"y":16,"z":0},"rotation":{"x":0,"y":0,"z":1.3089969389957476},"scale":{"x":16,"y":16,"z":16}},{"class":"spike","position":{"x":144,"y":24,"z":0},"rotation":{"x":0,"y":0,"z":0},"scale":{"x":16,"y":16,"z":16}},{"class":"spike","position":{"x":128,"y":-56,"z":0},"rotation":{"x":0,"y":0,"z":0},"scale":{"x":16,"y":16,"z":16}},{"class":"spike","position":{"x":144,"y":-48,"z":0},"rotation":{"x":0,"y":0,"z":0},"scale":{"x":16,"y":16,"z":16}},{"class":"spike","position":{"x":160,"y":-56,"z":0},"rotation":{"x":0,"y":0,"z":0},"scale":{"x":16,"y":16,"z":16}},{"class":"bounce","position":{"x":0,"y":32,"z":0},"rotation":{"x":0,"y":0,"z":0},"scale":{"x":16,"y":16,"z":16}},{"class":"bounce","position":{"x":0,"y":32,"z":0},"rotation":{"x":0,"y":0,"z":-0.2617993877991494},"scale":{"x":16,"y":16,"z":16}},{"class":"bounce","position":{"x":0,"y":32,"z":0},"rotation":{"x":0,"y":0,"z":-0.523598775598299},"scale":{"x":16,"y":16,"z":16}},{"class":"bounce","position":{"x":0,"y":32,"z":0},"rotation":{"x":0,"y":0,"z":-0.7853981633974484},"scale":{"x":16,"y":16,"z":16}},{"class":"bounce","position":{"x":0,"y":32,"z":0},"rotation":{"x":0,"y":0,"z":-1.047197551196598},"scale":{"x":16,"y":16,"z":16}},{"class":"bounce","position":{"x":0,"y":32,"z":0},"rotation":{"x":0,"y":0,"z":-1.3089969389957476},"scale":{"x":16,"y":16,"z":16}},{"class":"spike","position":{"x":0,"y":40,"z":0},"rotation":{"x":0,"y":0,"z":0},"scale":{"x":16,"y":16,"z":16}},{"class":"tip","position":{"x":-24,"y":-48,"z":0},"rotation":{"x":0,"y":0,"z":0},"scale":{"x":16,"y":16,"z":16},"text":"Creation Roulette"},{"class":"reset","position":{"x":184,"y":0,"z":0},"rotation":{"x":0,"y":0,"z":0},"scale":{"x":16,"y":120,"z":16}},{"class":"gravity","position":{"x":200,"y":-64,"z":0},"rotation":{"x":0,"y":0,"z":1.5707963267948963},"scale":{"x":16,"y":16,"z":16}},{"class":"gravity","position":{"x":320,"y":-88,"z":0},"rotation":{"x":0,"y":0,"z":0},"scale":{"x":16,"y":16,"z":16}},{"class":"cube","position":{"x":216,"y":-8,"z":0},"rotation":{"x":0,"y":0,"z":0},"scale":{"x":8,"y":80,"z":16}},{"class":"spike","position":{"x":248,"y":-48,"z":0},"rotation":{"x":0,"y":0,"z":-3.141592653589793},"scale":{"x":72,"y":8,"z":16}},{"class":"checkpoint","position":{"x":200,"y":16,"z":0},"rotation":{"x":0,"y":0,"z":0},"scale":{"x":16,"y":16,"z":16}},{"class":"spike","position":{"x":336,"y":-112,"z":0},"rotation":{"x":0,"y":0,"z":1.5707963267948963},"scale":{"x":128,"y":8,"z":16}},{"class":"cube","position":{"x":400,"y":-48,"z":0},"rotation":{"x":0,"y":0,"z":0.2617993877991494},"scale":{"x":8,"y":200,"z":16}},{"class":"spike","position":{"x":392,"y":-192,"z":0},"rotation":{"x":0,"y":0,"z":0.7853981633974484},"scale":{"x":192,"y":16,"z":16}},{"class":"direction","position":{"x":320,"y":-40,"z":0},"rotation":{"x":0,"y":0,"z":-3.141592653589793},"scale":{"x":40,"y":8,"z":16}},{"class":"spike","position":{"x":272,"y":-16,"z":0},"rotation":{"x":0,"y":0,"z":-0.7853981633974484},"scale":{"x":16,"y":8,"z":16}},{"class":"tip","position":{"x":-416,"y":-16,"z":0},"rotation":{"x":0,"y":0,"z":0},"scale":{"x":16,"y":16,"z":16},"text":"2: Ember @emberheat1"},{"class":"tip","position":{"x":-600,"y":-88,"z":0},"rotation":{"x":0,"y":0,"z":0},"scale":{"x":16,"y":16,"z":16},"text":"from 2-3: Sorry for the bad deco"},{"class":"cube","position":{"x":-272,"y":24,"z":0},"rotation":{"x":0,"y":0,"z":0},"scale":{"x":112,"y":8,"z":16}},{"class":"cube","position":{"x":-392,"y":16,"z":0},"rotation":{"x":0,"y":0,"z":0},"scale":{"x":96,"y":8,"z":16}},{"class":"spike","position":{"x":-448,"y":16,"z":0},"rotation":{"x":0,"y":0,"z":0},"scale":{"x":16,"y":16,"z":16}},{"class":"cube","position":{"x":-544,"y":-64,"z":0},"rotation":{"x":0,"y":0,"z":0},"scale":{"x":16,"y":360,"z":16}},{"class":"reset","position":{"x":-496,"y":-40,"z":0},"rotation":{"x":0,"y":0,"z":0},"scale":{"x":80,"y":16,"z":16}},{"class":"cube","position":{"x":-496,"y":-240,"z":0},"rotation":{"x":0,"y":0,"z":-0.2617993877991494},"scale":{"x":136,"y":16,"z":16}},{"class":"grapple","position":{"x":-184,"y":-264,"z":0},"rotation":{"x":0,"y":0,"z":0},"scale":{"x":104,"y":16,"z":16}},{"class":"spike","position":{"x":-208,"y":-56,"z":0},"rotation":{"x":0,"y":0,"z":0},"scale":{"x":16,"y":16,"z":16}},{"class":"spike","position":{"x":-192,"y":-56,"z":0},"rotation":{"x":0,"y":0,"z":0},"scale":{"x":16,"y":16,"z":16}},{"class":"spike","position":{"x":-176,"y":-56,"z":0},"rotation":{"x":0,"y":0,"z":0},"scale":{"x":16,"y":16,"z":16}},{"class":"spike","position":{"x":-160,"y":-56,"z":0},"rotation":{"x":0,"y":0,"z":0},"scale":{"x":16,"y":16,"z":16}},{"class":"spike","position":{"x":-144,"y":-56,"z":0},"rotation":{"x":0,"y":0,"z":0},"scale":{"x":16,"y":16,"z":16}},{"class":"spike","position":{"x":-128,"y":-56,"z":0},"rotation":{"x":0,"y":0,"z":0},"scale":{"x":16,"y":16,"z":16}},{"class":"spike","position":{"x":-112,"y":-56,"z":0},"rotation":{"x":0,"y":0,"z":0},"scale":{"x":16,"y":16,"z":16}},{"class":"spike","position":{"x":-96,"y":-56,"z":0},"rotation":{"x":0,"y":0,"z":0},"scale":{"x":16,"y":16,"z":16}},{"class":"spike","position":{"x":-80,"y":-56,"z":0},"rotation":{"x":0,"y":0,"z":0},"scale":{"x":16,"y":16,"z":16}},{"class":"spike","position":{"x":-64,"y":-56,"z":0},"rotation":{"x":0,"y":0,"z":0},"scale":{"x":16,"y":16,"z":16}},{"class":"spike","position":{"x":-56,"y":-56,"z":0},"rotation":{"x":0,"y":0,"z":0},"scale":{"x":16,"y":16,"z":16}},{"class":"reset","position":{"x":448,"y":-392,"z":0},"rotation":{"x":0,"y":0,"z":0},"scale":{"x":16,"y":128,"z":16}},{"class":"cube","position":{"x":520,"y":-464,"z":0},"rotation":{"x":0,"y":0,"z":0},"scale":{"x":160,"y":16,"z":16}},{"class":"cube","position":{"x":608,"y":-368,"z":0},"rotation":{"x":0,"y":0,"z":0},"scale":{"x":16,"y":208,"z":16}},{"class":"checkpoint","position":{"x":592,"y":-448,"z":0},"rotation":{"x":0,"y":0,"z":0},"scale":{"x":48,"y":48,"z":16}},{"class":"cube","position":{"x":600,"y":-376,"z":0},"rotation":{"x":0,"y":0,"z":0.7853981633974484},"scale":{"x":32,"y":32,"z":16}},{"class":"cube","position":{"x":512,"y":-344,"z":0},"rotation":{"x":0,"y":0,"z":-0.7853981633974484},"scale":{"x":32,"y":32,"z":16}},{"class":"cube","position":{"x":592,"y":-296,"z":0},"rotation":{"x":0,"y":0,"z":0},"scale":{"x":48,"y":16,"z":16}},{"class":"spike","position":{"x":376,"y":128,"z":0},"rotation":{"x":0,"y":0,"z":1.570796326794897},"scale":{"x":248,"y":16,"z":16}},{"class":"reset","position":{"x":632,"y":-464,"z":0},"rotation":{"x":0,"y":0,"z":0},"scale":{"x":32,"y":16,"z":16}},{"class":"spike","position":{"x":-544,"y":128,"z":0},"rotation":{"x":0,"y":0,"z":0},"scale":{"x":16,"y":80,"z":16}},{"class":"control","position":{"x":624,"y":-272,"z":0},"rotation":{"x":0,"y":0,"z":0},"scale":{"x":16,"y":16,"z":16}},{"class":"cube","position":{"x":-464,"y":216,"z":0},"rotation":{"x":0,"y":0,"z":0},"scale":{"x":16,"y":136,"z":16}},{"class":"tip","position":{"x":-400,"y":-16,"z":0},"rotation":{"x":0,"y":0,"z":0},"scale":{"x":16,"y":16,"z":16},"text":"3: Charlieee1 (charlieeee1)"},{"class":"tip","position":{"x":-632,"y":-104,"z":0},"rotation":{"x":0,"y":0,"z":0},"scale":{"x":16,"y":16,"z":16},"text":"from 3-4: Don't forget cheese protection!"},{"class":"checkpoint","position":{"x":-608,"y":152,"z":0},"rotation":{"x":0,"y":0,"z":0},"scale":{"x":16,"y":16,"z":16}},{"class":"control","position":{"x":-608,"y":152,"z":0},"rotation":{"x":0,"y":0,"z":0},"scale":{"x":16,"y":16,"z":16}},{"class":"cube","position":{"x":-664,"y":104,"z":0},"rotation":{"x":0,"y":0,"z":0},"scale":{"x":224,"y":16,"z":16}},{"class":"cube","position":{"x":-968,"y":464,"z":0},"rotation":{"x":0,"y":0,"z":0},"scale":{"x":192,"y":592,"z":16}},{"class":"spike","position":{"x":-872,"y":264,"z":0},"rotation":{"x":0,"y":0,"z":-1.570796326794897},"scale":{"x":16,"y":16,"z":16}},{"class":"tip","position":{"x":-880,"y":264,"z":8},"rotation":{"x":0,"y":0,"z":0},"scale":{"x":16,"y":16,"z":8},"text":"Do not touch the spikes!"},{"class":"cube","position":{"x":-864,"y":424,"z":0},"rotation":{"x":0,"y":0,"z":-0.2617993877991494},"scale":{"x":192,"y":16,"z":16}},{"class":"spike","position":{"x":-824,"y":424,"z":0},"rotation":{"x":0,"y":0,"z":-0.2617993877991494},"scale":{"x":16,"y":16,"z":16}},{"class":"cube","position":{"x":-864,"y":544,"z":0},"rotation":{"x":0,"y":0,"z":0.2617993877991494},"scale":{"x":96,"y":16,"z":16}},{"class":"cube","position":{"x":-696,"y":688,"z":0},"rotation":{"x":0,"y":0,"z":0},"scale":{"x":352,"y":16,"z":16}},{"class":"cube","position":{"x":-560,"y":632,"z":0},"rotation":{"x":0,"y":0,"z":0},"scale":{"x":16,"y":112,"z":16}},{"class":"spike","position":{"x":-560,"y":568,"z":0},"rotation":{"x":0,"y":0,"z":-3.141592653589793},"scale":{"x":16,"y":16,"z":16}},{"class":"spike","position":{"x":-704,"y":704,"z":0},"rotation":{"x":0,"y":0,"z":0},"scale":{"x":16,"y":16,"z":16}},{"class":"spike","position":{"x":-680,"y":744,"z":0},"rotation":{"x":0,"y":0,"z":-3.141592653589793},"scale":{"x":16,"y":16,"z":16}},{"class":"cube","position":{"x":-680,"y":808,"z":0},"rotation":{"x":0,"y":0,"z":0},"scale":{"x":16,"y":112,"z":16}},{"class":"spike","position":{"x":-656,"y":832,"z":0},"rotation":{"x":0,"y":0,"z":-1.570796326794897},"scale":{"x":64,"y":64,"z":16}},{"class":"cube","position":{"x":-760,"y":768,"z":0},"rotation":{"x":0,"y":0,"z":0},"scale":{"x":144,"y":16,"z":16}},{"class":"spike","position":{"x":-720,"y":704,"z":0},"rotation":{"x":0,"y":0,"z":0},"scale":{"x":16,"y":16,"z":16}},{"class":"spike","position":{"x":-736,"y":704,"z":0},"rotation":{"x":0,"y":0,"z":0},"scale":{"x":16,"y":16,"z":16}},{"class":"spike","position":{"x":-752,"y":704,"z":0},"rotation":{"x":0,"y":0,"z":0},"scale":{"x":16,"y":16,"z":16}},{"class":"spike","position":{"x":-768,"y":704,"z":0},"rotation":{"x":0,"y":0,"z":0},"scale":{"x":16,"y":16,"z":16}},{"class":"spike","position":{"x":-784,"y":704,"z":0},"rotation":{"x":0,"y":0,"z":0},"scale":{"x":16,"y":16,"z":16}},{"class":"spike","position":{"x":-800,"y":704,"z":0},"rotation":{"x":0,"y":0,"z":0},"scale":{"x":16,"y":16,"z":16}},{"class":"spike","position":{"x":-816,"y":704,"z":0},"rotation":{"x":0,"y":0,"z":0},"scale":{"x":16,"y":16,"z":16}},{"class":"spike","position":{"x":-832,"y":704,"z":0},"rotation":{"x":0,"y":0,"z":0},"scale":{"x":16,"y":16,"z":16}},{"class":"spike","position":{"x":-1080,"y":512,"z":0},"rotation":{"x":0,"y":0,"z":1.570796326794897},"scale":{"x":120,"y":104,"z":8}},{"class":"spike","position":{"x":-728,"y":680,"z":0},"rotation":{"x":0,"y":0,"z":-3.141592653589793},"scale":{"x":16,"y":16,"z":16}},{"class":"reset","position":{"x":-472,"y":-632,"z":0},"rotation":{"x":0,"y":0,"z":-1.570796326794897},"scale":{"x":768,"y":48,"z":16}},{"class":"finish","position":{"x":-696,"y":784,"z":0},"rotation":{"x":0,"y":0,"z":0},"scale":{"x":16,"y":16,"z":16}}]}