{"name":"Dancing on nothing","children":[{"class":"player","position":{"x":0,"y":0,"z":0},"rotation":{"x":0,"y":0,"z":0},"scale":{"x":16,"y":16,"z":16},"isStatic":false,"friction":0},{"class":"cube","position":{"x":0,"y":-64,"z":0},"rotation":{"x":0,"y":0,"z":0},"scale":{"x":64,"y":16,"z":16}},{"class":"control","position":{"x":0,"y":-48,"z":0},"rotation":{"x":0,"y":0,"z":0},"scale":{"x":16,"y":16,"z":16}},{"class":"resize","position":{"x":192,"y":128,"z":0},"rotation":{"x":0,"y":0,"z":0},"scale":{"x":16,"y":16,"z":16}},{"class":"gravity","position":{"x":328,"y":232,"z":0},"rotation":{"x":0,"y":0,"z":0},"scale":{"x":16,"y":16,"z":16}},{"class":"cube","position":{"x":496,"y":240,"z":0},"rotation":{"x":0,"y":0,"z":0},"scale":{"x":8,"y":8,"z":"8"}},{"class":"reset","position":{"x":688,"y":248,"z":0},"rotation":{"x":0,"y":0,"z":0},"scale":{"x":16,"y":16,"z":16}},{"class":"control","position":{"x":856,"y":200,"z":0},"rotation":{"x":0,"y":0,"z":0},"scale":{"x":16,"y":16,"z":16}},{"class":"gravity","position":{"x":1000,"y":232,"z":0},"rotation":{"x":0,"y":0,"z":3.141592653589793},"scale":{"x":16,"y":16,"z":16}},{"class":"resize","position":{"x":1144,"y":224,"z":0},"rotation":{"x":0,"y":0,"z":0},"scale":{"x":24,"y":16,"z":16}},{"class":"checkpoint","position":{"x":1256,"y":168,"z":0},"rotation":{"x":0,"y":0,"z":0},"scale":{"x":16,"y":16,"z":16}},{"class":"control","position":{"x":1256,"y":48,"z":0},"rotation":{"x":0,"y":0,"z":0},"scale":{"x":16,"y":16,"z":16}},{"class":"spike","position":{"x":1216,"y":1008,"z":0},"rotation":{"x":0,"y":0,"z":-3.141592653589793},"scale":{"x":3672,"y":168,"z":16}},{"class":"bounce","position":{"x":1440,"y":48,"z":0},"rotation":{"x":0,"y":0,"z":-0.5235987755982987},"scale":{"x":16,"y":32,"z":16}},{"class":"finish","position":{"x":1840,"y":320,"z":0},"rotation":{"x":0,"y":0,"z":0},"scale":{"x":16,"y":16,"z":16}},{"class":"tip","position":{"x":1152,"y":752,"z":0},"rotation":{"x":0,"y":0,"z":0},"scale":{"x":4088,"y":176,"z":16},"text":"<h3>Dancing on nothing</h3><p>By Charlieee1</p><p>Author Time: 17.740</p>"}]}