{"name":"Dungeon Escape","children":[{"class":"player","position":{"x":0,"y":40,"z":0},"rotation":{"x":0,"y":0,"z":0},"scale":{"x":16,"y":16,"z":16},"isStatic":false,"friction":0},{"class":"cube","position":{"x":0,"y":-64,"z":0},"rotation":{"x":0,"y":0,"z":0},"scale":{"x":344,"y":16,"z":16}},{"class":"spike","position":{"x":0,"y":232,"z":0},"rotation":{"x":0,"y":0,"z":3.141592653589793},"scale":{"x":16,"y":16,"z":16},"isStatic":false,"friction":0},{"class":"spike","position":{"x":48,"y":272,"z":0},"rotation":{"x":0,"y":0,"z":3.141592653589793},"scale":{"x":16,"y":16,"z":16},"isStatic":false,"friction":0},{"class":"spike","position":{"x":96,"y":304,"z":0},"rotation":{"x":0,"y":0,"z":3.141592653589793},"scale":{"x":16,"y":16,"z":16},"isStatic":false,"friction":0},{"class":"bounce","position":{"x":-24,"y":-32,"z":0},"rotation":{"x":0,"y":0,"z":-0.7853981633974482},"scale":{"x":96,"y":16,"z":16}},{"class":"spike","position":{"x":0,"y":232,"z":0},"rotation":{"x":0,"y":0,"z":3.141592653589793},"scale":{"x":16,"y":16,"z":16},"isStatic":false,"friction":0},{"class":"spike","position":{"x":0,"y":248,"z":0},"rotation":{"x":0,"y":0,"z":3.141592653589793},"scale":{"x":16,"y":16,"z":16},"isStatic":false,"friction":0},{"class":"spike","position":{"x":0,"y":264,"z":0},"rotation":{"x":0,"y":0,"z":3.141592653589793},"scale":{"x":16,"y":16,"z":16},"isStatic":false,"friction":0},{"class":"spike","position":{"x":0,"y":280,"z":0},"rotation":{"x":0,"y":0,"z":3.141592653589793},"scale":{"x":16,"y":16,"z":16},"isStatic":false,"friction":0},{"class":"spike","position":{"x":0,"y":296,"z":0},"rotation":{"x":0,"y":0,"z":3.141592653589793},"scale":{"x":16,"y":16,"z":16},"isStatic":false,"friction":0},{"class":"spike","position":{"x":0,"y":312,"z":0},"rotation":{"x":0,"y":0,"z":3.141592653589793},"scale":{"x":16,"y":16,"z":16},"isStatic":false,"friction":0},{"class":"spike","position":{"x":48,"y":272,"z":0},"rotation":{"x":0,"y":0,"z":3.141592653589793},"scale":{"x":16,"y":16,"z":16},"isStatic":false,"friction":0},{"class":"spike","position":{"x":48,"y":288,"z":0},"rotation":{"x":0,"y":0,"z":3.141592653589793},"scale":{"x":16,"y":16,"z":16},"isStatic":false,"friction":0},{"class":"spike","position":{"x":48,"y":304,"z":0},"rotation":{"x":0,"y":0,"z":3.141592653589793},"scale":{"x":16,"y":16,"z":16},"isStatic":false,"friction":0},{"class":"spike","position":{"x":48,"y":320,"z":0},"rotation":{"x":0,"y":0,"z":3.141592653589793},"scale":{"x":16,"y":16,"z":16},"isStatic":false,"friction":0},{"class":"spike","position":{"x":48,"y":336,"z":0},"rotation":{"x":0,"y":0,"z":3.141592653589793},"scale":{"x":16,"y":16,"z":16},"isStatic":false,"friction":0},{"class":"spike","position":{"x":48,"y":352,"z":0},"rotation":{"x":0,"y":0,"z":3.141592653589793},"scale":{"x":16,"y":16,"z":16},"isStatic":false,"friction":0},{"class":"spike","position":{"x":48,"y":368,"z":0},"rotation":{"x":0,"y":0,"z":3.141592653589793},"scale":{"x":16,"y":16,"z":16},"isStatic":false,"friction":0},{"class":"spike","position":{"x":96,"y":304,"z":0},"rotation":{"x":0,"y":0,"z":3.141592653589793},"scale":{"x":16,"y":16,"z":16},"isStatic":false,"friction":0},{"class":"spike","position":{"x":96,"y":320,"z":0},"rotation":{"x":0,"y":0,"z":3.141592653589793},"scale":{"x":16,"y":16,"z":16},"isStatic":false,"friction":0},{"class":"spike","position":{"x":96,"y":336,"z":0},"rotation":{"x":0,"y":0,"z":3.141592653589793},"scale":{"x":16,"y":16,"z":16},"isStatic":false,"friction":0},{"class":"spike","position":{"x":96,"y":352,"z":0},"rotation":{"x":0,"y":0,"z":3.141592653589793},"scale":{"x":16,"y":16,"z":16},"isStatic":false,"friction":0},{"class":"spike","position":{"x":96,"y":368,"z":0},"rotation":{"x":0,"y":0,"z":3.141592653589793},"scale":{"x":16,"y":16,"z":16},"isStatic":false,"friction":0},{"class":"spike","position":{"x":96,"y":384,"z":0},"rotation":{"x":0,"y":0,"z":3.141592653589793},"scale":{"x":16,"y":16,"z":16},"isStatic":false,"friction":0},{"class":"spike","position":{"x":96,"y":400,"z":0},"rotation":{"x":0,"y":0,"z":3.141592653589793},"scale":{"x":16,"y":16,"z":16},"isStatic":false,"friction":0},{"class":"spike","position":{"x":96,"y":416,"z":0},"rotation":{"x":0,"y":0,"z":3.141592653589793},"scale":{"x":16,"y":16,"z":16},"isStatic":false,"friction":0},{"class":"spike","position":{"x":96,"y":432,"z":0},"rotation":{"x":0,"y":0,"z":3.141592653589793},"scale":{"x":16,"y":16,"z":16},"isStatic":false,"friction":0},{"class":"cube","position":{"x":160,"y":-48,"z":0},"rotation":{"x":0,"y":0,"z":0},"scale":{"x":16,"y":16,"z":16}},{"class":"cube","position":{"x":232,"y":-48,"z":0},"rotation":{"x":0,"y":0,"z":0},"scale":{"x":56,"y":16,"z":16}},{"class":"spike","position":{"x":248,"y":-8,"z":0},"rotation":{"x":0,"y":0,"z":1.5707963267948963},"scale":{"x":56,"y":16,"z":16}},{"class":"cube","position":{"x":208,"y":-32,"z":0},"rotation":{"x":0,"y":0,"z":0},"scale":{"x":8,"y":16,"z":16}},{"class":"cube","position":{"x":208,"y":8,"z":0},"rotation":{"x":0,"y":0,"z":0},"scale":{"x":8,"y":8,"z":16}},{"class":"spike","position":{"x":248,"y":-8,"z":0},"rotation":{"x":0,"y":0,"z":1.5707963267948963},"scale":{"x":56,"y":16,"z":16}},{"class":"spike","position":{"x":248,"y":8,"z":0},"rotation":{"x":0,"y":0,"z":1.5707963267948963},"scale":{"x":56,"y":16,"z":16}},{"class":"spike","position":{"x":248,"y":24,"z":0},"rotation":{"x":0,"y":0,"z":1.5707963267948963},"scale":{"x":56,"y":16,"z":16}},{"class":"spike","position":{"x":248,"y":40,"z":0},"rotation":{"x":0,"y":0,"z":1.5707963267948963},"scale":{"x":56,"y":16,"z":16}},{"class":"spike","position":{"x":248,"y":56,"z":0},"rotation":{"x":0,"y":0,"z":1.5707963267948963},"scale":{"x":56,"y":16,"z":16}},{"class":"spike","position":{"x":144,"y":-24,"z":0},"rotation":{"x":0,"y":0,"z":2.356194490192345},"scale":{"x":56,"y":16,"z":16}},{"class":"cube","position":{"x":208,"y":48,"z":0},"rotation":{"x":0,"y":0,"z":0},"scale":{"x":8,"y":8,"z":16}},{"class":"cube","position":{"x":184,"y":-120,"z":0},"rotation":{"x":0,"y":0,"z":0.5235987755982987},"scale":{"x":216,"y":16,"z":16}},{"class":"cube","position":{"x":24,"y":-168,"z":0},"rotation":{"x":0,"y":0,"z":0},"scale":{"x":8,"y":8,"z":16}},{"class":"cube","position":{"x":-48,"y":-168,"z":0},"rotation":{"x":0,"y":0,"z":0},"scale":{"x":8,"y":8,"z":16}},{"class":"cube","position":{"x":-128,"y":-176,"z":0},"rotation":{"x":0,"y":0,"z":0},"scale":{"x":8,"y":8,"z":16}},{"class":"cube","position":{"x":-56,"y":72,"z":0},"rotation":{"x":0,"y":0,"z":0},"scale":{"x":16,"y":88,"z":16}},{"class":"spike","position":{"x":-48,"y":-176,"z":0},"rotation":{"x":0,"y":0,"z":-3.141592653589793},"scale":{"x":8,"y":16,"z":16}},{"class":"spike","position":{"x":-128,"y":-184,"z":0},"rotation":{"x":0,"y":0,"z":-3.141592653589793},"scale":{"x":8,"y":16,"z":16}},{"class":"spike","position":{"x":24,"y":-176,"z":0},"rotation":{"x":0,"y":0,"z":-3.141592653589793},"scale":{"x":8,"y":16,"z":16}},{"class":"spike","position":{"x":56,"y":-80,"z":0},"rotation":{"x":0,"y":0,"z":-3.141592653589793},"scale":{"x":8,"y":8,"z":16}},{"class":"spike","position":{"x":24,"y":-72,"z":0},"rotation":{"x":0,"y":0,"z":-3.141592653589793},"scale":{"x":8,"y":8,"z":16}},{"class":"spike","position":{"x":-16,"y":-80,"z":0},"rotation":{"x":0,"y":0,"z":-3.141592653589793},"scale":{"x":8,"y":8,"z":16}},{"class":"cube","position":{"x":-224,"y":-176,"z":0},"rotation":{"x":0,"y":0,"z":0},"scale":{"x":128,"y":16,"z":32}},{"class":"cube","position":{"x":-72,"y":-248,"z":0},"rotation":{"x":0,"y":0,"z":0},"scale":{"x":432,"y":16,"z":32}},{"class":"spike","position":{"x":-48,"y":-200,"z":0},"rotation":{"x":0,"y":0,"z":0},"scale":{"x":272,"y":8,"z":16}},{"class":"cube","position":{"x":440,"y":-120,"z":0},"rotation":{"x":0,"y":0,"z":0},"scale":{"x":248,"y":16,"z":16}},{"class":"cube","position":{"x":400,"y":-104,"z":0},"rotation":{"x":0,"y":0,"z":0},"scale":{"x":16,"y":16,"z":32}},{"class":"cube","position":{"x":400,"y":-88,"z":0},"rotation":{"x":0,"y":0,"z":0},"scale":{"x":16,"y":16,"z":40}},{"class":"cube","position":{"x":400,"y":-24,"z":0},"rotation":{"x":0,"y":0,"z":0},"scale":{"x":16,"y":16,"z":16}},{"class":"spike","position":{"x":336,"y":8,"z":0},"rotation":{"x":0,"y":0,"z":2.356194490192345},"scale":{"x":120,"y":16,"z":16}},{"class":"cube","position":{"x":280,"y":64,"z":0},"rotation":{"x":0,"y":0,"z":0},"scale":{"x":40,"y":16,"z":16}},{"class":"cube","position":{"x":328,"y":-280,"z":0},"rotation":{"x":0,"y":0,"z":0},"scale":{"x":16,"y":304,"z":16}},{"class":"spike","position":{"x":328,"y":-448,"z":0},"rotation":{"x":0,"y":0,"z":3.141592653589793},"scale":{"x":16,"y":16,"z":16}},{"class":"cube","position":{"x":400,"y":-64,"z":24},"rotation":{"x":0,"y":0,"z":0},"scale":{"x":16,"y":40,"z":40}},{"class":"cube","position":{"x":400,"y":-40,"z":-16},"rotation":{"x":0,"y":0,"z":0},"scale":{"x":16,"y":16,"z":120}},{"class":"spike","position":{"x":248,"y":56,"z":0},"rotation":{"x":0,"y":0,"z":1.5707963267948963},"scale":{"x":56,"y":16,"z":16}},{"class":"spike","position":{"x":248,"y":72,"z":0},"rotation":{"x":0,"y":0,"z":1.5707963267948963},"scale":{"x":56,"y":16,"z":16}},{"class":"spike","position":{"x":248,"y":88,"z":0},"rotation":{"x":0,"y":0,"z":1.5707963267948963},"scale":{"x":56,"y":16,"z":16}},{"class":"spike","position":{"x":248,"y":104,"z":0},"rotation":{"x":0,"y":0,"z":1.5707963267948963},"scale":{"x":56,"y":16,"z":16}},{"class":"spike","position":{"x":248,"y":120,"z":0},"rotation":{"x":0,"y":0,"z":1.5707963267948963},"scale":{"x":56,"y":16,"z":16}},{"class":"spike","position":{"x":248,"y":136,"z":0},"rotation":{"x":0,"y":0,"z":1.5707963267948963},"scale":{"x":56,"y":16,"z":16}},{"class":"spike","position":{"x":248,"y":152,"z":0},"rotation":{"x":0,"y":0,"z":1.5707963267948963},"scale":{"x":56,"y":16,"z":16}},{"class":"spike","position":{"x":248,"y":168,"z":0},"rotation":{"x":0,"y":0,"z":1.5707963267948963},"scale":{"x":56,"y":16,"z":16}},{"class":"spike","position":{"x":248,"y":184,"z":0},"rotation":{"x":0,"y":0,"z":1.5707963267948963},"scale":{"x":56,"y":16,"z":16}},{"class":"spike","position":{"x":248,"y":200,"z":0},"rotation":{"x":0,"y":0,"z":1.5707963267948963},"scale":{"x":56,"y":16,"z":16}},{"class":"spike","position":{"x":248,"y":216,"z":0},"rotation":{"x":0,"y":0,"z":1.5707963267948963},"scale":{"x":56,"y":16,"z":16}},{"class":"spike","position":{"x":248,"y":232,"z":0},"rotation":{"x":0,"y":0,"z":1.5707963267948963},"scale":{"x":56,"y":16,"z":16}},{"class":"spike","position":{"x":248,"y":248,"z":0},"rotation":{"x":0,"y":0,"z":1.5707963267948963},"scale":{"x":56,"y":16,"z":16}},{"class":"spike","position":{"x":248,"y":264,"z":0},"rotation":{"x":0,"y":0,"z":1.5707963267948963},"scale":{"x":56,"y":16,"z":16}},{"class":"spike","position":{"x":248,"y":280,"z":0},"rotation":{"x":0,"y":0,"z":1.5707963267948963},"scale":{"x":56,"y":16,"z":16}},{"class":"direction","position":{"x":-368,"y":-192,"z":0},"rotation":{"x":0,"y":0,"z":0},"scale":{"x":16,"y":16,"z":16}},{"class":"direction","position":{"x":-384,"y":-176,"z":0},"rotation":{"x":0,"y":0,"z":0},"scale":{"x":16,"y":16,"z":16}},{"class":"spike","position":{"x":320,"y":-232,"z":0},"rotation":{"x":0,"y":0,"z":0},"scale":{"x":16,"y":16,"z":16}},{"class":"spike","position":{"x":232,"y":-152,"z":0},"rotation":{"x":0,"y":0,"z":0},"scale":{"x":16,"y":16,"z":16}},{"class":"direction","position":{"x":648,"y":-144,"z":0},"rotation":{"x":0,"y":0,"z":-2.617993877991494},"scale":{"x":48,"y":16,"z":16}},{"class":"spike","position":{"x":80,"y":-192,"z":0},"rotation":{"x":0,"y":0,"z":0.7853981633974484},"scale":{"x":16,"y":16,"z":16}},{"class":"spike","position":{"x":-40,"y":112,"z":0},"rotation":{"x":0,"y":0,"z":2.8797932657906435},"scale":{"x":16,"y":16,"z":16}},{"class":"spike","position":{"x":224,"y":-32,"z":0},"rotation":{"x":0,"y":0,"z":0},"scale":{"x":16,"y":16,"z":16}},{"class":"spike","position":{"x":-32,"y":-192,"z":0},"rotation":{"x":0,"y":0,"z":0},"scale":{"x":8,"y":8,"z":16}},{"class":"spike","position":{"x":-8,"y":-192,"z":0},"rotation":{"x":0,"y":0,"z":0},"scale":{"x":8,"y":8,"z":16}},{"class":"spike","position":{"x":40,"y":-192,"z":0},"rotation":{"x":0,"y":0,"z":0},"scale":{"x":8,"y":8,"z":16}},{"class":"spike","position":{"x":-96,"y":-192,"z":0},"rotation":{"x":0,"y":0,"z":0},"scale":{"x":8,"y":8,"z":16}},{"class":"spike","position":{"x":-64,"y":-200,"z":0},"rotation":{"x":0,"y":0,"z":0},"scale":{"x":8,"y":8,"z":16}},{"class":"spike","position":{"x":-144,"y":-192,"z":0},"rotation":{"x":0,"y":0,"z":0},"scale":{"x":16,"y":16,"z":16}},{"class":"spike","position":{"x":672,"y":240,"z":0},"rotation":{"x":0,"y":0,"z":0},"scale":{"x":16,"y":760,"z":16}},{"class":"spike","position":{"x":664,"y":624,"z":0},"rotation":{"x":0,"y":0,"z":2.356194490192345},"scale":{"x":16,"y":16,"z":16}},{"class":"spike","position":{"x":528,"y":-208,"z":0},"rotation":{"x":0,"y":0,"z":0},"scale":{"x":152,"y":16,"z":16}},{"class":"spike","position":{"x":608,"y":-200,"z":0},"rotation":{"x":0,"y":0,"z":0.5235987755982987},"scale":{"x":80,"y":16,"z":16}},{"class":"cube","position":{"x":416,"y":-192,"z":0},"rotation":{"x":0,"y":0,"z":0},"scale":{"x":16,"y":16,"z":16}},{"class":"cube","position":{"x":384,"y":-264,"z":0},"rotation":{"x":0,"y":0,"z":0},"scale":{"x":16,"y":192,"z":16}},{"class":"direction","position":{"x":-216,"y":-104,"z":0},"rotation":{"x":0,"y":0,"z":3.141592653589793},"scale":{"x":16,"y":16,"z":16}},{"class":"checkpoint","position":{"x":640,"y":-96,"z":0},"rotation":{"x":0,"y":0,"z":0},"scale":{"x":16,"y":16,"z":16}},{"class":"cube","position":{"x":576,"y":-112,"z":0},"rotation":{"x":0,"y":0,"z":0},"scale":{"x":16,"y":16,"z":16}},{"class":"cube","position":{"x":592,"y":-104,"z":0},"rotation":{"x":0,"y":0,"z":0},"scale":{"x":16,"y":16,"z":16}},{"class":"cube","position":{"x":608,"y":-96,"z":0},"rotation":{"x":0,"y":0,"z":0},"scale":{"x":16,"y":16,"z":16}},{"class":"cube","position":{"x":624,"y":-88,"z":0},"rotation":{"x":0,"y":0,"z":0},"scale":{"x":16,"y":16,"z":16}},{"class":"cube","position":{"x":680,"y":-168,"z":0},"rotation":{"x":0,"y":0,"z":1.5707963267948963},"scale":{"x":48,"y":-8,"z":16}},{"class":"spike","position":{"x":664,"y":-192,"z":0},"rotation":{"x":0,"y":0,"z":0},"scale":{"x":16,"y":16,"z":16}},{"class":"tip","position":{"x":664,"y":-176,"z":0},"rotation":{"x":0,"y":0,"z":0},"scale":{"x":24,"y":32,"z":16},"text":"You shouldn't be in here"},{"class":"spike","position":{"x":400,"y":-224,"z":0},"rotation":{"x":0,"y":0,"z":0},"scale":{"x":16,"y":16,"z":16}},{"class":"spike","position":{"x":416,"y":-240,"z":0},"rotation":{"x":0,"y":0,"z":0},"scale":{"x":16,"y":16,"z":16}},{"class":"spike","position":{"x":432,"y":-224,"z":0},"rotation":{"x":0,"y":0,"z":0},"scale":{"x":16,"y":16,"z":16}},{"class":"spike","position":{"x":448,"y":-224,"z":0},"rotation":{"x":0,"y":0,"z":0},"scale":{"x":16,"y":16,"z":16}},{"class":"resize","position":{"x":640,"y":-120,"z":0},"rotation":{"x":0,"y":0,"z":0},"scale":{"x":8,"y":8,"z":16}},{"class":"spike","position":{"x":512,"y":-176,"z":0},"rotation":{"x":0,"y":0,"z":0},"scale":{"x":16,"y":16,"z":16}},{"class":"spike","position":{"x":568,"y":-184,"z":0},"rotation":{"x":0,"y":0,"z":0},"scale":{"x":16,"y":16,"z":16}},{"class":"cube","position":{"x":400,"y":176,"z":0},"rotation":{"x":0,"y":0,"z":0},"scale":{"x":16,"y":392,"z":16}},{"class":"spike","position":{"x":416,"y":360,"z":0},"rotation":{"x":0,"y":0,"z":-3.141592653589793},"scale":{"x":16,"y":16,"z":16}},{"class":"cube","position":{"x":448,"y":-440,"z":0},"rotation":{"x":0,"y":0,"z":0},"scale":{"x":16,"y":16,"z":16}},{"class":"cube","position":{"x":520,"y":-440,"z":0},"rotation":{"x":0,"y":0,"z":0},"scale":{"x":16,"y":16,"z":16}},{"class":"cube","position":{"x":592,"y":-440,"z":0},"rotation":{"x":0,"y":0,"z":0},"scale":{"x":16,"y":16,"z":16}},{"class":"cube","position":{"x":656,"y":-448,"z":0},"rotation":{"x":0,"y":0,"z":0},"scale":{"x":16,"y":16,"z":16}},{"class":"cube","position":{"x":792,"y":-456,"z":0},"rotation":{"x":0,"y":0,"z":0},"scale":{"x":104,"y":16,"z":16}},{"class":"spike","position":{"x":304,"y":-424,"z":0},"rotation":{"x":0,"y":0,"z":0},"scale":{"x":16,"y":16,"z":16}},{"class":"spike","position":{"x":288,"y":-408,"z":0},"rotation":{"x":0,"y":0,"z":0},"scale":{"x":16,"y":16,"z":16}},{"class":"spike","position":{"x":272,"y":-392,"z":0},"rotation":{"x":0,"y":0,"z":0},"scale":{"x":16,"y":16,"z":16}},{"class":"spike","position":{"x":256,"y":-376,"z":0},"rotation":{"x":0,"y":0,"z":0},"scale":{"x":16,"y":16,"z":16}},{"class":"spike","position":{"x":240,"y":-360,"z":0},"rotation":{"x":0,"y":0,"z":0},"scale":{"x":16,"y":16,"z":16}},{"class":"spike","position":{"x":224,"y":-344,"z":0},"rotation":{"x":0,"y":0,"z":0},"scale":{"x":16,"y":16,"z":16}},{"class":"spike","position":{"x":208,"y":-328,"z":0},"rotation":{"x":0,"y":0,"z":0},"scale":{"x":16,"y":16,"z":16}},{"class":"spike","position":{"x":192,"y":-312,"z":0},"rotation":{"x":0,"y":0,"z":0},"scale":{"x":16,"y":16,"z":16}},{"class":"spike","position":{"x":168,"y":-296,"z":0},"rotation":{"x":0,"y":0,"z":0},"scale":{"x":16,"y":16,"z":16}},{"class":"spike","position":{"x":144,"y":-280,"z":0},"rotation":{"x":0,"y":0,"z":0},"scale":{"x":16,"y":16,"z":16}},{"class":"cube","position":{"x":744,"y":-600,"z":0},"rotation":{"x":0,"y":0,"z":0},"scale":{"x":16,"y":288,"z":16}},{"class":"checkpoint","position":{"x":784,"y":-472,"z":0},"rotation":{"x":0,"y":0,"z":0},"scale":{"x":16,"y":16,"z":16}},{"class":"direction","position":{"x":944,"y":-496,"z":0},"rotation":{"x":0,"y":0,"z":-3.141592653589793},"scale":{"x":96,"y":16,"z":16}},{"class":"spike","position":{"x":800,"y":-592,"z":0},"rotation":{"x":0,"y":0,"z":0},"scale":{"x":16,"y":16,"z":16}},{"class":"cube","position":{"x":744,"y":-800,"z":0},"rotation":{"x":0,"y":0,"z":0},"scale":{"x":16,"y":16,"z":16}},{"class":"spike","position":{"x":680,"y":-816,"z":0},"rotation":{"x":0,"y":0,"z":0},"scale":{"x":16,"y":16,"z":16}},{"class":"cube","position":{"x":616,"y":-800,"z":0},"rotation":{"x":0,"y":0,"z":0},"scale":{"x":16,"y":16,"z":16}},{"class":"cube","position":{"x":544,"y":-800,"z":0},"rotation":{"x":0,"y":0,"z":0},"scale":{"x":40,"y":16,"z":16}},{"class":"cube","position":{"x":472,"y":-800,"z":0},"rotation":{"x":0,"y":0,"z":0},"scale":{"x":40,"y":16,"z":16}},{"class":"cube","position":{"x":400,"y":-800,"z":0},"rotation":{"x":0,"y":0,"z":0},"scale":{"x":40,"y":16,"z":16}},{"class":"cube","position":{"x":576,"y":-584,"z":0},"rotation":{"x":0,"y":0,"z":0.5235987755982987},"scale":{"x":384,"y":16,"z":16}},{"class":"spike","position":{"x":408,"y":-664,"z":0},"rotation":{"x":0,"y":0,"z":0},"scale":{"x":16,"y":16,"z":16}},{"class":"spike","position":{"x":456,"y":-632,"z":0},"rotation":{"x":0,"y":0,"z":0},"scale":{"x":16,"y":16,"z":16}},{"class":"spike","position":{"x":512,"y":-600,"z":0},"rotation":{"x":0,"y":0,"z":0},"scale":{"x":16,"y":16,"z":16}},{"class":"spike","position":{"x":568,"y":-568,"z":0},"rotation":{"x":0,"y":0,"z":0},"scale":{"x":16,"y":16,"z":16}},{"class":"spike","position":{"x":624,"y":-528,"z":0},"rotation":{"x":0,"y":0,"z":0},"scale":{"x":16,"y":16,"z":16}},{"class":"spike","position":{"x":704,"y":-488,"z":0},"rotation":{"x":0,"y":0,"z":0},"scale":{"x":16,"y":16,"z":16}},{"class":"finish","position":{"x":432,"y":-1008,"z":0},"rotation":{"x":0,"y":0,"z":0},"scale":{"x":80,"y":80,"z":16}},{"class":"tip","position":{"x":432,"y":-848,"z":0},"rotation":{"x":0,"y":0,"z":0},"scale":{"x":80,"y":80,"z":16},"text":"Did you pick the right hole?"},{"class":"tip","position":{"x":512,"y":-848,"z":0},"rotation":{"x":0,"y":0,"z":0},"scale":{"x":80,"y":80,"z":16},"text":"Did you do it?"},{"class":"direction","position":{"x":512,"y":-1008,"z":0},"rotation":{"x":0,"y":0,"z":3.141592653589793},"scale":{"x":80,"y":80,"z":16}},{"class":"cube","position":{"x":472,"y":-872,"z":0},"rotation":{"x":0,"y":0,"z":0},"scale":{"x":16,"y":144,"z":16}},{"class":"cube","position":{"x":384,"y":-904,"z":0},"rotation":{"x":0,"y":0,"z":0},"scale":{"x":16,"y":224,"z":16}},{"class":"cube","position":{"x":560,"y":-904,"z":0},"rotation":{"x":0,"y":0,"z":0},"scale":{"x":16,"y":224,"z":16}},{"class":"tip","position":{"x":584,"y":-744,"z":0},"rotation":{"x":0,"y":0,"z":0},"scale":{"x":80,"y":80,"z":16},"text":"Pick a mystery hole!"},{"class":"tip","position":{"x":504,"y":-960,"z":0},"rotation":{"x":0,"y":0,"z":0},"scale":{"x":16,"y":16,"z":16},"text":"Actually, both holes are the good ones!"},{"class":"tip","position":{"x":432,"y":-888,"z":0},"rotation":{"x":0,"y":0,"z":0},"scale":{"x":80,"y":104,"z":16},"text":"Thanks for playing this level!"},{"class":"tip","position":{"x":-16,"y":16,"z":0},"rotation":{"x":0,"y":0,"z":0},"scale":{"x":96,"y":16,"z":16},"text":"Everyone from the Discord, thanks for playing this! And watch out!"},{"class":"cube","position":{"x":568,"y":-120,"z":0},"rotation":{"x":0,"y":0,"z":0},"scale":{"x":16,"y":16,"z":16}},{"class":"direction","position":{"x":352,"y":-440,"z":0},"rotation":{"x":0,"y":0,"z":0},"scale":{"x":88,"y":16,"z":16}},{"class":"cube","position":{"x":992,"y":-488,"z":0},"rotation":{"x":0,"y":0,"z":0},"scale":{"x":16,"y":16,"z":16}},{"class":"direction","position":{"x":784,"y":-632,"z":0},"rotation":{"x":0,"y":0,"z":3.141592653589793},"scale":{"x":16,"y":288,"z":16}},{"class":"cube","position":{"x":768,"y":-784,"z":0},"rotation":{"x":0,"y":0,"z":0},"scale":{"x":8,"y":16,"z":16}},{"class":"direction","position":{"x":384,"y":-656,"z":0},"rotation":{"x":0,"y":0,"z":0},"scale":{"x":16,"y":296,"z":16}},{"class":"cube","position":{"x":-328,"y":-224,"z":0},"rotation":{"x":0,"y":0,"z":0},"scale":{"x":-8,"y":8,"z":16}}]}