{"name":"Jack TVYT","children":[{"class":"player","position":{"x":0,"y":-40.000000000000114,"z":0},"rotation":{"x":0,"y":0,"z":3.141592653589793},"scale":{"x":"16","y":"16","z":16},"isStatic":false,"friction":0},{"class":"direction","position":{"x":0,"y":-64,"z":0},"rotation":{"x":0,"y":0,"z":0},"scale":{"x":"192","y":16,"z":16}},{"class":"cube","position":{"x":952,"y":-40,"z":0},"rotation":{"x":0,"y":0,"z":0},"scale":{"x":"96","y":16,"z":"16"}},{"class":"cube","position":{"x":456,"y":8,"z":0},"rotation":{"x":0,"y":0,"z":0},"scale":{"x":"96","y":16,"z":"16"}},{"class":"cube","position":{"x":752,"y":-40,"z":0},"rotation":{"x":0,"y":0,"z":0},"scale":{"x":"96","y":16,"z":"16"}},{"class":"checkpoint","position":{"x":592,"y":-24,"z":0},"rotation":{"x":0,"y":0,"z":3.141592653589793},"scale":{"x":16,"y":16,"z":16}},{"class":"cube","position":{"x":256,"y":8,"z":0},"rotation":{"x":0,"y":0,"z":0},"scale":{"x":"96","y":16,"z":"16"}},{"class":"tip","position":{"x":544,"y":-40,"z":0},"rotation":{"x":0,"y":0,"z":0},"scale":{"x":"112","y":16,"z":"16"},"text":"welcome to hell friend :)"},{"class":"tip","position":{"x":344,"y":120,"z":0},"rotation":{"x":0,"y":0,"z":0},"scale":{"x":16,"y":16,"z":16},"text":"welcome to hell my friend"},{"class":"cube","position":{"x":1136,"y":-40,"z":0},"rotation":{"x":0,"y":0,"z":0},"scale":{"x":"96","y":16,"z":"16"}},{"class":"cube","position":{"x":1136,"y":-40,"z":0},"rotation":{"x":0,"y":0,"z":0},"scale":{"x":"96","y":16,"z":"16"}},{"class":"cube","position":{"x":1136,"y":-40,"z":0},"rotation":{"x":0,"y":0,"z":0},"scale":{"x":"96","y":16,"z":"16"}},{"class":"cube","position":{"x":1552,"y":-40,"z":0},"rotation":{"x":0,"y":0,"z":0},"scale":{"x":"96","y":16,"z":"16"}},{"class":"cube","position":{"x":1656,"y":0,"z":0},"rotation":{"x":0,"y":0,"z":0},"scale":{"x":"96","y":16,"z":"16"}},{"class":"cube","position":{"x":1736,"y":-32,"z":0},"rotation":{"x":0,"y":0,"z":0},"scale":{"x":"224","y":16,"z":16}},{"class":"cube","position":{"x":1928,"y":-16,"z":0},"rotation":{"x":0,"y":0,"z":0},"scale":{"x":16,"y":"80","z":16}},{"class":"spike","position":{"x":1968,"y":32,"z":0},"rotation":{"x":0,"y":0,"z":0},"scale":{"x":16,"y":16,"z":16}},{"class":"spike","position":{"x":1928,"y":32,"z":0},"rotation":{"x":0,"y":0,"z":0},"scale":{"x":16,"y":16,"z":16}},{"class":"direction","position":{"x":1328,"y":-40,"z":0},"rotation":{"x":0,"y":0,"z":0},"scale":{"x":"96","y":16,"z":"16"}},{"class":"finish","position":{"x":1952,"y":-48,"z":0},"rotation":{"x":0,"y":0,"z":0},"scale":{"x":"32","y":16,"z":16}},{"class":"spike","position":{"x":1912,"y":-40,"z":0},"rotation":{"x":0,"y":0,"z":0},"scale":{"x":16,"y":16,"z":16}},{"class":"checkpoint","position":{"x":1328,"y":-24,"z":0},"rotation":{"x":0,"y":0,"z":0},"scale":{"x":"96","y":16,"z":16}},{"class":"tip","position":{"x":1968,"y":48,"z":0},"rotation":{"x":0,"y":0,"z":0},"scale":{"x":16,"y":16,"z":16},"text":"NOPE"},{"class":"tip","position":{"x":1928,"y":48,"z":0},"rotation":{"x":0,"y":0,"z":0},"scale":{"x":16,"y":16,"z":16},"text":"NOPE"},{"class":"cube","position":{"x":1984,"y":-48,"z":0},"rotation":{"x":0,"y":0,"z":0},"scale":{"x":"80","y":16,"z":16}},{"class":"cube","position":{"x":2000,"y":-48,"z":0},"rotation":{"x":0,"y":0,"z":0},"scale":{"x":16,"y":16,"z":16}},{"class":"direction","position":{"x":2032,"y":-48,"z":0},"rotation":{"x":0,"y":0,"z":3.141592653589793},"scale":{"x":"96","y":16,"z":16}},{"class":"cube","position":{"x":1968,"y":16,"z":0},"rotation":{"x":0,"y":0,"z":0},"scale":{"x":16,"y":16,"z":16}},{"class":"cube","position":{"x":1968,"y":0,"z":0},"rotation":{"x":0,"y":0,"z":0},"scale":{"x":16,"y":16,"z":16}},{"class":"cube","position":{"x":1968,"y":-16,"z":0},"rotation":{"x":0,"y":0,"z":0},"scale":{"x":16,"y":16,"z":16}},{"class":"cube","position":{"x":2072,"y":-24,"z":0},"rotation":{"x":0,"y":0,"z":0},"scale":{"x":"16","y":"48","z":16}},{"class":"cube","position":{"x":472,"y":64,"z":0},"rotation":{"x":0,"y":0,"z":0.2617993877991494},"scale":{"x":"144","y":16,"z":16}},{"class":"cube","position":{"x":352,"y":40,"z":0},"rotation":{"x":0,"y":0,"z":0},"scale":{"x":"96","y":16,"z":"16"}},{"class":"spike","position":{"x":520,"y":216,"z":0},"rotation":{"x":0,"y":0,"z":1.5707963267948966},"scale":{"x":"48","y":16,"z":16},"isStatic":false,"friction":1},{"class":"spike","position":{"x":528,"y":120,"z":0},"rotation":{"x":0,"y":0,"z":1.5707963267948966},"scale":{"x":"48","y":16,"z":16},"isStatic":false,"friction":1},{"class":"spike","position":{"x":472,"y":192,"z":0},"rotation":{"x":0,"y":0,"z":1.5707963267948966},"scale":{"x":"48","y":16,"z":16},"isStatic":false,"friction":1},{"class":"cube","position":{"x":552,"y":24,"z":0},"rotation":{"x":0,"y":0,"z":1.5707963267948966},"scale":{"x":"48","y":16,"z":16}},{"class":"spike","position":{"x":504,"y":120,"z":0},"rotation":{"x":0,"y":0,"z":1.5707963267948966},"scale":{"x":"48","y":16,"z":16},"isStatic":false,"friction":1},{"class":"direction","position":{"x":640,"y":-40,"z":0},"rotation":{"x":0,"y":0,"z":0},"scale":{"x":"96","y":16,"z":16}},{"class":"resize","position":{"x":1104,"y":-16,"z":0},"rotation":{"x":0,"y":0,"z":0},"scale":{"x":"32","y":"32","z":16}},{"class":"cube","position":{"x":112,"y":-32,"z":0},"rotation":{"x":0,"y":0,"z":0},"scale":{"x":16,"y":16,"z":16},"isStatic":false,"friction":0},{"class":"finish","position":{"x":-776,"y":-80,"z":0},"rotation":{"x":0,"y":0,"z":0},"scale":{"x":16,"y":"512","z":16}},{"class":"finish","position":{"x":-680,"y":-48,"z":0},"rotation":{"x":0,"y":0,"z":0},"scale":{"x":16,"y":16,"z":16}},{"class":"gravity","position":{"x":104,"y":-48,"z":0},"rotation":{"x":0,"y":0,"z":-3.141592653589793},"scale":{"x":"16","y":16,"z":"4"}},{"class":"cube","position":{"x":152,"y":-24,"z":0},"rotation":{"x":0,"y":0,"z":0},"scale":{"x":"96","y":16,"z":"16"}}]}