{"name":"Junsie","children":[{"class":"player","position":{"x":48,"y":776,"z":0},"rotation":{"x":0,"y":0,"z":56.54970900761095},"scale":{"x":16,"y":16,"z":16},"isStatic":false,"friction":0},{"class":"cube","position":{"x":40,"y":-224,"z":0},"rotation":{"x":0,"y":0,"z":0},"scale":{"x":"16","y":"272","z":16}},{"class":"cube","position":{"x":-144,"y":320,"z":0},"rotation":{"x":0,"y":0,"z":0},"scale":{"x":"160","y":"512","z":16}},{"class":"cube","position":{"x":-160,"y":216,"z":0},"rotation":{"x":0,"y":0,"z":-0.2617993877991494},"scale":{"x":"64","y":"400","z":16}},{"class":"grapple","position":{"x":40,"y":-72,"z":0},"rotation":{"x":0,"y":0,"z":0},"scale":{"x":16,"y":16,"z":16}},{"class":"cube","position":{"x":40,"y":-88,"z":0},"rotation":{"x":0,"y":0,"z":0},"scale":{"x":"80","y":"16","z":16}},{"class":"cube","position":{"x":24,"y":680,"z":0},"rotation":{"x":0,"y":0,"z":0},"scale":{"x":"208","y":16,"z":16}},{"class":"cube","position":{"x":208,"y":720,"z":0},"rotation":{"x":0,"y":0,"z":0},"scale":{"x":16,"y":16,"z":"20"}},{"class":"cube","position":{"x":208,"y":456,"z":0},"rotation":{"x":0,"y":0,"z":0},"scale":{"x":16,"y":"512","z":16}},{"class":"cube","position":{"x":-224,"y":808,"z":0},"rotation":{"x":0,"y":0,"z":0},"scale":{"x":"512","y":16,"z":16}},{"class":"grapple","position":{"x":48,"y":696,"z":0},"rotation":{"x":0,"y":0,"z":0},"scale":{"x":"16","y":16,"z":16}},{"class":"cube","position":{"x":48,"y":416,"z":0},"rotation":{"x":0,"y":0,"z":0},"scale":{"x":"32","y":"512","z":16}},{"class":"cube","position":{"x":208,"y":152,"z":0},"rotation":{"x":0,"y":0,"z":0},"scale":{"x":16,"y":"176","z":16}},{"class":"cube","position":{"x":128,"y":432,"z":0},"rotation":{"x":0,"y":0,"z":0},"scale":{"x":16,"y":"512","z":16}},{"class":"cube","position":{"x":224,"y":-24,"z":0},"rotation":{"x":0,"y":0,"z":0},"scale":{"x":"48","y":16,"z":16}},{"class":"cube","position":{"x":240,"y":232,"z":0},"rotation":{"x":0,"y":0,"z":0},"scale":{"x":16,"y":"464","z":16}},{"class":"spike","position":{"x":240,"y":-8,"z":0},"rotation":{"x":0,"y":0,"z":1.5707963267948966},"scale":{"x":16,"y":16,"z":16}},{"class":"checkpoint","position":{"x":216,"y":0,"z":0},"rotation":{"x":0,"y":0,"z":0},"scale":{"x":"32","y":"32","z":16}},{"class":"resize","position":{"x":224,"y":168,"z":0},"rotation":{"x":0,"y":0,"z":0},"scale":{"x":16,"y":16,"z":16}},{"class":"resize","position":{"x":224,"y":216,"z":0},"rotation":{"x":0,"y":0,"z":0},"scale":{"x":16,"y":16,"z":16}},{"class":"resize","position":{"x":224,"y":272,"z":0},"rotation":{"x":0,"y":0,"z":0},"scale":{"x":16,"y":16,"z":16}},{"class":"resize","position":{"x":224,"y":328,"z":0},"rotation":{"x":0,"y":0,"z":0},"scale":{"x":16,"y":16,"z":16}},{"class":"resize","position":{"x":224,"y":384,"z":0},"rotation":{"x":0,"y":0,"z":0},"scale":{"x":16,"y":16,"z":16}},{"class":"resize","position":{"x":224,"y":448,"z":0},"rotation":{"x":0,"y":0,"z":0},"scale":{"x":16,"y":16,"z":16}},{"class":"cube","position":{"x":240,"y":656,"z":0},"rotation":{"x":0,"y":0,"z":0},"scale":{"x":16,"y":"384","z":16}},{"class":"cube","position":{"x":-72,"y":656,"z":0},"rotation":{"x":0,"y":0,"z":0},"scale":{"x":16,"y":"64","z":16}},{"class":"spike","position":{"x":24,"y":824,"z":0},"rotation":{"x":0,"y":0,"z":-1.5707963267948966},"scale":{"x":16,"y":16,"z":16}},{"class":"cube","position":{"x":128,"y":840,"z":0},"rotation":{"x":0,"y":0,"z":0},"scale":{"x":"224","y":16,"z":16}},{"class":"checkpoint","position":{"x":48,"y":816,"z":0},"rotation":{"x":0,"y":0,"z":0},"scale":{"x":"32","y":"32","z":16}},{"class":"cube","position":{"x":8,"y":832,"z":0},"rotation":{"x":0,"y":0,"z":0},"scale":{"x":16,"y":"32","z":16}},{"class":"checkpoint","position":{"x":48,"y":752,"z":0},"rotation":{"x":0,"y":0,"z":0},"scale":{"x":16,"y":16,"z":16}},{"class":"cube","position":{"x":208,"y":808,"z":0},"rotation":{"x":0,"y":0,"z":-0.7853981633974483},"scale":{"x":"80","y":16,"z":16}},{"class":"resize","position":{"x":224,"y":512,"z":0},"rotation":{"x":0,"y":0,"z":0},"scale":{"x":16,"y":16,"z":16}},{"class":"resize","position":{"x":224,"y":568,"z":0},"rotation":{"x":0,"y":0,"z":0},"scale":{"x":16,"y":16,"z":16}},{"class":"resize","position":{"x":224,"y":624,"z":0},"rotation":{"x":0,"y":0,"z":0},"scale":{"x":16,"y":16,"z":16}},{"class":"resize","position":{"x":224,"y":680,"z":0},"rotation":{"x":0,"y":0,"z":0},"scale":{"x":16,"y":16,"z":16}},{"class":"resize","position":{"x":224,"y":720,"z":0},"rotation":{"x":0,"y":0,"z":0},"scale":{"x":16,"y":16,"z":16}},{"class":"cube","position":{"x":200,"y":56,"z":0},"rotation":{"x":0,"y":0,"z":-0.5235987755982988},"scale":{"x":"16","y":"32","z":16}},{"class":"resize","position":{"x":224,"y":120,"z":0},"rotation":{"x":0,"y":0,"z":0},"scale":{"x":16,"y":16,"z":16}},{"class":"cube","position":{"x":200,"y":-80,"z":0},"rotation":{"x":0,"y":0,"z":0},"scale":{"x":16,"y":"128","z":16}},{"class":"resize","position":{"x":224,"y":72,"z":0},"rotation":{"x":0,"y":0,"z":0},"scale":{"x":16,"y":16,"z":16}},{"class":"cube","position":{"x":-136,"y":224,"z":0},"rotation":{"x":0,"y":0,"z":0.2617993877991494},"scale":{"x":"64","y":"416","z":16}},{"class":"cube","position":{"x":48,"y":120,"z":0},"rotation":{"x":0,"y":0,"z":0},"scale":{"x":"32","y":"128","z":16}},{"class":"cube","position":{"x":88,"y":144,"z":0},"rotation":{"x":0,"y":0,"z":-0.7853981633974483},"scale":{"x":16,"y":"112","z":16}},{"class":"cube","position":{"x":-328,"y":-128,"z":0},"rotation":{"x":0,"y":0,"z":0},"scale":{"x":"16","y":"96","z":16}},{"class":"cube","position":{"x":-328,"y":-80,"z":0},"rotation":{"x":0,"y":0,"z":0},"scale":{"x":"64","y":16,"z":16}},{"class":"grapple","position":{"x":-328,"y":-64,"z":0},"rotation":{"x":0,"y":0,"z":0},"scale":{"x":16,"y":16,"z":16}},{"class":"cube","position":{"x":-400,"y":-80,"z":0},"rotation":{"x":0,"y":0,"z":0},"scale":{"x":"128","y":16,"z":16}},{"class":"spike","position":{"x":-440,"y":-32,"z":0},"rotation":{"x":0,"y":0,"z":-1.5707963267948966},"scale":{"x":16,"y":16,"z":16}},{"class":"spike","position":{"x":-440,"y":-48,"z":0},"rotation":{"x":0,"y":0,"z":-1.5707963267948966},"scale":{"x":16,"y":16,"z":16}},{"class":"spike","position":{"x":-440,"y":-64,"z":0},"rotation":{"x":0,"y":0,"z":-1.5707963267948966},"scale":{"x":16,"y":16,"z":16}},{"class":"spike","position":{"x":-440,"y":-16,"z":0},"rotation":{"x":0,"y":0,"z":-1.5707963267948966},"scale":{"x":16,"y":16,"z":16}},{"class":"cube","position":{"x":-456,"y":-32,"z":0},"rotation":{"x":0,"y":0,"z":0},"scale":{"x":16,"y":"80","z":16}},{"class":"cube","position":{"x":-352,"y":568,"z":0},"rotation":{"x":0,"y":0,"z":0},"scale":{"x":"192","y":16,"z":16}},{"class":"cube","position":{"x":-472,"y":304,"z":0},"rotation":{"x":0,"y":0,"z":0},"scale":{"x":"16","y":"416","z":16}},{"class":"cube","position":{"x":-464,"y":0,"z":0},"rotation":{"x":0,"y":0,"z":0},"scale":{"x":"112","y":16,"z":16}},{"class":"cube","position":{"x":-464,"y":88,"z":0},"rotation":{"x":0,"y":0,"z":0.5235987755982988},"scale":{"x":"16","y":"32","z":16}},{"class":"cube","position":{"x":-504,"y":280,"z":0},"rotation":{"x":0,"y":0,"z":0},"scale":{"x":16,"y":"512","z":16}},{"class":"cube","position":{"x":-504,"y":672,"z":0},"rotation":{"x":0,"y":0,"z":0},"scale":{"x":16,"y":"288","z":16}},{"class":"cube","position":{"x":-488,"y":808,"z":0},"rotation":{"x":0,"y":0,"z":0},"scale":{"x":16,"y":16,"z":16}},{"class":"cube","position":{"x":-472,"y":568,"z":0},"rotation":{"x":0,"y":0,"z":0},"scale":{"x":16,"y":"272","z":16}},{"class":"cube","position":{"x":-472,"y":776,"z":0},"rotation":{"x":0,"y":0,"z":-0.7853981633974483},"scale":{"x":"16","y":"96","z":16}},{"class":"cube","position":{"x":-336,"y":792,"z":0},"rotation":{"x":0,"y":0,"z":0},"scale":{"x":16,"y":"48","z":16}},{"class":"cube","position":{"x":-352,"y":776,"z":0},"rotation":{"x":0,"y":0,"z":0},"scale":{"x":16,"y":16,"z":16}},{"class":"spike","position":{"x":-352,"y":792,"z":0},"rotation":{"x":0,"y":0,"z":1.5707963267948966},"scale":{"x":16,"y":16,"z":16}},{"class":"checkpoint","position":{"x":-376,"y":784,"z":0},"rotation":{"x":0,"y":0,"z":0},"scale":{"x":"32","y":"32","z":16}},{"class":"grapple","position":{"x":-376,"y":584,"z":0},"rotation":{"x":0,"y":0,"z":0},"scale":{"x":16,"y":16,"z":16}},{"class":"checkpoint","position":{"x":-376,"y":648,"z":0},"rotation":{"x":0,"y":0,"z":0},"scale":{"x":16,"y":16,"z":16}},{"class":"cube","position":{"x":-520,"y":16,"z":0},"rotation":{"x":0,"y":0,"z":0},"scale":{"x":16,"y":"48","z":16}},{"class":"spike","position":{"x":-504,"y":16,"z":0},"rotation":{"x":0,"y":0,"z":-1.5707963267948966},"scale":{"x":16,"y":16,"z":16}},{"class":"checkpoint","position":{"x":-480,"y":24,"z":0},"rotation":{"x":0,"y":0,"z":0},"scale":{"x":"32","y":"32","z":16}},{"class":"resize","position":{"x":-488,"y":104,"z":0},"rotation":{"x":0,"y":0,"z":0},"scale":{"x":16,"y":16,"z":16}},{"class":"resize","position":{"x":-488,"y":160,"z":0},"rotation":{"x":0,"y":0,"z":0},"scale":{"x":16,"y":16,"z":16}},{"class":"resize","position":{"x":-488,"y":208,"z":0},"rotation":{"x":0,"y":0,"z":0},"scale":{"x":16,"y":16,"z":16}},{"class":"resize","position":{"x":-488,"y":272,"z":0},"rotation":{"x":0,"y":0,"z":0},"scale":{"x":16,"y":16,"z":16}},{"class":"resize","position":{"x":-488,"y":328,"z":0},"rotation":{"x":0,"y":0,"z":0},"scale":{"x":16,"y":16,"z":16}},{"class":"resize","position":{"x":-488,"y":376,"z":0},"rotation":{"x":0,"y":0,"z":0},"scale":{"x":16,"y":16,"z":16}},{"class":"resize","position":{"x":-488,"y":440,"z":0},"rotation":{"x":0,"y":0,"z":0},"scale":{"x":16,"y":16,"z":16}},{"class":"resize","position":{"x":-488,"y":504,"z":0},"rotation":{"x":0,"y":0,"z":0},"scale":{"x":16,"y":16,"z":16}},{"class":"resize","position":{"x":-488,"y":560,"z":0},"rotation":{"x":0,"y":0,"z":0},"scale":{"x":16,"y":16,"z":16}},{"class":"resize","position":{"x":-488,"y":608,"z":0},"rotation":{"x":0,"y":0,"z":0},"scale":{"x":16,"y":16,"z":16}},{"class":"resize","position":{"x":-488,"y":656,"z":0},"rotation":{"x":0,"y":0,"z":0},"scale":{"x":16,"y":16,"z":16}},{"class":"resize","position":{"x":-488,"y":696,"z":0},"rotation":{"x":0,"y":0,"z":0},"scale":{"x":16,"y":16,"z":16}},{"class":"checkpoint","position":{"x":-328,"y":32,"z":0},"rotation":{"x":0,"y":0,"z":0},"scale":{"x":16,"y":16,"z":16}},{"class":"cube","position":{"x":-336,"y":184,"z":0},"rotation":{"x":0,"y":0,"z":0},"scale":{"x":"64","y":"64","z":16}},{"class":"cube","position":{"x":-400,"y":-8,"z":0},"rotation":{"x":0,"y":0,"z":0},"scale":{"x":16,"y":"32","z":16}},{"class":"cube","position":{"x":-256,"y":-184,"z":0},"rotation":{"x":0,"y":0,"z":0},"scale":{"x":"160","y":16,"z":16}},{"class":"cube","position":{"x":-64,"y":-200,"z":0},"rotation":{"x":0,"y":0,"z":0},"scale":{"x":"80","y":16,"z":16}},{"class":"cube","position":{"x":-176,"y":-192,"z":0},"rotation":{"x":0,"y":0,"z":0},"scale":{"x":16,"y":"32","z":16}},{"class":"cube","position":{"x":-104,"y":-208,"z":0},"rotation":{"x":0,"y":0,"z":0},"scale":{"x":16,"y":"32","z":16}},{"class":"checkpoint","position":{"x":40,"y":0,"z":0},"rotation":{"x":0,"y":0,"z":0},"scale":{"x":16,"y":16,"z":16}},{"class":"cube","position":{"x":-320,"y":-352,"z":0},"rotation":{"x":0,"y":0,"z":0},"scale":{"x":16,"y":"176","z":16}},{"class":"cube","position":{"x":-512,"y":-272,"z":0},"rotation":{"x":0,"y":0,"z":0},"scale":{"x":"512","y":16,"z":16}},{"class":"cube","position":{"x":-224,"y":-272,"z":0},"rotation":{"x":0,"y":0,"z":0},"scale":{"x":"224","y":16,"z":16}},{"class":"cube","position":{"x":-40,"y":-272,"z":0},"rotation":{"x":0,"y":0,"z":0},"scale":{"x":"32","y":16,"z":16}},{"class":"cube","position":{"x":8,"y":-312,"z":0},"rotation":{"x":0,"y":0,"z":0},"scale":{"x":16,"y":"240","z":16}},{"class":"cube","position":{"x":-424,"y":-264,"z":0},"rotation":{"x":0,"y":0,"z":0},"scale":{"x":16,"y":16,"z":16}},{"class":"cube","position":{"x":-632,"y":-248,"z":0},"rotation":{"x":0,"y":0,"z":0},"scale":{"x":16,"y":"64","z":16}},{"class":"cube","position":{"x":-520,"y":-248,"z":0},"rotation":{"x":0,"y":0,"z":0},"scale":{"x":16,"y":"64","z":16}},{"class":"cube","position":{"x":-576,"y":-232,"z":0},"rotation":{"x":0,"y":0,"z":0},"scale":{"x":"96","y":16,"z":16}},{"class":"spike","position":{"x":-520,"y":-176,"z":0},"rotation":{"x":0,"y":0,"z":-1.5707963267948966},"scale":{"x":16,"y":16,"z":16}},{"class":"spike","position":{"x":-520,"y":-199.97635556231106,"z":0},"rotation":{"x":0,"y":0,"z":-1.5678319454712435},"scale":{"x":"32","y":"16","z":16},"isStatic":false,"friction":0},{"class":"cube","position":{"x":-760,"y":-224,"z":0},"rotation":{"x":0,"y":0,"z":0},"scale":{"x":16,"y":"112","z":16}},{"class":"cube","position":{"x":-744,"y":-184,"z":0},"rotation":{"x":0,"y":0,"z":0},"scale":{"x":16,"y":"32","z":16}},{"class":"cube","position":{"x":-744,"y":-240,"z":0},"rotation":{"x":0,"y":0,"z":0},"scale":{"x":16,"y":"48","z":16}},{"class":"spike","position":{"x":-728,"y":-224,"z":0},"rotation":{"x":0,"y":0,"z":-1.5707963267948966},"scale":{"x":"16","y":16,"z":16}},{"class":"spike","position":{"x":-728,"y":-192,"z":0},"rotation":{"x":0,"y":0,"z":-1.5707963267948966},"scale":{"x":"16","y":16,"z":16}},{"class":"cube","position":{"x":-544,"y":-160,"z":0},"rotation":{"x":0,"y":0,"z":0},"scale":{"x":"448","y":16,"z":16},"text":"Do not touch the spikes!"},{"class":"cube","position":{"x":-568,"y":-512,"z":0},"rotation":{"x":0,"y":0,"z":0},"scale":{"x":"512","y":16,"z":16},"text":"Do not touch the spikes!"},{"class":"spike","position":{"x":-664,"y":-288,"z":0},"rotation":{"x":0,"y":0,"z":-1.5707963267948966},"scale":{"x":"16","y":16,"z":16}},{"class":"spike","position":{"x":-480,"y":-496,"z":0},"rotation":{"x":0,"y":0,"z":-1.5707963267948966},"scale":{"x":"16","y":16,"z":16}},{"class":"spike","position":{"x":-480,"y":-480,"z":0},"rotation":{"x":0,"y":0,"z":-1.5707963267948966},"scale":{"x":"16","y":16,"z":16}},{"class":"spike","position":{"x":-480,"y":-464,"z":0},"rotation":{"x":0,"y":0,"z":-1.5707963267948966},"scale":{"x":"16","y":16,"z":16}},{"class":"spike","position":{"x":-480,"y":-448,"z":0},"rotation":{"x":0,"y":0,"z":-1.5707963267948966},"scale":{"x":"16","y":16,"z":16}},{"class":"spike","position":{"x":-480,"y":-432,"z":0},"rotation":{"x":0,"y":0,"z":-1.5707963267948966},"scale":{"x":"16","y":16,"z":16}},{"class":"spike","position":{"x":-480,"y":-416,"z":0},"rotation":{"x":0,"y":0,"z":-1.5707963267948966},"scale":{"x":"16","y":16,"z":16}},{"class":"spike","position":{"x":-480,"y":-352,"z":0},"rotation":{"x":0,"y":0,"z":-1.5707963267948966},"scale":{"x":"16","y":16,"z":16}},{"class":"spike","position":{"x":-480,"y":-336,"z":0},"rotation":{"x":0,"y":0,"z":-1.5707963267948966},"scale":{"x":"16","y":16,"z":16}},{"class":"spike","position":{"x":-480,"y":-320,"z":0},"rotation":{"x":0,"y":0,"z":-1.5707963267948966},"scale":{"x":"16","y":16,"z":16}},{"class":"spike","position":{"x":-480,"y":-304,"z":0},"rotation":{"x":0,"y":0,"z":-1.5707963267948966},"scale":{"x":"16","y":16,"z":16}},{"class":"spike","position":{"x":-480,"y":-288,"z":0},"rotation":{"x":0,"y":0,"z":-1.5707963267948966},"scale":{"x":"16","y":16,"z":16}},{"class":"spike","position":{"x":-576,"y":-288,"z":0},"rotation":{"x":0,"y":0,"z":-1.5707963267948966},"scale":{"x":"16","y":16,"z":16}},{"class":"spike","position":{"x":-576,"y":-304,"z":0},"rotation":{"x":0,"y":0,"z":-1.5707963267948966},"scale":{"x":"16","y":16,"z":16}},{"class":"spike","position":{"x":-576,"y":-368,"z":0},"rotation":{"x":0,"y":0,"z":-1.5707963267948966},"scale":{"x":"16","y":16,"z":16}},{"class":"spike","position":{"x":-576,"y":-384,"z":0},"rotation":{"x":0,"y":0,"z":-1.5707963267948966},"scale":{"x":"16","y":16,"z":16}},{"class":"spike","position":{"x":-576,"y":-400,"z":0},"rotation":{"x":0,"y":0,"z":-1.5707963267948966},"scale":{"x":"16","y":16,"z":16}},{"class":"spike","position":{"x":-576,"y":-416,"z":0},"rotation":{"x":0,"y":0,"z":-1.5707963267948966},"scale":{"x":"16","y":16,"z":16}},{"class":"spike","position":{"x":-576,"y":-432,"z":0},"rotation":{"x":0,"y":0,"z":-1.5707963267948966},"scale":{"x":"16","y":16,"z":16}},{"class":"spike","position":{"x":-576,"y":-448,"z":0},"rotation":{"x":0,"y":0,"z":-1.5707963267948966},"scale":{"x":"16","y":16,"z":16}},{"class":"spike","position":{"x":-576,"y":-464,"z":0},"rotation":{"x":0,"y":0,"z":-1.5707963267948966},"scale":{"x":"16","y":16,"z":16}},{"class":"spike","position":{"x":-576,"y":-480,"z":0},"rotation":{"x":0,"y":0,"z":-1.5707963267948966},"scale":{"x":"16","y":16,"z":16}},{"class":"spike","position":{"x":-576,"y":-496,"z":0},"rotation":{"x":0,"y":0,"z":-1.5707963267948966},"scale":{"x":"16","y":16,"z":16}},{"class":"spike","position":{"x":-664,"y":-496,"z":0},"rotation":{"x":0,"y":0,"z":-1.5707963267948966},"scale":{"x":"16","y":16,"z":16}},{"class":"spike","position":{"x":-664,"y":-480,"z":0},"rotation":{"x":0,"y":0,"z":-1.5707963267948966},"scale":{"x":"16","y":16,"z":16}},{"class":"spike","position":{"x":-664,"y":-464,"z":0},"rotation":{"x":0,"y":0,"z":-1.5707963267948966},"scale":{"x":"16","y":16,"z":16}},{"class":"spike","position":{"x":-664,"y":-448,"z":0},"rotation":{"x":0,"y":0,"z":-1.5707963267948966},"scale":{"x":"16","y":16,"z":16}},{"class":"spike","position":{"x":-664,"y":-432,"z":0},"rotation":{"x":0,"y":0,"z":-1.5707963267948966},"scale":{"x":"16","y":16,"z":16}},{"class":"spike","position":{"x":-664,"y":-416,"z":0},"rotation":{"x":0,"y":0,"z":-1.5707963267948966},"scale":{"x":"16","y":16,"z":16}},{"class":"spike","position":{"x":-664,"y":-400,"z":0},"rotation":{"x":0,"y":0,"z":-1.5707963267948966},"scale":{"x":"16","y":16,"z":16}},{"class":"spike","position":{"x":-664,"y":-320,"z":0},"rotation":{"x":0,"y":0,"z":-1.5707963267948966},"scale":{"x":"16","y":16,"z":16}},{"class":"spike","position":{"x":-664,"y":-304,"z":0},"rotation":{"x":0,"y":0,"z":-1.5707963267948966},"scale":{"x":"16","y":16,"z":16}},{"class":"spike","position":{"x":-664,"y":-336,"z":0},"rotation":{"x":0,"y":0,"z":-1.5707963267948966},"scale":{"x":"16","y":16,"z":16}},{"class":"spike","position":{"x":-744,"y":-496,"z":0},"rotation":{"x":0,"y":0,"z":-1.5707963267948966},"scale":{"x":"16","y":16,"z":16}},{"class":"spike","position":{"x":-744,"y":-480,"z":0},"rotation":{"x":0,"y":0,"z":-1.5707963267948966},"scale":{"x":"16","y":16,"z":16}},{"class":"spike","position":{"x":-744,"y":-464,"z":0},"rotation":{"x":0,"y":0,"z":-1.5707963267948966},"scale":{"x":"16","y":16,"z":16}},{"class":"spike","position":{"x":-744,"y":-448,"z":0},"rotation":{"x":0,"y":0,"z":-1.5707963267948966},"scale":{"x":"16","y":16,"z":16}},{"class":"spike","position":{"x":-744,"y":-432,"z":0},"rotation":{"x":0,"y":0,"z":-1.5707963267948966},"scale":{"x":"16","y":16,"z":16}},{"class":"spike","position":{"x":-744,"y":-336,"z":0},"rotation":{"x":0,"y":0,"z":-1.5707963267948966},"scale":{"x":"16","y":16,"z":16}},{"class":"spike","position":{"x":-744,"y":-320,"z":0},"rotation":{"x":0,"y":0,"z":-1.5707963267948966},"scale":{"x":"16","y":16,"z":16}},{"class":"spike","position":{"x":-744,"y":-304,"z":0},"rotation":{"x":0,"y":0,"z":-1.5707963267948966},"scale":{"x":"16","y":16,"z":16}},{"class":"cube","position":{"x":-832,"y":-400,"z":0},"rotation":{"x":0,"y":0,"z":0},"scale":{"x":16,"y":"240","z":16}},{"class":"cube","position":{"x":-800,"y":-272,"z":0},"rotation":{"x":0,"y":0,"z":0},"scale":{"x":"80","y":16,"z":16}},{"class":"spike","position":{"x":-744,"y":-288,"z":0},"rotation":{"x":0,"y":0,"z":-1.5707963267948966},"scale":{"x":"16","y":16,"z":16}},{"class":"spike","position":{"x":-816,"y":-336,"z":0},"rotation":{"x":0,"y":0,"z":-1.5707963267948966},"scale":{"x":"16","y":16,"z":16}},{"class":"spike","position":{"x":-816,"y":-352,"z":0},"rotation":{"x":0,"y":0,"z":-1.5707963267948966},"scale":{"x":"16","y":16,"z":16}},{"class":"spike","position":{"x":-816,"y":-384,"z":0},"rotation":{"x":0,"y":0,"z":-1.5707963267948966},"scale":{"x":"16","y":16,"z":16}},{"class":"spike","position":{"x":-816,"y":-288,"z":0},"rotation":{"x":0,"y":0,"z":-1.5707963267948966},"scale":{"x":"16","y":16,"z":16}},{"class":"spike","position":{"x":-816,"y":-400,"z":0},"rotation":{"x":0,"y":0,"z":-1.5707963267948966},"scale":{"x":"16","y":16,"z":16}},{"class":"spike","position":{"x":-816,"y":-416,"z":0},"rotation":{"x":0,"y":0,"z":-1.5707963267948966},"scale":{"x":"16","y":16,"z":16}},{"class":"spike","position":{"x":-816,"y":-432,"z":0},"rotation":{"x":0,"y":0,"z":-1.5707963267948966},"scale":{"x":"16","y":16,"z":16}},{"class":"spike","position":{"x":-816,"y":-448,"z":0},"rotation":{"x":0,"y":0,"z":-1.5707963267948966},"scale":{"x":"16","y":16,"z":16}},{"class":"spike","position":{"x":-816,"y":-464,"z":0},"rotation":{"x":0,"y":0,"z":-1.5707963267948966},"scale":{"x":"16","y":16,"z":16}},{"class":"spike","position":{"x":-816,"y":-480,"z":0},"rotation":{"x":0,"y":0,"z":-1.5707963267948966},"scale":{"x":"16","y":16,"z":16}},{"class":"spike","position":{"x":-816,"y":-496,"z":0},"rotation":{"x":0,"y":0,"z":-1.5707963267948966},"scale":{"x":"16","y":16,"z":16}},{"class":"spike","position":{"x":-816,"y":-368,"z":0},"rotation":{"x":0,"y":0,"z":-1.5707963267948966},"scale":{"x":"16","y":16,"z":16}},{"class":"cube","position":{"x":-208,"y":-512,"z":0},"rotation":{"x":0,"y":0,"z":0},"scale":{"x":"512","y":16,"z":16}},{"class":"cube","position":{"x":40,"y":-400,"z":0},"rotation":{"x":0,"y":0,"z":0},"scale":{"x":16,"y":"176","z":16}},{"class":"cube","position":{"x":56,"y":-496,"z":0},"rotation":{"x":0,"y":0,"z":0},"scale":{"x":16,"y":"48","z":16}},{"class":"cube","position":{"x":0,"y":-440,"z":0},"rotation":{"x":0,"y":0,"z":-0.5235987755982988},"scale":{"x":16,"y":"32","z":16}},{"class":"spike","position":{"x":40,"y":-496,"z":0},"rotation":{"x":0,"y":0,"z":1.5707963267948966},"scale":{"x":16,"y":16,"z":16}},{"class":"checkpoint","position":{"x":16,"y":-488,"z":0},"rotation":{"x":0,"y":0,"z":0},"scale":{"x":"32","y":"32","z":16}},{"class":"resize","position":{"x":24,"y":-424,"z":0},"rotation":{"x":0,"y":0,"z":0},"scale":{"x":16,"y":16,"z":16}},{"class":"resize","position":{"x":24,"y":-360,"z":0},"rotation":{"x":0,"y":0,"z":0},"scale":{"x":16,"y":16,"z":16}},{"class":"resize","position":{"x":24,"y":-304,"z":0},"rotation":{"x":0,"y":0,"z":0},"scale":{"x":16,"y":16,"z":16}},{"class":"resize","position":{"x":24,"y":-256,"z":0},"rotation":{"x":0,"y":0,"z":0},"scale":{"x":16,"y":16,"z":16}},{"class":"cube","position":{"x":-24,"y":-104,"z":0},"rotation":{"x":0,"y":0,"z":0},"scale":{"x":"96","y":16,"z":16}},{"class":"cube","position":{"x":-80,"y":-120,"z":0},"rotation":{"x":0,"y":0,"z":0},"scale":{"x":"16","y":"48","z":16}},{"class":"cube","position":{"x":-64,"y":-136,"z":0},"rotation":{"x":0,"y":0,"z":0},"scale":{"x":16,"y":16,"z":16}},{"class":"spike","position":{"x":-64,"y":-120,"z":0},"rotation":{"x":0,"y":0,"z":-1.5707963267948966},"scale":{"x":16,"y":16,"z":16}},{"class":"cube","position":{"x":24,"y":-120,"z":0},"rotation":{"x":0,"y":0,"z":-0.7853981633974483},"scale":{"x":"48","y":16,"z":16}},{"class":"resize","position":{"x":24,"y":-200,"z":0},"rotation":{"x":0,"y":0,"z":0},"scale":{"x":16,"y":16,"z":16}},{"class":"checkpoint","position":{"x":-40,"y":-128,"z":0},"rotation":{"x":0,"y":0,"z":0},"scale":{"x":"32","y":"32","z":16}},{"class":"cube","position":{"x":128,"y":-136,"z":0},"rotation":{"x":0,"y":0,"z":0},"scale":{"x":"160","y":16,"z":16}},{"class":"spike","position":{"x":56,"y":-120,"z":0},"rotation":{"x":0,"y":0,"z":0},"scale":{"x":16,"y":16,"z":16}},{"class":"spike","position":{"x":72,"y":-120,"z":0},"rotation":{"x":0,"y":0,"z":0},"scale":{"x":16,"y":16,"z":16}},{"class":"spike","position":{"x":88,"y":-120,"z":0},"rotation":{"x":0,"y":0,"z":0},"scale":{"x":16,"y":16,"z":16}},{"class":"spike","position":{"x":104,"y":-120,"z":0},"rotation":{"x":0,"y":0,"z":0},"scale":{"x":16,"y":16,"z":16}},{"class":"spike","position":{"x":120,"y":-120,"z":0},"rotation":{"x":0,"y":0,"z":0},"scale":{"x":16,"y":16,"z":16}},{"class":"spike","position":{"x":136,"y":-120,"z":0},"rotation":{"x":0,"y":0,"z":0},"scale":{"x":16,"y":16,"z":16}},{"class":"spike","position":{"x":152,"y":-120,"z":0},"rotation":{"x":0,"y":0,"z":0},"scale":{"x":16,"y":16,"z":16}},{"class":"spike","position":{"x":168,"y":-120,"z":0},"rotation":{"x":0,"y":0,"z":0},"scale":{"x":16,"y":16,"z":16}},{"class":"spike","position":{"x":184,"y":-120,"z":0},"rotation":{"x":0,"y":0,"z":0},"scale":{"x":16,"y":16,"z":16}},{"class":"cube","position":{"x":-400,"y":-496,"z":0},"rotation":{"x":0,"y":0,"z":0},"scale":{"x":16,"y":16,"z":16}},{"class":"cube","position":{"x":-440,"y":384,"z":0},"rotation":{"x":0,"y":0,"z":0},"scale":{"x":16,"y":"496","z":16}},{"class":"cube","position":{"x":-432,"y":696,"z":0},"rotation":{"x":0,"y":0,"z":0},"scale":{"x":"80","y":16,"z":16}},{"class":"cube","position":{"x":-432,"y":640,"z":0},"rotation":{"x":0,"y":0,"z":-0.5235987755982988},"scale":{"x":16,"y":"32","z":16}},{"class":"cube","position":{"x":-424,"y":136,"z":0},"rotation":{"x":0,"y":0,"z":0},"scale":{"x":16,"y":"112","z":16}},{"class":"cube","position":{"x":-400,"y":8,"z":0},"rotation":{"x":0,"y":0,"z":0},"scale":{"x":16,"y":16,"z":16}},{"class":"cube","position":{"x":-448,"y":8,"z":0},"rotation":{"x":0,"y":0,"z":0},"scale":{"x":16,"y":16,"z":16}},{"class":"cube","position":{"x":256,"y":-8,"z":0},"rotation":{"x":0,"y":0,"z":0},"scale":{"x":16,"y":"48","z":16}},{"class":"grapple","position":{"x":-40,"y":-192,"z":0},"rotation":{"x":0,"y":0,"z":0},"scale":{"x":16,"y":16,"z":16}},{"class":"cube","position":{"x":-32,"y":-312,"z":0},"rotation":{"x":0,"y":0,"z":0},"scale":{"x":16,"y":"208","z":16}},{"class":"cube","position":{"x":-48,"y":-424,"z":0},"rotation":{"x":0,"y":0,"z":0},"scale":{"x":16,"y":"48","z":16}},{"class":"cube","position":{"x":-80,"y":-496,"z":0},"rotation":{"x":0,"y":0,"z":0},"scale":{"x":16,"y":16,"z":16}},{"class":"cube","position":{"x":-24,"y":-504,"z":0},"rotation":{"x":0,"y":0,"z":0},"scale":{"x":16,"y":16,"z":16}},{"class":"finish","position":{"x":-816,"y":-312,"z":0},"rotation":{"x":0,"y":0,"z":0},"scale":{"x":16,"y":"32","z":16}},{"class":"finish","position":{"x":-743.9999857153975,"y":-208.05176381156411,"z":0},"rotation":{"x":0,"y":0,"z":0.0005154624227352919},"scale":{"x":16,"y":16,"z":16},"isStatic":false,"friction":0},{"class":"cube","position":{"x":-320,"y":352,"z":0},"rotation":{"x":0,"y":0,"z":0},"scale":{"x":"256","y":16,"z":16}},{"class":"spike","position":{"x":-408,"y":368,"z":0},"rotation":{"x":0,"y":0,"z":0},"scale":{"x":16,"y":16,"z":16}},{"class":"spike","position":{"x":-392,"y":368,"z":0},"rotation":{"x":0,"y":0,"z":0},"scale":{"x":16,"y":16,"z":16}},{"class":"spike","position":{"x":-360,"y":368,"z":0},"rotation":{"x":0,"y":0,"z":0},"scale":{"x":16,"y":16,"z":16}},{"class":"spike","position":{"x":-296,"y":368,"z":0},"rotation":{"x":0,"y":0,"z":0},"scale":{"x":16,"y":16,"z":16}},{"class":"spike","position":{"x":-376,"y":368,"z":0},"rotation":{"x":0,"y":0,"z":0},"scale":{"x":16,"y":16,"z":16}},{"class":"spike","position":{"x":-424,"y":368,"z":0},"rotation":{"x":0,"y":0,"z":0},"scale":{"x":16,"y":16,"z":16}},{"class":"spike","position":{"x":-280,"y":368,"z":0},"rotation":{"x":0,"y":0,"z":0},"scale":{"x":16,"y":16,"z":16}},{"class":"spike","position":{"x":-264,"y":368,"z":0},"rotation":{"x":0,"y":0,"z":0},"scale":{"x":16,"y":16,"z":16}},{"class":"spike","position":{"x":-248,"y":368,"z":0},"rotation":{"x":0,"y":0,"z":0},"scale":{"x":16,"y":16,"z":16}},{"class":"spike","position":{"x":-232,"y":368,"z":0},"rotation":{"x":0,"y":0,"z":0},"scale":{"x":16,"y":16,"z":16}},{"class":"spike","position":{"x":-304,"y":368,"z":0},"rotation":{"x":0,"y":0,"z":0},"scale":{"x":16,"y":16,"z":16}},{"class":"finish","position":{"x":-336,"y":368,"z":0},"rotation":{"x":0,"y":0,"z":0},"scale":{"x":"48","y":16,"z":16}},{"class":"cube","position":{"x":-280,"y":456,"z":0},"rotation":{"x":0,"y":0,"z":0},"scale":{"x":"192","y":"32","z":16}},{"class":"spike","position":{"x":-232,"y":480,"z":0},"rotation":{"x":0,"y":0,"z":0},"scale":{"x":16,"y":16,"z":16}},{"class":"spike","position":{"x":-248,"y":480,"z":0},"rotation":{"x":0,"y":0,"z":0},"scale":{"x":16,"y":16,"z":16}},{"class":"spike","position":{"x":-264,"y":480,"z":0},"rotation":{"x":0,"y":0,"z":0},"scale":{"x":16,"y":16,"z":16}},{"class":"spike","position":{"x":-280,"y":480,"z":0},"rotation":{"x":0,"y":0,"z":0},"scale":{"x":16,"y":16,"z":16}},{"class":"spike","position":{"x":-296,"y":480,"z":0},"rotation":{"x":0,"y":0,"z":0},"scale":{"x":16,"y":16,"z":16}},{"class":"spike","position":{"x":-424,"y":520,"z":0},"rotation":{"x":0,"y":0,"z":-1.5707963267948966},"scale":{"x":"64","y":"16","z":16}},{"class":"bounce","position":{"x":-232,"y":408,"z":0},"rotation":{"x":0,"y":0,"z":1.5707963267948966},"scale":{"x":"64","y":"16","z":16}},{"class":"cube","position":{"x":-608,"y":320,"z":0},"rotation":{"x":0,"y":0,"z":0},"scale":{"x":16,"y":16,"z":16}}]}