{"name":"Junsie 2","children":[{"class":"player","position":{"x":-8,"y":152,"z":0},"rotation":{"x":0,"y":0,"z":-4.7105630963853535},"scale":{"x":16,"y":16,"z":16},"isStatic":false,"friction":0},{"class":"grapple","position":{"x":0,"y":88,"z":0},"rotation":{"x":0,"y":0,"z":0},"scale":{"x":"32","y":16,"z":16}},{"class":"cube","position":{"x":24,"y":152,"z":0},"rotation":{"x":0,"y":0,"z":0},"scale":{"x":16,"y":16,"z":16}},{"class":"cube","position":{"x":24,"y":136,"z":0},"rotation":{"x":0,"y":0,"z":0},"scale":{"x":16,"y":16,"z":16}},{"class":"cube","position":{"x":48,"y":88,"z":0},"rotation":{"x":0,"y":0,"z":0},"scale":{"x":"80","y":16,"z":16}},{"class":"bounce","position":{"x":72,"y":72,"z":0},"rotation":{"x":0,"y":0,"z":-1.5707963267948966},"scale":{"x":"32","y":"32","z":16}},{"class":"gravity","position":{"x":168,"y":72,"z":0},"rotation":{"x":0,"y":0,"z":1.5707963267948966},"scale":{"x":"32","y":"32","z":16}},{"class":"cube","position":{"x":136,"y":88,"z":0},"rotation":{"x":0,"y":0,"z":-0.7853981633974483},"scale":{"x":"16","y":"32","z":16}},{"class":"cube","position":{"x":128,"y":136,"z":0},"rotation":{"x":0,"y":0,"z":0},"scale":{"x":"192","y":16,"z":16}},{"class":"cube","position":{"x":192,"y":96,"z":0},"rotation":{"x":0,"y":0,"z":0},"scale":{"x":"96","y":16,"z":16}},{"class":"cube","position":{"x":232,"y":120,"z":0},"rotation":{"x":0,"y":0,"z":0},"scale":{"x":16,"y":"32","z":16}},{"class":"cube","position":{"x":144,"y":112,"z":0},"rotation":{"x":0,"y":0,"z":0},"scale":{"x":16,"y":"32","z":16}},{"class":"tip","position":{"x":232,"y":72,"z":0},"rotation":{"x":0,"y":0,"z":0},"scale":{"x":16,"y":"48","z":16},"text":"WOOSH"},{"class":"cube","position":{"x":104,"y":48,"z":0},"rotation":{"x":0,"y":0,"z":0},"scale":{"x":"272","y":16,"z":16}},{"class":"spike","position":{"x":448,"y":-64,"z":0},"rotation":{"x":0,"y":0,"z":1.5707963267948966},"scale":{"x":16,"y":16,"z":16}},{"class":"spike","position":{"x":624,"y":224,"z":0},"rotation":{"x":0,"y":0,"z":1.5707963267948966},"scale":{"x":16,"y":16,"z":16}},{"class":"spike","position":{"x":560,"y":0,"z":0},"rotation":{"x":0,"y":0,"z":1.5707963267948966},"scale":{"x":16,"y":16,"z":16}},{"class":"spike","position":{"x":520,"y":152,"z":0},"rotation":{"x":0,"y":0,"z":1.5707963267948966},"scale":{"x":16,"y":16,"z":16}},{"class":"spike","position":{"x":768,"y":144,"z":0},"rotation":{"x":0,"y":0,"z":1.5707963267948966},"scale":{"x":16,"y":16,"z":16}},{"class":"spike","position":{"x":656,"y":-104,"z":0},"rotation":{"x":0,"y":0,"z":1.5707963267948966},"scale":{"x":16,"y":16,"z":16}},{"class":"cube","position":{"x":72,"y":96,"z":0},"rotation":{"x":0,"y":0,"z":0.2617993877991494},"scale":{"x":"48","y":"16","z":16}},{"class":"spike","position":{"x":3624,"y":80,"z":0},"rotation":{"x":0,"y":0,"z":1.5707963267948966},"scale":{"x":"512","y":16,"z":16}},{"class":"cube","position":{"x":112,"y":112,"z":0},"rotation":{"x":0,"y":0,"z":0},"scale":{"x":16,"y":16,"z":16},"isStatic":false,"friction":0},{"class":"cube","position":{"x":712,"y":584,"z":0},"rotation":{"x":0,"y":0,"z":0},"scale":{"x":"80","y":"80","z":16}},{"class":"cube","position":{"x":1056,"y":584,"z":0},"rotation":{"x":0,"y":0,"z":0},"scale":{"x":"80","y":"80","z":16}},{"class":"cube","position":{"x":1056,"y":320,"z":0},"rotation":{"x":0,"y":0,"z":0},"scale":{"x":"80","y":"80","z":16}},{"class":"cube","position":{"x":1320,"y":160,"z":0},"rotation":{"x":0,"y":0,"z":0},"scale":{"x":"80","y":"80","z":16}},{"class":"cube","position":{"x":392,"y":160,"z":0},"rotation":{"x":0,"y":0,"z":0},"scale":{"x":"80","y":"80","z":16}},{"class":"cube","position":{"x":608,"y":168,"z":0},"rotation":{"x":0,"y":0,"z":0},"scale":{"x":"80","y":"80","z":16}},{"class":"bounce","position":{"x":1392,"y":-104,"z":0},"rotation":{"x":0,"y":0,"z":1.5707963267948966},"scale":{"x":"80","y":"16","z":16}},{"class":"bounce","position":{"x":1048,"y":-160,"z":0},"rotation":{"x":0,"y":0,"z":1.5707963267948966},"scale":{"x":"80","y":"16","z":16}},{"class":"bounce","position":{"x":1224,"y":120,"z":0},"rotation":{"x":0,"y":0,"z":1.5707963267948966},"scale":{"x":"80","y":"16","z":16}},{"class":"cube","position":{"x":840,"y":160,"z":0},"rotation":{"x":0,"y":0,"z":0},"scale":{"x":"80","y":"80","z":16}},{"class":"cube","position":{"x":1064,"y":160,"z":0},"rotation":{"x":0,"y":0,"z":0},"scale":{"x":"80","y":"80","z":16}},{"class":"cube","position":{"x":1568,"y":160,"z":0},"rotation":{"x":0,"y":0,"z":0},"scale":{"x":"80","y":"80","z":16}},{"class":"finish","position":{"x":184,"y":112,"z":0},"rotation":{"x":0,"y":0,"z":0},"scale":{"x":"80","y":"32","z":16}},{"class":"gravity","position":{"x":208,"y":72,"z":0},"rotation":{"x":0,"y":0,"z":0},"scale":{"x":16,"y":"48","z":16}},{"class":"cube","position":{"x":1408,"y":360,"z":0},"rotation":{"x":0,"y":0,"z":0},"scale":{"x":"80","y":"80","z":16}},{"class":"finish","position":{"x":880,"y":664,"z":0},"rotation":{"x":0,"y":0,"z":0},"scale":{"x":"272","y":"80","z":16}},{"class":"gravity","position":{"x":1760,"y":152,"z":0},"rotation":{"x":0,"y":0,"z":3.141592653589793},"scale":{"x":"304","y":"16","z":16}},{"class":"bounce","position":{"x":760,"y":-56,"z":0},"rotation":{"x":0,"y":0,"z":1.5707963267948966},"scale":{"x":"80","y":"16","z":16}},{"class":"cube","position":{"x":1184,"y":-480,"z":0},"rotation":{"x":0,"y":0,"z":0},"scale":{"x":"512","y":16,"z":16}},{"class":"cube","position":{"x":936,"y":-464,"z":0},"rotation":{"x":0,"y":0,"z":0},"scale":{"x":16,"y":16,"z":16}},{"class":"cube","position":{"x":1432,"y":-464,"z":0},"rotation":{"x":0,"y":0,"z":0},"scale":{"x":16,"y":16,"z":16}},{"class":"spike","position":{"x":1400,"y":-456,"z":0},"rotation":{"x":0,"y":0,"z":0},"scale":{"x":16,"y":16,"z":16},"isStatic":false,"friction":0},{"class":"spike","position":{"x":1352,"y":-456,"z":0},"rotation":{"x":0,"y":0,"z":0},"scale":{"x":16,"y":16,"z":16},"isStatic":false,"friction":0},{"class":"spike","position":{"x":1376,"y":-456,"z":0},"rotation":{"x":0,"y":0,"z":0},"scale":{"x":16,"y":16,"z":16},"isStatic":false,"friction":0},{"class":"spike","position":{"x":1320,"y":-456,"z":0},"rotation":{"x":0,"y":0,"z":0},"scale":{"x":16,"y":16,"z":16},"isStatic":false,"friction":0},{"class":"spike","position":{"x":1280,"y":-456,"z":0},"rotation":{"x":0,"y":0,"z":0},"scale":{"x":16,"y":16,"z":16},"isStatic":false,"friction":0},{"class":"spike","position":{"x":1248,"y":-456,"z":0},"rotation":{"x":0,"y":0,"z":0},"scale":{"x":16,"y":16,"z":16},"isStatic":false,"friction":0},{"class":"spike","position":{"x":1208,"y":-456,"z":0},"rotation":{"x":0,"y":0,"z":0},"scale":{"x":16,"y":16,"z":16},"isStatic":false,"friction":0},{"class":"spike","position":{"x":1168,"y":-456,"z":0},"rotation":{"x":0,"y":0,"z":0},"scale":{"x":16,"y":16,"z":16},"isStatic":false,"friction":0},{"class":"spike","position":{"x":1144,"y":-456,"z":0},"rotation":{"x":0,"y":0,"z":0},"scale":{"x":16,"y":16,"z":16},"isStatic":false,"friction":0},{"class":"spike","position":{"x":1104,"y":-456,"z":0},"rotation":{"x":0,"y":0,"z":0},"scale":{"x":16,"y":16,"z":16},"isStatic":false,"friction":0},{"class":"spike","position":{"x":1064,"y":-456,"z":0},"rotation":{"x":0,"y":0,"z":0},"scale":{"x":16,"y":16,"z":16},"isStatic":false,"friction":0},{"class":"spike","position":{"x":1016,"y":-456,"z":0},"rotation":{"x":0,"y":0,"z":0},"scale":{"x":16,"y":16,"z":16},"isStatic":false,"friction":0},{"class":"spike","position":{"x":984,"y":-456,"z":0},"rotation":{"x":0,"y":0,"z":0},"scale":{"x":16,"y":16,"z":16},"isStatic":false,"friction":0},{"class":"spike","position":{"x":960,"y":-456,"z":0},"rotation":{"x":0,"y":0,"z":0},"scale":{"x":16,"y":16,"z":16},"isStatic":false,"friction":0},{"class":"tip","position":{"x":80,"y":152,"z":0},"rotation":{"x":0,"y":0,"z":0},"scale":{"x":16,"y":16,"z":16},"text":"Made by @reku_nights <- Insta"},{"class":"cube","position":{"x":8,"y":168,"z":0},"rotation":{"x":0,"y":0,"z":0},"scale":{"x":16,"y":16,"z":16}},{"class":"cube","position":{"x":-8,"y":184,"z":0},"rotation":{"x":0,"y":0,"z":0},"scale":{"x":16,"y":16,"z":16}},{"class":"cube","position":{"x":-24,"y":168,"z":0},"rotation":{"x":0,"y":0,"z":0},"scale":{"x":16,"y":16,"z":16}},{"class":"cube","position":{"x":-40,"y":152,"z":0},"rotation":{"x":0,"y":0,"z":0},"scale":{"x":16,"y":16,"z":16}},{"class":"cube","position":{"x":-40,"y":136,"z":0},"rotation":{"x":0,"y":0,"z":0},"scale":{"x":16,"y":16,"z":16}},{"class":"cube","position":{"x":-88,"y":96,"z":0},"rotation":{"x":0,"y":0,"z":0},"scale":{"x":"128","y":"96","z":16}},{"class":"cube","position":{"x":-24,"y":104,"z":0},"rotation":{"x":0,"y":0,"z":0},"scale":{"x":16,"y":"128","z":16}},{"class":"cube","position":{"x":-88,"y":48,"z":0},"rotation":{"x":0,"y":0,"z":0},"scale":{"x":"128","y":16,"z":16}},{"class":"cube","position":{"x":-160,"y":152,"z":0},"rotation":{"x":0,"y":0,"z":0},"scale":{"x":16,"y":16,"z":16}},{"class":"cube","position":{"x":-176,"y":168,"z":0},"rotation":{"x":0,"y":0,"z":0},"scale":{"x":16,"y":16,"z":16}},{"class":"cube","position":{"x":-208,"y":168,"z":0},"rotation":{"x":0,"y":0,"z":0},"scale":{"x":16,"y":16,"z":16}},{"class":"cube","position":{"x":-192,"y":168,"z":0},"rotation":{"x":0,"y":0,"z":0},"scale":{"x":16,"y":16,"z":16}},{"class":"cube","position":{"x":-224,"y":168,"z":0},"rotation":{"x":0,"y":0,"z":0},"scale":{"x":16,"y":16,"z":16}},{"class":"cube","position":{"x":-240,"y":168,"z":0},"rotation":{"x":0,"y":0,"z":0},"scale":{"x":16,"y":16,"z":16}},{"class":"cube","position":{"x":-256,"y":152,"z":0},"rotation":{"x":0,"y":0,"z":0},"scale":{"x":16,"y":16,"z":16}},{"class":"cube","position":{"x":-240,"y":136,"z":0},"rotation":{"x":0,"y":0,"z":0},"scale":{"x":16,"y":16,"z":16}},{"class":"cube","position":{"x":-224,"y":120,"z":0},"rotation":{"x":0,"y":0,"z":0},"scale":{"x":16,"y":16,"z":16}},{"class":"cube","position":{"x":-208,"y":104,"z":0},"rotation":{"x":0,"y":0,"z":0},"scale":{"x":16,"y":16,"z":16}},{"class":"cube","position":{"x":-160,"y":24,"z":0},"rotation":{"x":0,"y":0,"z":0},"scale":{"x":16,"y":16,"z":16}},{"class":"cube","position":{"x":-176,"y":8,"z":0},"rotation":{"x":0,"y":0,"z":0},"scale":{"x":16,"y":16,"z":16}},{"class":"cube","position":{"x":-192,"y":8,"z":0},"rotation":{"x":0,"y":0,"z":0},"scale":{"x":16,"y":16,"z":16}},{"class":"cube","position":{"x":-208,"y":8,"z":0},"rotation":{"x":0,"y":0,"z":0},"scale":{"x":16,"y":16,"z":16}},{"class":"cube","position":{"x":-224,"y":8,"z":0},"rotation":{"x":0,"y":0,"z":0},"scale":{"x":16,"y":16,"z":16}},{"class":"cube","position":{"x":-240,"y":8,"z":0},"rotation":{"x":0,"y":0,"z":0},"scale":{"x":16,"y":16,"z":16}},{"class":"cube","position":{"x":-256,"y":24,"z":0},"rotation":{"x":0,"y":0,"z":0},"scale":{"x":16,"y":16,"z":16}},{"class":"cube","position":{"x":-240,"y":40,"z":0},"rotation":{"x":0,"y":0,"z":0},"scale":{"x":16,"y":16,"z":16}},{"class":"cube","position":{"x":-224,"y":56,"z":0},"rotation":{"x":0,"y":0,"z":0},"scale":{"x":16,"y":16,"z":16}},{"class":"cube","position":{"x":-208,"y":72,"z":0},"rotation":{"x":0,"y":0,"z":0},"scale":{"x":16,"y":16,"z":16}},{"class":"cube","position":{"x":-192,"y":88,"z":0},"rotation":{"x":0,"y":0,"z":0},"scale":{"x":16,"y":16,"z":16}},{"class":"cube","position":{"x":-256,"y":168,"z":0},"rotation":{"x":0,"y":0,"z":0},"scale":{"x":16,"y":16,"z":16}},{"class":"cube","position":{"x":-272,"y":168,"z":0},"rotation":{"x":0,"y":0,"z":0},"scale":{"x":16,"y":16,"z":16}},{"class":"cube","position":{"x":-256,"y":8,"z":0},"rotation":{"x":0,"y":0,"z":0},"scale":{"x":16,"y":16,"z":16}},{"class":"cube","position":{"x":-272,"y":8,"z":0},"rotation":{"x":0,"y":0,"z":0},"scale":{"x":16,"y":16,"z":16}},{"class":"cube","position":{"x":-240,"y":56,"z":0},"rotation":{"x":0,"y":0,"z":0},"scale":{"x":16,"y":16,"z":16}},{"class":"cube","position":{"x":-240,"y":120,"z":0},"rotation":{"x":0,"y":0,"z":0},"scale":{"x":16,"y":16,"z":16}},{"class":"spike","position":{"x":-208,"y":136,"z":0},"rotation":{"x":0,"y":0,"z":0},"scale":{"x":16,"y":16,"z":16}},{"class":"spike","position":{"x":-168,"y":120,"z":0},"rotation":{"x":0,"y":0,"z":0},"scale":{"x":16,"y":16,"z":16}},{"class":"spike","position":{"x":-176,"y":64,"z":0},"rotation":{"x":0,"y":0,"z":0},"scale":{"x":16,"y":16,"z":16}},{"class":"spike","position":{"x":-208,"y":32,"z":0},"rotation":{"x":0,"y":0,"z":0},"scale":{"x":16,"y":16,"z":16}},{"class":"tip","position":{"x":-8,"y":128,"z":0},"rotation":{"x":0,"y":0,"z":0},"scale":{"x":16,"y":16,"z":16},"text":"Shark!!"}]}