{"name":"Kllixto","children":[{"class":"player","position":{"x":-16,"y":0,"z":0},"rotation":{"x":0,"y":0,"z":-4.780117658574515},"scale":{"x":16,"y":16,"z":16},"isStatic":false,"friction":0},{"class":"cube","position":{"x":120,"y":-64,"z":0},"rotation":{"x":0,"y":0,"z":0},"scale":{"x":16,"y":16,"z":16}},{"class":"cube","position":{"x":256,"y":-64,"z":0},"rotation":{"x":0,"y":0,"z":0},"scale":{"x":16,"y":16,"z":16}},{"class":"gravity","position":{"x":328,"y":-112,"z":0},"rotation":{"x":0,"y":0,"z":3.141592653589793},"scale":{"x":16,"y":16,"z":16}},{"class":"direction","position":{"x":0,"y":-64,"z":0},"rotation":{"x":0,"y":0,"z":0},"scale":{"x":64,"y":16,"z":16}},{"class":"cube","position":{"x":-16,"y":120,"z":0},"rotation":{"x":0,"y":0,"z":0},"scale":{"x":920,"y":16,"z":16}},{"class":"spike","position":{"x":144,"y":80,"z":0},"rotation":{"x":0,"y":0,"z":0},"scale":{"x":16,"y":8,"z":16}},{"class":"spike","position":{"x":-88,"y":80,"z":0},"rotation":{"x":0,"y":0,"z":0},"scale":{"x":16,"y":8,"z":16}},{"class":"spike","position":{"x":264,"y":112,"z":0},"rotation":{"x":0,"y":0,"z":-3.141592653589793},"scale":{"x":16,"y":8,"z":16}},{"class":"spike","position":{"x":80,"y":112,"z":0},"rotation":{"x":0,"y":0,"z":-3.141592653589793},"scale":{"x":16,"y":8,"z":16}},{"class":"spike","position":{"x":-376,"y":80,"z":0},"rotation":{"x":0,"y":0,"z":0},"scale":{"x":16,"y":8,"z":16}},{"class":"spike","position":{"x":-360,"y":80,"z":0},"rotation":{"x":0,"y":0,"z":0},"scale":{"x":16,"y":8,"z":16}},{"class":"spike","position":{"x":-192,"y":80,"z":0},"rotation":{"x":0,"y":0,"z":0},"scale":{"x":16,"y":8,"z":16}},{"class":"spike","position":{"x":-432,"y":80,"z":0},"rotation":{"x":0,"y":0,"z":0},"scale":{"x":16,"y":8,"z":16}},{"class":"spike","position":{"x":-392,"y":80,"z":0},"rotation":{"x":0,"y":0,"z":0},"scale":{"x":16,"y":8,"z":16}},{"class":"spike","position":{"x":-416,"y":80,"z":0},"rotation":{"x":0,"y":0,"z":0},"scale":{"x":16,"y":8,"z":16}},{"class":"spike","position":{"x":-400,"y":80,"z":0},"rotation":{"x":0,"y":0,"z":0},"scale":{"x":16,"y":8,"z":16}},{"class":"spike","position":{"x":-464,"y":112,"z":0},"rotation":{"x":0,"y":0,"z":-3.141592653589793},"scale":{"x":16,"y":8,"z":16}},{"class":"gravity","position":{"x":288,"y":80,"z":0},"rotation":{"x":0,"y":0,"z":0},"scale":{"x":72,"y":16,"z":16}},{"class":"gravity","position":{"x":80,"y":80,"z":0},"rotation":{"x":0,"y":0,"z":0},"scale":{"x":40,"y":16,"z":16}},{"class":"gravity","position":{"x":-248,"y":80,"z":0},"rotation":{"x":0,"y":0,"z":0},"scale":{"x":24,"y":16,"z":16}},{"class":"gravity","position":{"x":-392,"y":80,"z":0},"rotation":{"x":0,"y":0,"z":0},"scale":{"x":16,"y":16,"z":16}},{"class":"gravity","position":{"x":-464,"y":80,"z":0},"rotation":{"x":0,"y":0,"z":0},"scale":{"x":32,"y":16,"z":16}},{"class":"gravity","position":{"x":184,"y":112,"z":0},"rotation":{"x":0,"y":0,"z":3.141592653589793},"scale":{"x":56,"y":16,"z":16}},{"class":"gravity","position":{"x":-72,"y":112,"z":0},"rotation":{"x":0,"y":0,"z":3.141592653589793},"scale":{"x":48,"y":16,"z":16}},{"class":"gravity","position":{"x":-184,"y":112,"z":0},"rotation":{"x":0,"y":0,"z":3.141592653589793},"scale":{"x":40,"y":16,"z":16}},{"class":"gravity","position":{"x":-424,"y":112,"z":0},"rotation":{"x":0,"y":0,"z":3.1415926535897927},"scale":{"x":24,"y":16,"z":16}},{"class":"gravity","position":{"x":-336,"y":112,"z":0},"rotation":{"x":0,"y":0,"z":3.1415926535897927},"scale":{"x":24,"y":16,"z":16}},{"class":"direction","position":{"x":360,"y":104,"z":0},"rotation":{"x":0,"y":0,"z":3.141592653589793},"scale":{"x":16,"y":16,"z":16}},{"class":"cube","position":{"x":376,"y":-352,"z":0},"rotation":{"x":0,"y":0,"z":0},"scale":{"x":16,"y":936,"z":16}},{"class":"spike","position":{"x":-128,"y":112,"z":0},"rotation":{"x":0,"y":0,"z":-3.141592653589793},"scale":{"x":16,"y":8,"z":16}},{"class":"gravity","position":{"x":-128,"y":80,"z":0},"rotation":{"x":0,"y":0,"z":0},"scale":{"x":56,"y":16,"z":16}},{"class":"spike","position":{"x":-264,"y":112,"z":0},"rotation":{"x":0,"y":0,"z":-3.141592653589793},"scale":{"x":16,"y":8,"z":16}},{"class":"checkpoint","position":{"x":360,"y":88,"z":0},"rotation":{"x":0,"y":0,"z":0},"scale":{"x":16,"y":16,"z":16}},{"class":"gravity","position":{"x":360,"y":88,"z":0},"rotation":{"x":0,"y":0,"z":3.141592653589793},"scale":{"x":16,"y":16,"z":16}},{"class":"direction","position":{"x":-584,"y":352,"z":0},"rotation":{"x":0,"y":0,"z":0},"scale":{"x":16,"y":16,"z":16}},{"class":"cube","position":{"x":-328,"y":240,"z":0},"rotation":{"x":0,"y":0,"z":0},"scale":{"x":16,"y":56,"z":16}},{"class":"cube","position":{"x":-280,"y":240,"z":0},"rotation":{"x":0,"y":0,"z":0},"scale":{"x":16,"y":56,"z":16}},{"class":"cube","position":{"x":-312,"y":264,"z":0},"rotation":{"x":0,"y":0,"z":0},"scale":{"x":32,"y":8,"z":16}},{"class":"cube","position":{"x":-312,"y":216,"z":0},"rotation":{"x":0,"y":0,"z":0},"scale":{"x":32,"y":8,"z":16}},{"class":"cube","position":{"x":-304,"y":232,"z":0},"rotation":{"x":0,"y":0,"z":0},"scale":{"x":16,"y":24,"z":16}},{"class":"cube","position":{"x":-256,"y":232,"z":0},"rotation":{"x":0,"y":0,"z":0},"scale":{"x":16,"y":24,"z":16}},{"class":"cube","position":{"x":-264,"y":216,"z":0},"rotation":{"x":0,"y":0,"z":0},"scale":{"x":32,"y":8,"z":16}},{"class":"cube","position":{"x":-264,"y":264,"z":0},"rotation":{"x":0,"y":0,"z":0},"scale":{"x":32,"y":8,"z":16}},{"class":"direction","position":{"x":-296,"y":264,"z":0},"rotation":{"x":0,"y":0,"z":0},"scale":{"x":16,"y":8,"z":16}},{"class":"direction","position":{"x":-296,"y":216,"z":0},"rotation":{"x":0,"y":0,"z":0},"scale":{"x":16,"y":8,"z":16}},{"class":"cube","position":{"x":-136,"y":72,"z":0},"rotation":{"x":0,"y":0,"z":0},"scale":{"x":920,"y":16,"z":16}},{"class":"gravity","position":{"x":-584,"y":80,"z":0},"rotation":{"x":0,"y":0,"z":-3.141592653589793},"scale":{"x":16,"y":16,"z":16}},{"class":"cube","position":{"x":-600,"y":216,"z":0},"rotation":{"x":0,"y":0,"z":0},"scale":{"x":16,"y":304,"z":16}},{"class":"cube","position":{"x":-312,"y":368,"z":0},"rotation":{"x":0,"y":0,"z":0},"scale":{"x":576,"y":16,"z":16}},{"class":"gravity","position":{"x":-384,"y":352,"z":0},"rotation":{"x":0,"y":0,"z":0},"scale":{"x":16,"y":16,"z":16}},{"class":"spike","position":{"x":-256,"y":272,"z":0},"rotation":{"x":0,"y":0,"z":0},"scale":{"x":16,"y":16,"z":16}},{"class":"spike","position":{"x":-264,"y":272,"z":0},"rotation":{"x":0,"y":0,"z":0},"scale":{"x":16,"y":16,"z":16}},{"class":"cube","position":{"x":-336,"y":176,"z":0},"rotation":{"x":0,"y":0,"z":0},"scale":{"x":8,"y":40,"z":16}},{"class":"cube","position":{"x":-296,"y":176,"z":0},"rotation":{"x":0,"y":0,"z":0},"scale":{"x":8,"y":40,"z":16}},{"class":"cube","position":{"x":-264,"y":176,"z":0},"rotation":{"x":0,"y":0,"z":0},"scale":{"x":8,"y":40,"z":16}},{"class":"cube","position":{"x":-232,"y":168,"z":0},"rotation":{"x":0,"y":0,"z":0},"scale":{"x":8,"y":24,"z":16}},{"class":"cube","position":{"x":-320,"y":184,"z":0},"rotation":{"x":0,"y":0,"z":0.7853981633974484},"scale":{"x":32,"y":8,"z":16}},{"class":"cube","position":{"x":-320,"y":168,"z":0},"rotation":{"x":0,"y":0,"z":-0.7853981633974483},"scale":{"x":32,"y":8,"z":16}},{"class":"cube","position":{"x":-288,"y":160,"z":0},"rotation":{"x":0,"y":0,"z":0},"scale":{"x":16,"y":8,"z":16}},{"class":"cube","position":{"x":-256,"y":160,"z":0},"rotation":{"x":0,"y":0,"z":0},"scale":{"x":16,"y":8,"z":16}},{"class":"cube","position":{"x":-200,"y":176,"z":0},"rotation":{"x":0,"y":0,"z":0.7853981633974482},"scale":{"x":48,"y":8,"z":16}},{"class":"cube","position":{"x":-200,"y":176,"z":0},"rotation":{"x":0,"y":0,"z":2.0943951023931957},"scale":{"x":48,"y":8,"z":16}},{"class":"tip","position":{"x":-208,"y":320,"z":0},"rotation":{"x":0,"y":0,"z":0},"scale":{"x":152,"y":16,"z":16},"text":"This was Something -UNNERFED. TY for playing!! ~Kllixto"},{"class":"finish","position":{"x":-80,"y":248,"z":0},"rotation":{"x":0,"y":0,"z":0},"scale":{"x":16,"y":248,"z":16}},{"class":"grapple","position":{"x":-232,"y":192,"z":0},"rotation":{"x":0,"y":0,"z":0.7853981633974482},"scale":{"x":8,"y":8,"z":16},"text":"Do not touch the spikes!"}]}