{"name":"Metal Machine 2","children":[{"class":"player","position":{"x":16,"y":-16,"z":0},"rotation":{"x":0,"y":0,"z":3.141592653589793},"scale":{"x":16,"y":16,"z":16},"isStatic":false,"friction":0},{"class":"direction","position":{"x":0,"y":-32,"z":0},"rotation":{"x":0,"y":0,"z":0},"scale":{"x":"64","y":16,"z":16}},{"class":"bounce","position":{"x":305,"y":-322,"z":0},"rotation":{"x":0,"y":0,"z":0},"scale":{"x":"80","y":16,"z":16}},{"class":"bounce","position":{"x":990,"y":-172,"z":0},"rotation":{"x":0,"y":0,"z":0.7853981633974483},"scale":{"x":"176","y":"16","z":16}},{"class":"bounce","position":{"x":417,"y":-249,"z":0},"rotation":{"x":0,"y":0,"z":0},"scale":{"x":"48","y":16,"z":16}},{"class":"bounce","position":{"x":600,"y":-217,"z":0},"rotation":{"x":0,"y":0,"z":0},"scale":{"x":"48","y":16,"z":16}},{"class":"bounce","position":{"x":798,"y":-186,"z":0},"rotation":{"x":0,"y":0,"z":0},"scale":{"x":"48","y":16,"z":16}},{"class":"cube","position":{"x":950,"y":-310,"z":0},"rotation":{"x":0,"y":0,"z":0},"scale":{"x":"288","y":16,"z":16}},{"class":"cube","position":{"x":950,"y":-310,"z":0},"rotation":{"x":0,"y":0,"z":0},"scale":{"x":"288","y":16,"z":16}},{"class":"bounce","position":{"x":1113,"y":-311,"z":0},"rotation":{"x":0,"y":0,"z":0},"scale":{"x":16,"y":16,"z":16}},{"class":"checkpoint","position":{"x":1112,"y":-294,"z":0},"rotation":{"x":0,"y":0,"z":0},"scale":{"x":16,"y":16,"z":16}},{"class":"spike","position":{"x":1142,"y":-272,"z":0},"rotation":{"x":0,"y":0,"z":1.5707963267948966},"scale":{"x":"80","y":"16","z":16}},{"class":"cube","position":{"x":767,"y":143,"z":0},"rotation":{"x":0,"y":0,"z":0},"scale":{"x":"16","y":"512","z":16}},{"class":"spike","position":{"x":742,"y":8347,"z":0},"rotation":{"x":0,"y":0,"z":-1.5707963267948966},"scale":{"x":"320","y":"16","z":16},"isStatic":false,"friction":0},{"class":"cube","position":{"x":720,"y":8248,"z":0},"rotation":{"x":0,"y":0,"z":0},"scale":{"x":"16","y":"512","z":16}},{"class":"cube","position":{"x":715,"y":143,"z":0},"rotation":{"x":0,"y":0,"z":0},"scale":{"x":"16","y":"512","z":16}},{"class":"cube","position":{"x":714,"y":655,"z":0},"rotation":{"x":0,"y":0,"z":0},"scale":{"x":"16","y":"512","z":16}},{"class":"cube","position":{"x":713,"y":1169,"z":0},"rotation":{"x":0,"y":0,"z":0},"scale":{"x":"16","y":"512","z":16}},{"class":"cube","position":{"x":713,"y":1676,"z":0},"rotation":{"x":0,"y":0,"z":0},"scale":{"x":"16","y":"512","z":16}},{"class":"cube","position":{"x":713,"y":2187,"z":0},"rotation":{"x":0,"y":0,"z":0},"scale":{"x":"16","y":"512","z":16}},{"class":"cube","position":{"x":713,"y":2689,"z":0},"rotation":{"x":0,"y":0,"z":0},"scale":{"x":"16","y":"512","z":16}},{"class":"cube","position":{"x":713,"y":3200,"z":0},"rotation":{"x":0,"y":0,"z":0},"scale":{"x":"16","y":"512","z":16}},{"class":"cube","position":{"x":713,"y":3706,"z":0},"rotation":{"x":0,"y":0,"z":0},"scale":{"x":"16","y":"512","z":16}},{"class":"cube","position":{"x":713,"y":4210,"z":0},"rotation":{"x":0,"y":0,"z":0},"scale":{"x":"16","y":"512","z":16}},{"class":"cube","position":{"x":713,"y":4721,"z":0},"rotation":{"x":0,"y":0,"z":0},"scale":{"x":"16","y":"512","z":16}},{"class":"cube","position":{"x":713,"y":5237,"z":0},"rotation":{"x":0,"y":0,"z":0},"scale":{"x":"16","y":"512","z":16}},{"class":"cube","position":{"x":713,"y":5748,"z":0},"rotation":{"x":0,"y":0,"z":0},"scale":{"x":"16","y":"512","z":16}},{"class":"cube","position":{"x":714,"y":6251,"z":0},"rotation":{"x":0,"y":0,"z":0},"scale":{"x":"16","y":"512","z":16}},{"class":"cube","position":{"x":715,"y":6759,"z":0},"rotation":{"x":0,"y":0,"z":0},"scale":{"x":"16","y":"512","z":16}},{"class":"cube","position":{"x":715,"y":7252,"z":0},"rotation":{"x":0,"y":0,"z":0},"scale":{"x":"16","y":"512","z":16}},{"class":"cube","position":{"x":720,"y":7754,"z":0},"rotation":{"x":0,"y":0,"z":0},"scale":{"x":"16","y":"512","z":16}},{"class":"bounce","position":{"x":1100,"y":-106,"z":0},"rotation":{"x":0,"y":0,"z":-2.356194490192345},"scale":{"x":"64","y":16,"z":16}},{"class":"spike","position":{"x":737,"y":-214,"z":0},"rotation":{"x":0,"y":0,"z":0},"scale":{"x":"128","y":16,"z":16}},{"class":"spike","position":{"x":1340,"y":-312,"z":0},"rotation":{"x":0,"y":0,"z":0},"scale":{"x":"368","y":16,"z":16}},{"class":"cube","position":{"x":1766,"y":-428,"z":0},"rotation":{"x":0,"y":0,"z":0},"scale":{"x":"144","y":16,"z":16}},{"class":"cube","position":{"x":2244,"y":-447,"z":0},"rotation":{"x":0,"y":0,"z":0},"scale":{"x":"144","y":16,"z":16}},{"class":"cube","position":{"x":3235,"y":-510,"z":0},"rotation":{"x":0,"y":0,"z":0},"scale":{"x":"208","y":16,"z":16}},{"class":"cube","position":{"x":2681,"y":-467,"z":0},"rotation":{"x":0,"y":0,"z":0},"scale":{"x":"48","y":16,"z":16}},{"class":"cube","position":{"x":3403,"y":-443,"z":0},"rotation":{"x":0,"y":0,"z":0.2617993877991494},"scale":{"x":16,"y":"160","z":16}},{"class":"cube","position":{"x":3378,"y":-574,"z":0},"rotation":{"x":0,"y":0,"z":-0.2617993877991494},"scale":{"x":"128","y":16,"z":16}},{"class":"spike","position":{"x":791,"y":-272,"z":0},"rotation":{"x":0,"y":0,"z":-1.5707963267948966},"scale":{"x":"96","y":16,"z":16}},{"class":"cube","position":{"x":3627,"y":-692,"z":0},"rotation":{"x":0,"y":0,"z":0},"scale":{"x":"128","y":16,"z":16}},{"class":"cube","position":{"x":3480,"y":-615,"z":0},"rotation":{"x":0,"y":0,"z":-1.3089969389957472},"scale":{"x":"32","y":16,"z":16}},{"class":"cube","position":{"x":3465,"y":-672,"z":0},"rotation":{"x":0,"y":0,"z":0},"scale":{"x":16,"y":16,"z":16},"isStatic":false,"friction":0,"text":"Do not touch the spikes!"},{"class":"cube","position":{"x":3491,"y":-643,"z":0},"rotation":{"x":0,"y":0,"z":-1.0471975511965976},"scale":{"x":"32","y":16,"z":16}},{"class":"cube","position":{"x":3507,"y":-663,"z":0},"rotation":{"x":0,"y":0,"z":-0.7853981633974483},"scale":{"x":"32","y":16,"z":16}},{"class":"cube","position":{"x":3530,"y":-680,"z":0},"rotation":{"x":0,"y":0,"z":-0.5235987755982988},"scale":{"x":"32","y":16,"z":16}},{"class":"cube","position":{"x":3554,"y":-689,"z":0},"rotation":{"x":0,"y":0,"z":-0.2617993877991494},"scale":{"x":"32","y":16,"z":16}},{"class":"cube","position":{"x":3501,"y":-550,"z":0},"rotation":{"x":0,"y":0,"z":-1.3089969389957472},"scale":{"x":"112","y":"16","z":16}},{"class":"bounce","position":{"x":3957,"y":-672,"z":0},"rotation":{"x":0,"y":0,"z":0},"scale":{"x":"80","y":16,"z":16}},{"class":"bounce","position":{"x":4641,"y":-595,"z":0},"rotation":{"x":0,"y":0,"z":0},"scale":{"x":"112","y":16,"z":16}},{"class":"bounce","position":{"x":4171,"y":-652,"z":0},"rotation":{"x":0,"y":0,"z":0},"scale":{"x":"112","y":16,"z":16}},{"class":"bounce","position":{"x":4401,"y":-629,"z":0},"rotation":{"x":0,"y":0,"z":0},"scale":{"x":"112","y":16,"z":16}},{"class":"gravity","position":{"x":5198,"y":-732,"z":0},"rotation":{"x":0,"y":0,"z":3.141592653589793},"scale":{"x":"80","y":16,"z":16}},{"class":"cube","position":{"x":5200,"y":-752,"z":0},"rotation":{"x":0,"y":0,"z":3.141592653589793},"scale":{"x":"80","y":16,"z":16}},{"class":"cube","position":{"x":5181,"y":-750,"z":0},"rotation":{"x":0,"y":0,"z":0},"scale":{"x":16,"y":16,"z":16}},{"class":"gravity","position":{"x":5878,"y":240,"z":0},"rotation":{"x":0,"y":0,"z":0},"scale":{"x":"80","y":16,"z":16}},{"class":"cube","position":{"x":6386,"y":1305,"z":0},"rotation":{"x":0,"y":0,"z":0},"scale":{"x":16,"y":"512","z":16}},{"class":"cube","position":{"x":6340,"y":998,"z":0},"rotation":{"x":0,"y":0,"z":-0.2617993877991494},"scale":{"x":"112","y":"16","z":16}},{"class":"bounce","position":{"x":6456,"y":928,"z":0},"rotation":{"x":0,"y":0,"z":0},"scale":{"x":16,"y":16,"z":16}},{"class":"cube","position":{"x":6719,"y":964,"z":0},"rotation":{"x":0,"y":0,"z":1.3089969389957472},"scale":{"x":"16","y":"160","z":16}},{"class":"bounce","position":{"x":6806,"y":943,"z":0},"rotation":{"x":0,"y":0,"z":0},"scale":{"x":16,"y":16,"z":16}},{"class":"bounce","position":{"x":7528,"y":632,"z":0},"rotation":{"x":0,"y":0,"z":0},"scale":{"x":"80","y":16,"z":16}},{"class":"finish","position":{"x":8280,"y":-40,"z":0},"rotation":{"x":0,"y":0,"z":0},"scale":{"x":"512","y":"512","z":16}},{"class":"tip","position":{"x":8016,"y":224,"z":0},"rotation":{"x":0,"y":0,"z":1.5707963267948966},"scale":{"x":"16","y":16,"z":16},"text":"Shout out to doppler for making this game <3"},{"class":"tip","position":{"x":8280,"y":240,"z":0},"rotation":{"x":0,"y":0,"z":0},"scale":{"x":"512","y":16,"z":16},"text":"Shout out to doppler for making this game <3"},{"class":"tip","position":{"x":8280,"y":-320,"z":0},"rotation":{"x":0,"y":0,"z":0},"scale":{"x":"512","y":16,"z":16},"text":"Shout out to doppler for making this game <3"},{"class":"tip","position":{"x":8000,"y":-40,"z":0},"rotation":{"x":0,"y":0,"z":1.5707963267948966},"scale":{"x":"512","y":16,"z":16},"text":"Shout out to doppler for making this game <3"},{"class":"tip","position":{"x":8560,"y":-40,"z":0},"rotation":{"x":0,"y":0,"z":1.5707963267948966},"scale":{"x":"512","y":16,"z":16},"text":"Shout out to doppler for making this game <3"},{"class":"tip","position":{"x":8544,"y":224,"z":0},"rotation":{"x":0,"y":0,"z":1.5707963267948966},"scale":{"x":"16","y":16,"z":16},"text":"Shout out to doppler for making this game <3"},{"class":"tip","position":{"x":8544,"y":-304,"z":0},"rotation":{"x":0,"y":0,"z":1.5707963267948966},"scale":{"x":"16","y":16,"z":16},"text":"Shout out to doppler for making this game <3"},{"class":"tip","position":{"x":8016,"y":-304,"z":0},"rotation":{"x":0,"y":0,"z":1.5707963267948966},"scale":{"x":"16","y":16,"z":16},"text":"Shout out to doppler for making this game <3"}]}