{"name":"Metal Machine","children":[{"class":"player","position":{"x":-53,"y":107,"z":0},"rotation":{"x":0,"y":0,"z":-0.1082705908604233},"scale":{"x":"16","y":"16","z":16},"isStatic":false,"friction":0},{"class":"cube","position":{"x":-48,"y":8,"z":0},"rotation":{"x":0,"y":0,"z":-0.7853981633974483},"scale":{"x":"32","y":16,"z":16}},{"class":"cube","position":{"x":-8,"y":-24,"z":0},"rotation":{"x":0,"y":0,"z":-0.2617993877991494},"scale":{"x":"32","y":16,"z":16}},{"class":"cube","position":{"x":-32,"y":-8,"z":0},"rotation":{"x":0,"y":0,"z":-0.5235987755982988},"scale":{"x":"32","y":16,"z":16}},{"class":"cube","position":{"x":-64,"y":32,"z":0},"rotation":{"x":0,"y":0,"z":-1.0471975511965976},"scale":{"x":"32","y":16,"z":16}},{"class":"cube","position":{"x":56,"y":-32,"z":0},"rotation":{"x":0,"y":0,"z":0},"scale":{"x":"96","y":16,"z":16}},{"class":"cube","position":{"x":-72,"y":88,"z":0},"rotation":{"x":0,"y":0,"z":-1.5707963267948966},"scale":{"x":"48","y":"16","z":16}},{"class":"bounce","position":{"x":408,"y":-64,"z":0},"rotation":{"x":0,"y":0,"z":0},"scale":{"x":"48","y":16,"z":16}},{"class":"resize","position":{"x":840,"y":-64,"z":0},"rotation":{"x":0,"y":0,"z":0},"scale":{"x":"16","y":"16","z":16}},{"class":"gravity","position":{"x":1272,"y":-528,"z":0},"rotation":{"x":0,"y":0,"z":3.141592653589793},"scale":{"x":"112","y":16,"z":16}},{"class":"cube","position":{"x":1584,"y":16,"z":0},"rotation":{"x":0,"y":0,"z":0.2617993877991494},"scale":{"x":"352","y":16,"z":16}},{"class":"cube","position":{"x":1264,"y":-544,"z":0},"rotation":{"x":0,"y":0,"z":0},"scale":{"x":"512","y":16,"z":16}},{"class":"cube","position":{"x":-72,"y":56,"z":0},"rotation":{"x":0,"y":0,"z":-1.3089969389957472},"scale":{"x":"32","y":16,"z":16}},{"class":"cube","position":{"x":1816,"y":120,"z":0},"rotation":{"x":0,"y":0,"z":0},"scale":{"x":16,"y":"512","z":16}},{"class":"cube","position":{"x":1760,"y":216,"z":0},"rotation":{"x":0,"y":0,"z":0},"scale":{"x":16,"y":"304","z":16}},{"class":"cube","position":{"x":1768,"y":-56,"z":0},"rotation":{"x":0,"y":0,"z":0},"scale":{"x":16,"y":"160","z":16}},{"class":"cube","position":{"x":1784,"y":376,"z":0},"rotation":{"x":0,"y":0,"z":0},"scale":{"x":"48","y":16,"z":16}},{"class":"cube","position":{"x":1848,"y":-200,"z":0},"rotation":{"x":0,"y":0,"z":-0.2617993877991494},"scale":{"x":"224","y":16,"z":16}},{"class":"gravity","position":{"x":1784,"y":360,"z":0},"rotation":{"x":0,"y":0,"z":0},"scale":{"x":"48","y":16,"z":16}},{"class":"bounce","position":{"x":1968,"y":-232,"z":0},"rotation":{"x":0,"y":0,"z":0},"scale":{"x":16,"y":16,"z":16}},{"class":"gravity","position":{"x":2848,"y":-784,"z":0},"rotation":{"x":0,"y":0,"z":3.141592653589793},"scale":{"x":"112","y":16,"z":16}},{"class":"cube","position":{"x":2848,"y":-800,"z":0},"rotation":{"x":0,"y":0,"z":0},"scale":{"x":"96","y":16,"z":16}},{"class":"gravity","position":{"x":3560,"y":400,"z":0},"rotation":{"x":0,"y":0,"z":0},"scale":{"x":"80","y":16,"z":16}},{"class":"cube","position":{"x":3560,"y":672,"z":0},"rotation":{"x":0,"y":0,"z":0},"scale":{"x":"96","y":"512","z":16}},{"class":"cube","position":{"x":4016,"y":296,"z":0},"rotation":{"x":0,"y":0,"z":0},"scale":{"x":"208","y":"48","z":16}},{"class":"cube","position":{"x":3606,"y":306,"z":0},"rotation":{"x":0,"y":0,"z":-0.2617993877991494},"scale":{"x":"80","y":"48","z":16}},{"class":"spike","position":{"x":3672,"y":296,"z":0},"rotation":{"x":0,"y":0,"z":0},"scale":{"x":"48","y":"48","z":16}},{"class":"cube","position":{"x":3776,"y":296,"z":0},"rotation":{"x":0,"y":0,"z":0},"scale":{"x":"160","y":"48","z":16}},{"class":"spike","position":{"x":3880,"y":296,"z":0},"rotation":{"x":0,"y":0,"z":0},"scale":{"x":"48","y":"48","z":16}},{"class":"cube","position":{"x":4208,"y":288,"z":0},"rotation":{"x":0,"y":0,"z":0},"scale":{"x":"48","y":16,"z":"8"}},{"class":"direction","position":{"x":4240,"y":288,"z":0},"rotation":{"x":0,"y":0,"z":0},"scale":{"x":16,"y":16,"z":"8"}},{"class":"cube","position":{"x":4256,"y":312,"z":0},"rotation":{"x":0,"y":0,"z":0},"scale":{"x":16,"y":"48","z":16}},{"class":"tip","position":{"x":-56,"y":136,"z":0},"rotation":{"x":0,"y":0,"z":0},"scale":{"x":16,"y":16,"z":16},"text":"If your read this: You messed up. "},{"class":"cube","position":{"x":4544,"y":288,"z":0},"rotation":{"x":0,"y":0,"z":0},"scale":{"x":"272","y":16,"z":16}},{"class":"cube","position":{"x":4336,"y":288,"z":0},"rotation":{"x":0,"y":0,"z":1.5707963267948966},"scale":{"x":"16","y":"144","z":16}},{"class":"spike","position":{"x":4408,"y":304,"z":0},"rotation":{"x":0,"y":0,"z":0},"scale":{"x":"16","y":16,"z":16}},{"class":"spike","position":{"x":4496,"y":304,"z":0},"rotation":{"x":0,"y":0,"z":0},"scale":{"x":"16","y":16,"z":16}},{"class":"spike","position":{"x":4576,"y":304,"z":0},"rotation":{"x":0,"y":0,"z":0},"scale":{"x":"16","y":16,"z":16}},{"class":"cube","position":{"x":4504,"y":368,"z":0},"rotation":{"x":0,"y":0,"z":0},"scale":{"x":"320","y":16,"z":16}},{"class":"grapple","position":{"x":4688,"y":280,"z":0},"rotation":{"x":0,"y":0,"z":0},"scale":{"x":16,"y":16,"z":16}},{"class":"cube","position":{"x":5080,"y":448,"z":0},"rotation":{"x":0,"y":0,"z":0},"scale":{"x":"64","y":"16","z":16}},{"class":"cube","position":{"x":4760,"y":448,"z":0},"rotation":{"x":0,"y":0,"z":0},"scale":{"x":"64","y":"16","z":16}},{"class":"cube","position":{"x":4912,"y":448,"z":0},"rotation":{"x":0,"y":0,"z":0},"scale":{"x":"64","y":"16","z":16}},{"class":"checkpoint","position":{"x":5224,"y":312,"z":0},"rotation":{"x":0,"y":0,"z":0},"scale":{"x":16,"y":16,"z":16}},{"class":"bounce","position":{"x":5224,"y":296,"z":0},"rotation":{"x":0,"y":0,"z":0},"scale":{"x":16,"y":16,"z":16}},{"class":"cube","position":{"x":4712,"y":296,"z":0},"rotation":{"x":0,"y":0,"z":0},"scale":{"x":16,"y":16,"z":16}},{"class":"cube","position":{"x":3480,"y":408,"z":0},"rotation":{"x":0,"y":0,"z":0.2617993877991494},"scale":{"x":"80","y":"32","z":16}},{"class":"direction","position":{"x":5224,"y":424,"z":0},"rotation":{"x":0,"y":0,"z":0},"scale":{"x":16,"y":16,"z":16}},{"class":"spike","position":{"x":5247,"y":317,"z":0},"rotation":{"x":0,"y":0,"z":1.5707963267948966},"scale":{"x":"48","y":"16","z":16}},{"class":"tip","position":{"x":4691,"y":360,"z":0},"rotation":{"x":0,"y":0,"z":0},"scale":{"x":16,"y":16,"z":16},"text":"Grab on to the spike! and die"},{"class":"cube","position":{"x":5979,"y":397,"z":0},"rotation":{"x":0,"y":0,"z":1.5707963267948966},"scale":{"x":"256","y":16,"z":16}},{"class":"cube","position":{"x":5377,"y":292,"z":0},"rotation":{"x":0,"y":0,"z":0},"scale":{"x":"32","y":16,"z":16}},{"class":"cube","position":{"x":5473,"y":291,"z":0},"rotation":{"x":0,"y":0,"z":0},"scale":{"x":"32","y":16,"z":16}},{"class":"cube","position":{"x":5562,"y":291,"z":0},"rotation":{"x":0,"y":0,"z":0},"scale":{"x":"32","y":16,"z":16}},{"class":"cube","position":{"x":5694,"y":290,"z":0},"rotation":{"x":0,"y":0,"z":0},"scale":{"x":"112","y":16,"z":16}},{"class":"bounce","position":{"x":5858,"y":282,"z":0},"rotation":{"x":0,"y":0,"z":0},"scale":{"x":"208","y":16,"z":16}},{"class":"cube","position":{"x":5743,"y":425,"z":0},"rotation":{"x":0,"y":0,"z":1.5707963267948966},"scale":{"x":"208","y":16,"z":16}},{"class":"finish","position":{"x":5860,"y":517,"z":0},"rotation":{"x":0,"y":0,"z":0},"scale":{"x":"208","y":16,"z":16}},{"class":"bounce","position":{"x":5771,"y":372,"z":0},"rotation":{"x":0,"y":0,"z":0},"scale":{"x":16,"y":16,"z":16},"isStatic":false,"friction":0},{"class":"bounce","position":{"x":5784,"y":471,"z":0},"rotation":{"x":0,"y":0,"z":0},"scale":{"x":16,"y":16,"z":16},"isStatic":false,"friction":0},{"class":"bounce","position":{"x":5840,"y":403,"z":0},"rotation":{"x":0,"y":0,"z":0},"scale":{"x":16,"y":16,"z":16},"isStatic":false,"friction":0},{"class":"bounce","position":{"x":5775,"y":414,"z":0},"rotation":{"x":0,"y":0,"z":0},"scale":{"x":16,"y":16,"z":16},"isStatic":false,"friction":0},{"class":"bounce","position":{"x":5816,"y":478,"z":0},"rotation":{"x":0,"y":0,"z":0},"scale":{"x":16,"y":16,"z":16},"isStatic":false,"friction":0},{"class":"bounce","position":{"x":5778,"y":441,"z":0},"rotation":{"x":0,"y":0,"z":0},"scale":{"x":16,"y":16,"z":16},"isStatic":false,"friction":0},{"class":"bounce","position":{"x":5795,"y":371,"z":0},"rotation":{"x":0,"y":0,"z":0},"scale":{"x":16,"y":16,"z":16},"isStatic":false,"friction":0},{"class":"cube","position":{"x":5865,"y":594,"z":0},"rotation":{"x":0,"y":0,"z":0},"scale":{"x":16,"y":"128","z":16}},{"class":"bounce","position":{"x":5862,"y":353,"z":0},"rotation":{"x":0,"y":0,"z":0},"scale":{"x":16,"y":16,"z":16},"isStatic":false,"friction":0},{"class":"bounce","position":{"x":5806,"y":402,"z":0},"rotation":{"x":0,"y":0,"z":0},"scale":{"x":16,"y":16,"z":16},"isStatic":false,"friction":0},{"class":"bounce","position":{"x":5885,"y":380,"z":0},"rotation":{"x":0,"y":0,"z":0},"scale":{"x":16,"y":16,"z":16},"isStatic":false,"friction":0},{"class":"bounce","position":{"x":5885,"y":380,"z":0},"rotation":{"x":0,"y":0,"z":0},"scale":{"x":16,"y":16,"z":16},"isStatic":false,"friction":0},{"class":"bounce","position":{"x":5885,"y":380,"z":0},"rotation":{"x":0,"y":0,"z":0},"scale":{"x":16,"y":16,"z":16},"isStatic":false,"friction":0},{"class":"bounce","position":{"x":5885,"y":380,"z":0},"rotation":{"x":0,"y":0,"z":0},"scale":{"x":16,"y":16,"z":16},"isStatic":false,"friction":0},{"class":"bounce","position":{"x":5885,"y":380,"z":0},"rotation":{"x":0,"y":0,"z":0},"scale":{"x":16,"y":16,"z":16},"isStatic":false,"friction":0},{"class":"bounce","position":{"x":5927,"y":494,"z":0},"rotation":{"x":0,"y":0,"z":0},"scale":{"x":16,"y":16,"z":16},"isStatic":false,"friction":0},{"class":"bounce","position":{"x":5873,"y":437,"z":0},"rotation":{"x":0,"y":0,"z":0},"scale":{"x":16,"y":16,"z":16},"isStatic":false,"friction":0},{"class":"bounce","position":{"x":5906,"y":429,"z":0},"rotation":{"x":0,"y":0,"z":0},"scale":{"x":16,"y":16,"z":16},"isStatic":false,"friction":0},{"class":"bounce","position":{"x":5939,"y":357,"z":0},"rotation":{"x":0,"y":0,"z":0},"scale":{"x":16,"y":16,"z":16},"isStatic":false,"friction":0},{"class":"cube","position":{"x":5605,"y":653,"z":0},"rotation":{"x":0,"y":0,"z":0},"scale":{"x":"512","y":16,"z":16}},{"class":"cube","position":{"x":4609,"y":643,"z":0},"rotation":{"x":0,"y":0,"z":0},"scale":{"x":"512","y":16,"z":16}},{"class":"cube","position":{"x":5106,"y":646,"z":0},"rotation":{"x":0,"y":0,"z":0},"scale":{"x":"512","y":16,"z":16}},{"class":"spike","position":{"x":5287,"y":1507,"z":0},"rotation":{"x":0,"y":0,"z":3.141592653589793},"scale":{"x":"512","y":16,"z":16}},{"class":"spike","position":{"x":3742,"y":1517,"z":0},"rotation":{"x":0,"y":0,"z":3.141592653589793},"scale":{"x":"512","y":16,"z":16}},{"class":"spike","position":{"x":4253,"y":1513,"z":0},"rotation":{"x":0,"y":0,"z":3.141592653589793},"scale":{"x":"512","y":16,"z":16}},{"class":"spike","position":{"x":4766,"y":1513,"z":0},"rotation":{"x":0,"y":0,"z":3.141592653589793},"scale":{"x":"512","y":16,"z":16}},{"class":"tip","position":{"x":5204,"y":1416,"z":0},"rotation":{"x":0,"y":0,"z":0},"scale":{"x":"512","y":16,"z":16},"text":"First of all: how did you came up here? second: You are gonna die!"},{"class":"tip","position":{"x":3708,"y":1420,"z":0},"rotation":{"x":0,"y":0,"z":0},"scale":{"x":"512","y":16,"z":16},"text":"First of all: how did you came up here? second: You are gonna die!"},{"class":"tip","position":{"x":4212,"y":1414,"z":0},"rotation":{"x":0,"y":0,"z":0},"scale":{"x":"512","y":16,"z":16},"text":"First of all: how did you came up here? second: You are gonna die!"},{"class":"tip","position":{"x":4723,"y":1414,"z":0},"rotation":{"x":0,"y":0,"z":0},"scale":{"x":"512","y":16,"z":16},"text":"First of all: how did you came up here? second: You are gonna die!"},{"class":"direction","position":{"x":4349,"y":503,"z":0},"rotation":{"x":0,"y":0,"z":0},"scale":{"x":16,"y":"288","z":16}}]}