{"name":"Mountain Climb","theme":"purple-mountains","children":[{"class":"player","position":{"x":0,"y":0,"z":0},"rotation":{"x":0,"y":0,"z":0},"scale":{"x":16,"y":16,"z":16},"isStatic":false,"friction":0},{"class":"cube","position":{"x":0,"y":-64,"z":0},"rotation":{"x":0,"y":0,"z":0},"scale":{"x":574744,"y":16,"z":5128}},{"class":"tip","position":{"x":0,"y":32,"z":0},"rotation":{"x":0,"y":0,"z":0},"scale":{"x":16,"y":16,"z":16},"text":"Mountain Climb<br>(no longer) Requires Charlieee1's platformer script"},{"class":"cube","position":{"x":576,"y":-40,"z":0},"rotation":{"x":0,"y":0,"z":-0.5235987755982987},"scale":{"x":232,"y":2264,"z":144}},{"class":"cube","position":{"x":416,"y":-48,"z":0},"rotation":{"x":0,"y":0,"z":0.2617993877991494},"scale":{"x":304,"y":40,"z":40}},{"class":"spike","position":{"x":200,"y":-56,"z":0},"rotation":{"x":0,"y":0,"z":0},"scale":{"x":16,"y":16,"z":16}},{"class":"spike","position":{"x":184,"y":-56,"z":0},"rotation":{"x":0,"y":0,"z":0},"scale":{"x":16,"y":16,"z":16}},{"class":"spike","position":{"x":216,"y":-56,"z":0},"rotation":{"x":0,"y":0,"z":0},"scale":{"x":16,"y":16,"z":16}},{"class":"spike","position":{"x":168,"y":-56,"z":0},"rotation":{"x":0,"y":0,"z":0},"scale":{"x":16,"y":16,"z":16}},{"class":"cube","position":{"x":456,"y":64,"z":8},"rotation":{"x":0,"y":0,"z":0},"scale":{"x":144,"y":16,"z":136}},{"class":"cube","position":{"x":392,"y":-8,"z":64},"rotation":{"x":0,"y":0,"z":0},"scale":{"x":16,"y":136,"z":16}},{"class":"cube","position":{"x":416,"y":40,"z":56},"rotation":{"x":0,"y":0,"z":-0.7853981633974484},"scale":{"x":16,"y":72,"z":16}},{"class":"cube","position":{"x":392,"y":-8,"z":-56},"rotation":{"x":0,"y":0,"z":0},"scale":{"x":16,"y":136,"z":16}},{"class":"cube","position":{"x":416,"y":40,"z":-48},"rotation":{"x":0,"y":0,"z":-0.7853981633974484},"scale":{"x":16,"y":72,"z":16}},{"class":"cube","position":{"x":368,"y":-40,"z":56},"rotation":{"x":0,"y":0,"z":-0.7853981633974482},"scale":{"x":16,"y":88,"z":16}},{"class":"cube","position":{"x":376,"y":-16,"z":-48},"rotation":{"x":0,"y":0,"z":-0.5235987755982987},"scale":{"x":16,"y":80,"z":16}},{"class":"cube","position":{"x":528,"y":112,"z":0},"rotation":{"x":0,"y":0,"z":0.2617993877991494},"scale":{"x":16,"y":16,"z":16}},{"class":"cube","position":{"x":536,"y":128,"z":0},"rotation":{"x":0,"y":0,"z":0.7853981633974488},"scale":{"x":16,"y":16,"z":16}},{"class":"cube","position":{"x":544,"y":144,"z":0},"rotation":{"x":0,"y":0,"z":0.26179938779914963},"scale":{"x":16,"y":16,"z":16}},{"class":"cube","position":{"x":640,"y":288,"z":0},"rotation":{"x":0,"y":0,"z":0.2617993877991494},"scale":{"x":88,"y":88,"z":72}},{"class":"cube","position":{"x":720,"y":472,"z":0},"rotation":{"x":0,"y":0,"z":0.7853981633974483},"scale":{"x":80,"y":88,"z":88}},{"class":"cube","position":{"x":840,"y":680,"z":0},"rotation":{"x":0,"y":0,"z":0},"scale":{"x":96,"y":56,"z":80}},{"class":"spike","position":{"x":800,"y":640,"z":32},"rotation":{"x":0,"y":0,"z":-3.141592653589793},"scale":{"x":16,"y":40,"z":16}},{"class":"spike","position":{"x":816,"y":648,"z":24},"rotation":{"x":0,"y":0,"z":-3.141592653589793},"scale":{"x":16,"y":40,"z":16}},{"class":"spike","position":{"x":808,"y":648,"z":-32},"rotation":{"x":0,"y":0,"z":-3.141592653589793},"scale":{"x":16,"y":40,"z":16}},{"class":"cube","position":{"x":960,"y":920,"z":0},"rotation":{"x":0,"y":0,"z":0},"scale":{"x":152,"y":56,"z":64}},{"class":"cube","position":{"x":848,"y":904,"z":0},"rotation":{"x":0,"y":0,"z":0.2617993877991494},"scale":{"x":120,"y":72,"z":80}},{"class":"spike","position":{"x":816,"y":840,"z":32},"rotation":{"x":0,"y":0,"z":-3.141592653589793},"scale":{"x":16,"y":56,"z":16}},{"class":"spike","position":{"x":840,"y":864,"z":32},"rotation":{"x":0,"y":0,"z":-3.141592653589793},"scale":{"x":16,"y":40,"z":16}},{"class":"spike","position":{"x":864,"y":864,"z":16},"rotation":{"x":0,"y":0,"z":-3.141592653589793},"scale":{"x":16,"y":72,"z":16}},{"class":"spike","position":{"x":816,"y":856,"z":-24},"rotation":{"x":0,"y":0,"z":-3.141592653589793},"scale":{"x":16,"y":40,"z":16}},{"class":"spike","position":{"x":848,"y":856,"z":-24},"rotation":{"x":0,"y":0,"z":-3.141592653589793},"scale":{"x":16,"y":56,"z":16}},{"class":"cube","position":{"x":1016,"y":272,"z":0},"rotation":{"x":0,"y":0,"z":-0.5235987755982987},"scale":{"x":272,"y":1296,"z":248}},{"class":"cube","position":{"x":1592,"y":816,"z":0},"rotation":{"x":0,"y":0,"z":0},"scale":{"x":1096,"y":368,"z":176}},{"class":"tip","position":{"x":1144,"y":1056,"z":0},"rotation":{"x":0,"y":0,"z":0},"scale":{"x":16,"y":16,"z":16},"text":"Base camp"},{"class":"checkpoint","position":{"x":1144,"y":1008,"z":0},"rotation":{"x":0,"y":0,"z":0},"scale":{"x":16,"y":16,"z":16}},{"class":"cube","position":{"x":1336,"y":984,"z":0},"rotation":{"x":0,"y":0,"z":0.5235987755982987},"scale":{"x":88,"y":80,"z":16}},{"class":"cube","position":{"x":1392,"y":992,"z":0},"rotation":{"x":0,"y":0,"z":-0.5235987755982987},"scale":{"x":56,"y":56,"z":16}},{"class":"cube","position":{"x":1440,"y":992,"z":0},"rotation":{"x":0,"y":0,"z":0},"scale":{"x":56,"y":56,"z":16}},{"class":"cube","position":{"x":1496,"y":1008,"z":0},"rotation":{"x":0,"y":0,"z":0.2617993877991494},"scale":{"x":80,"y":72,"z":16}},{"class":"cube","position":{"x":1520,"y":976,"z":0},"rotation":{"x":0,"y":0,"z":-0.7853981633974484},"scale":{"x":96,"y":96,"z":16}},{"class":"spike","position":{"x":1448,"y":1024,"z":0},"rotation":{"x":0,"y":0,"z":0.7853981633974484},"scale":{"x":16,"y":16,"z":16}},{"class":"spike","position":{"x":1536,"y":1040,"z":0},"rotation":{"x":0,"y":0,"z":-0.7853981633974484},"scale":{"x":16,"y":16,"z":16}},{"class":"cube","position":{"x":1600,"y":992,"z":0},"rotation":{"x":0,"y":0,"z":0.5235987755982987},"scale":{"x":88,"y":80,"z":16}},{"class":"spike","position":{"x":1608,"y":1040,"z":0},"rotation":{"x":0,"y":0,"z":0.5235987755982987},"scale":{"x":16,"y":16,"z":16}},{"class":"cube","position":{"x":1672,"y":992,"z":0},"rotation":{"x":0,"y":0,"z":1.308996938995747},"scale":{"x":88,"y":56,"z":16}},{"class":"spike","position":{"x":1648,"y":1008,"z":0},"rotation":{"x":0,"y":0,"z":0},"scale":{"x":16,"y":40,"z":16}},{"class":"spike","position":{"x":1632,"y":1008,"z":0},"rotation":{"x":0,"y":0,"z":0},"scale":{"x":16,"y":40,"z":16}},{"class":"spike","position":{"x":1704,"y":1024,"z":0},"rotation":{"x":0,"y":0,"z":-0.5235987755982987},"scale":{"x":16,"y":16,"z":16}},{"class":"cube","position":{"x":1728,"y":1000,"z":0},"rotation":{"x":0,"y":0,"z":0},"scale":{"x":88,"y":32,"z":16}},{"class":"cube","position":{"x":2192,"y":1496,"z":0},"rotation":{"x":0,"y":0,"z":-0.5235987755982987},"scale":{"x":272,"y":1640,"z":264}},{"class":"spike","position":{"x":1760,"y":1016,"z":0},"rotation":{"x":0,"y":0,"z":0.5235987755982987},"scale":{"x":16,"y":16,"z":16}},{"class":"spike","position":{"x":1784,"y":1056,"z":0},"rotation":{"x":0,"y":0,"z":1.0471975511965976},"scale":{"x":16,"y":32,"z":16}},{"class":"cube","position":{"x":1816,"y":1112,"z":0},"rotation":{"x":0,"y":0,"z":0},"scale":{"x":32,"y":32,"z":16}},{"class":"spike","position":{"x":1824,"y":1128,"z":0},"rotation":{"x":0,"y":0,"z":0.2617993877991494},"scale":{"x":16,"y":48,"z":16}},{"class":"spike","position":{"x":1880,"y":1256,"z":0},"rotation":{"x":0,"y":0,"z":1.570796326794897},"scale":{"x":8,"y":136,"z":16}},{"class":"cube","position":{"x":1800,"y":1256,"z":0},"rotation":{"x":0,"y":0,"z":0},"scale":{"x":48,"y":16,"z":16}},{"class":"spike","position":{"x":1864,"y":1264,"z":0},"rotation":{"x":0,"y":0,"z":0},"scale":{"x":16,"y":32,"z":16}},{"class":"cube","position":{"x":1928,"y":1464,"z":0},"rotation":{"x":0,"y":0,"z":-0.2617993877991494},"scale":{"x":224,"y":16,"z":16}},{"class":"spike","position":{"x":1952,"y":1448,"z":0},"rotation":{"x":0,"y":0,"z":2.8797932657906435},"scale":{"x":16,"y":16,"z":16}},{"class":"spike","position":{"x":1848,"y":1416,"z":0},"rotation":{"x":0,"y":0,"z":-0.2617993877991494},"scale":{"x":16,"y":16,"z":16}},{"class":"spike","position":{"x":1840,"y":1488,"z":0},"rotation":{"x":0,"y":0,"z":1.308996938995747},"scale":{"x":16,"y":40,"z":16}},{"class":"bounce","position":{"x":1760,"y":1416,"z":0},"rotation":{"x":0,"y":0,"z":0},"scale":{"x":32,"y":16,"z":16}},{"class":"cube","position":{"x":1728,"y":1544,"z":0},"rotation":{"x":0,"y":0,"z":0.5235987755982987},"scale":{"x":80,"y":16,"z":16}},{"class":"spike","position":{"x":1848,"y":1416,"z":0},"rotation":{"x":0,"y":0,"z":2.879793265790644},"scale":{"x":16,"y":16,"z":16}},{"class":"spike","position":{"x":1848,"y":1416,"z":0},"rotation":{"x":0,"y":0,"z":1.3089969389957472},"scale":{"x":16,"y":16,"z":16}},{"class":"spike","position":{"x":1848,"y":1416,"z":0},"rotation":{"x":0,"y":0,"z":-1.8325957145940464},"scale":{"x":16,"y":16,"z":16}},{"class":"cube","position":{"x":1824,"y":1448,"z":8},"rotation":{"x":0,"y":0,"z":0},"scale":{"x":8,"y":80,"z":8}},{"class":"cube","position":{"x":1824,"y":1448,"z":-8},"rotation":{"x":0,"y":0,"z":0},"scale":{"x":8,"y":80,"z":8}},{"class":"spike","position":{"x":1832,"y":1424,"z":0},"rotation":{"x":0,"y":0,"z":-1.3089969389957479},"scale":{"x":16,"y":16,"z":16}},{"class":"spike","position":{"x":1824,"y":1432,"z":0},"rotation":{"x":0,"y":0,"z":-1.0471975511965976},"scale":{"x":16,"y":16,"z":16}},{"class":"spike","position":{"x":1824,"y":1440,"z":0},"rotation":{"x":0,"y":0,"z":-1.570796326794897},"scale":{"x":16,"y":16,"z":16}},{"class":"spike","position":{"x":1952,"y":1464,"z":0},"rotation":{"x":0,"y":0,"z":-0.2617993877991494},"scale":{"x":16,"y":16,"z":16}},{"class":"bounce","position":{"x":2000,"y":1448,"z":0},"rotation":{"x":0,"y":0,"z":0},"scale":{"x":16,"y":16,"z":16}},{"class":"spike","position":{"x":2064,"y":1560,"z":0},"rotation":{"x":0,"y":0,"z":-2.617993877991495},"scale":{"x":48,"y":48,"z":48}},{"class":"spike","position":{"x":2072,"y":1576,"z":0},"rotation":{"x":0,"y":0,"z":0},"scale":{"x":40,"y":40,"z":16}},{"class":"spike","position":{"x":2016,"y":1712,"z":0},"rotation":{"x":0,"y":0,"z":3.1415926535897927},"scale":{"x":16,"y":16,"z":16}},{"class":"spike","position":{"x":2464,"y":1872,"z":0},"rotation":{"x":0,"y":0,"z":1.5707963267948963},"scale":{"x":80,"y":408,"z":16}},{"class":"spike","position":{"x":2224,"y":1840,"z":0},"rotation":{"x":0,"y":0,"z":1.0471975511965976},"scale":{"x":16,"y":16,"z":16}},{"class":"spike","position":{"x":1960,"y":1752,"z":0},"rotation":{"x":0,"y":0,"z":1.8325957145940461},"scale":{"x":40,"y":16,"z":16}},{"class":"spike","position":{"x":2032,"y":1816,"z":0},"rotation":{"x":0,"y":0,"z":-0.7853981633974484},"scale":{"x":16,"y":16,"z":16}},{"class":"spike","position":{"x":1960,"y":1856,"z":0},"rotation":{"x":0,"y":0,"z":0.5235987755982987},"scale":{"x":104,"y":16,"z":16}},{"class":"spike","position":{"x":2048,"y":1880,"z":0},"rotation":{"x":0,"y":0,"z":-1.308996938995747},"scale":{"x":16,"y":16,"z":16}},{"class":"spike","position":{"x":1992,"y":1896,"z":0},"rotation":{"x":0,"y":0,"z":3.141592653589793},"scale":{"x":16,"y":16,"z":16}},{"class":"spike","position":{"x":1960,"y":1936,"z":0},"rotation":{"x":0,"y":0,"z":3.141592653589793},"scale":{"x":16,"y":16,"z":16}},{"class":"spike","position":{"x":2024,"y":1976,"z":0},"rotation":{"x":0,"y":0,"z":-3.141592653589793},"scale":{"x":16,"y":16,"z":16}},{"class":"bounce","position":{"x":2112,"y":1976,"z":0},"rotation":{"x":0,"y":0,"z":0},"scale":{"x":64,"y":32,"z":16}},{"class":"spike","position":{"x":2096,"y":2232,"z":0},"rotation":{"x":0,"y":0,"z":0.5235987755982987},"scale":{"x":120,"y":32,"z":16}},{"class":"spike","position":{"x":2392,"y":2120,"z":0},"rotation":{"x":0,"y":0,"z":2.617993877991494},"scale":{"x":16,"y":16,"z":16}},{"class":"spike","position":{"x":2448,"y":2216,"z":0},"rotation":{"x":0,"y":0,"z":-1.570796326794897},"scale":{"x":16,"y":16,"z":16}},{"class":"spike","position":{"x":2448,"y":2216,"z":0},"rotation":{"x":0,"y":0,"z":0},"scale":{"x":16,"y":16,"z":16}},{"class":"cube","position":{"x":3552,"y":2128,"z":0},"rotation":{"x":0,"y":0,"z":0},"scale":{"x":2144,"y":288,"z":264}},{"class":"checkpoint","position":{"x":2592,"y":2280,"z":0},"rotation":{"x":0,"y":0,"z":0},"scale":{"x":16,"y":16,"z":16}},{"class":"tip","position":{"x":2592,"y":2328,"z":0},"rotation":{"x":0,"y":0,"z":0},"scale":{"x":16,"y":16,"z":16},"text":"A little break from the tough climb. Tea?"},{"class":"cube","position":{"x":2832,"y":2296,"z":0},"rotation":{"x":0,"y":0,"z":0},"scale":{"x":16,"y":56,"z":16}},{"class":"cube","position":{"x":2944,"y":2328,"z":0},"rotation":{"x":0,"y":0,"z":0},"scale":{"x":16,"y":120,"z":16}},{"class":"spike","position":{"x":2848,"y":2280,"z":0},"rotation":{"x":0,"y":0,"z":0},"scale":{"x":16,"y":16,"z":16}},{"class":"spike","position":{"x":2864,"y":2280,"z":0},"rotation":{"x":0,"y":0,"z":0},"scale":{"x":16,"y":16,"z":16}},{"class":"spike","position":{"x":2880,"y":2280,"z":0},"rotation":{"x":0,"y":0,"z":0},"scale":{"x":16,"y":16,"z":16}},{"class":"spike","position":{"x":2896,"y":2280,"z":0},"rotation":{"x":0,"y":0,"z":0},"scale":{"x":16,"y":16,"z":16}},{"class":"cube","position":{"x":3008,"y":2312,"z":0},"rotation":{"x":0,"y":0,"z":0},"scale":{"x":16,"y":224,"z":16}},{"class":"cube","position":{"x":3072,"y":2376,"z":0},"rotation":{"x":0,"y":0,"z":0},"scale":{"x":16,"y":72,"z":16}},{"class":"cube","position":{"x":3080,"y":2336,"z":0},"rotation":{"x":0,"y":0,"z":0.2617993877991494},"scale":{"x":16,"y":56,"z":16}},{"class":"cube","position":{"x":3096,"y":2304,"z":0},"rotation":{"x":0,"y":0,"z":-0.7853981633974484},"scale":{"x":40,"y":16,"z":16}},{"class":"cube","position":{"x":3120,"y":2288,"z":0},"rotation":{"x":0,"y":0,"z":-0.2617993877991494},"scale":{"x":80,"y":16,"z":16}},{"class":"cube","position":{"x":3160,"y":2280,"z":0},"rotation":{"x":0,"y":0,"z":0},"scale":{"x":48,"y":16,"z":16}},{"class":"spike","position":{"x":2088,"y":1968,"z":0},"rotation":{"x":0,"y":0,"z":-3.141592653589793},"scale":{"x":16,"y":16,"z":8}},{"class":"spike","position":{"x":2104,"y":1968,"z":0},"rotation":{"x":0,"y":0,"z":-3.141592653589793},"scale":{"x":16,"y":16,"z":8}},{"class":"spike","position":{"x":2120,"y":1968,"z":0},"rotation":{"x":0,"y":0,"z":-3.141592653589793},"scale":{"x":16,"y":16,"z":8}},{"class":"spike","position":{"x":2136,"y":1968,"z":0},"rotation":{"x":0,"y":0,"z":-3.141592653589793},"scale":{"x":16,"y":16,"z":8}},{"class":"spike","position":{"x":2088,"y":1968,"z":0},"rotation":{"x":0,"y":0,"z":1.570796326794897},"scale":{"x":16,"y":16,"z":8}},{"class":"spike","position":{"x":2136,"y":1968,"z":0},"rotation":{"x":0,"y":0,"z":-1.570796326794897},"scale":{"x":16,"y":16,"z":8}},{"class":"spike","position":{"x":2912,"y":2280,"z":0},"rotation":{"x":0,"y":0,"z":0},"scale":{"x":16,"y":16,"z":16}},{"class":"spike","position":{"x":2928,"y":2280,"z":0},"rotation":{"x":0,"y":0,"z":0},"scale":{"x":16,"y":16,"z":16}},{"class":"spike","position":{"x":2960,"y":2280,"z":0},"rotation":{"x":0,"y":0,"z":0},"scale":{"x":16,"y":16,"z":16}},{"class":"spike","position":{"x":2976,"y":2280,"z":0},"rotation":{"x":0,"y":0,"z":0},"scale":{"x":16,"y":16,"z":16}},{"class":"spike","position":{"x":2992,"y":2280,"z":0},"rotation":{"x":0,"y":0,"z":0},"scale":{"x":16,"y":16,"z":16}},{"class":"spike","position":{"x":3024,"y":2280,"z":0},"rotation":{"x":0,"y":0,"z":0},"scale":{"x":16,"y":16,"z":16}},{"class":"spike","position":{"x":3040,"y":2280,"z":0},"rotation":{"x":0,"y":0,"z":0},"scale":{"x":16,"y":16,"z":16}},{"class":"spike","position":{"x":3056,"y":2280,"z":0},"rotation":{"x":0,"y":0,"z":0},"scale":{"x":16,"y":16,"z":16}},{"class":"spike","position":{"x":3072,"y":2280,"z":0},"rotation":{"x":0,"y":0,"z":0},"scale":{"x":16,"y":16,"z":16}},{"class":"spike","position":{"x":3008,"y":2432,"z":0},"rotation":{"x":0,"y":0,"z":0},"scale":{"x":16,"y":16,"z":16}},{"class":"spike","position":{"x":3016,"y":2304,"z":0},"rotation":{"x":0,"y":0,"z":-1.570796326794897},"scale":{"x":16,"y":16,"z":16}},{"class":"spike","position":{"x":3016,"y":2304,"z":0},"rotation":{"x":0,"y":0,"z":-1.570796326794897},"scale":{"x":16,"y":16,"z":16}},{"class":"spike","position":{"x":3016,"y":2320,"z":0},"rotation":{"x":0,"y":0,"z":-1.570796326794897},"scale":{"x":16,"y":16,"z":16}},{"class":"spike","position":{"x":3016,"y":2336,"z":0},"rotation":{"x":0,"y":0,"z":-1.570796326794897},"scale":{"x":16,"y":16,"z":16}},{"class":"spike","position":{"x":3016,"y":2352,"z":0},"rotation":{"x":0,"y":0,"z":-1.570796326794897},"scale":{"x":16,"y":16,"z":16}},{"class":"spike","position":{"x":3016,"y":2368,"z":0},"rotation":{"x":0,"y":0,"z":-1.570796326794897},"scale":{"x":16,"y":16,"z":16}},{"class":"spike","position":{"x":3016,"y":2384,"z":0},"rotation":{"x":0,"y":0,"z":-1.570796326794897},"scale":{"x":16,"y":16,"z":16}},{"class":"bounce","position":{"x":3200,"y":2264,"z":0},"rotation":{"x":0,"y":0,"z":0},"scale":{"x":32,"y":48,"z":16}},{"class":"spike","position":{"x":3192,"y":2328,"z":0},"rotation":{"x":0,"y":0,"z":-3.141592653589793},"scale":{"x":16,"y":16,"z":16}},{"class":"spike","position":{"x":3208,"y":2328,"z":0},"rotation":{"x":0,"y":0,"z":-3.141592653589793},"scale":{"x":16,"y":16,"z":16}},{"class":"cube","position":{"x":3256,"y":2280,"z":0},"rotation":{"x":0,"y":0,"z":0},"scale":{"x":80,"y":16,"z":16}},{"class":"spike","position":{"x":3304,"y":2280,"z":0},"rotation":{"x":0,"y":0,"z":0},"scale":{"x":16,"y":16,"z":16}},{"class":"spike","position":{"x":3320,"y":2296,"z":0},"rotation":{"x":0,"y":0,"z":1.570796326794897},"scale":{"x":16,"y":16,"z":16}},{"class":"cube","position":{"x":3320,"y":2280,"z":0},"rotation":{"x":0,"y":0,"z":0},"scale":{"x":16,"y":16,"z":16}},{"class":"spike","position":{"x":3320,"y":2296,"z":0},"rotation":{"x":0,"y":0,"z":1.570796326794897},"scale":{"x":16,"y":16,"z":16}},{"class":"spike","position":{"x":3320,"y":2312,"z":0},"rotation":{"x":0,"y":0,"z":1.570796326794897},"scale":{"x":16,"y":16,"z":16}},{"class":"spike","position":{"x":3320,"y":2328,"z":0},"rotation":{"x":0,"y":0,"z":1.570796326794897},"scale":{"x":16,"y":16,"z":16}},{"class":"spike","position":{"x":3320,"y":2344,"z":0},"rotation":{"x":0,"y":0,"z":1.570796326794897},"scale":{"x":16,"y":16,"z":16}},{"class":"spike","position":{"x":3320,"y":2360,"z":0},"rotation":{"x":0,"y":0,"z":1.570796326794897},"scale":{"x":16,"y":16,"z":16}},{"class":"spike","position":{"x":3320,"y":2376,"z":0},"rotation":{"x":0,"y":0,"z":1.570796326794897},"scale":{"x":16,"y":16,"z":16}},{"class":"spike","position":{"x":3320,"y":2392,"z":0},"rotation":{"x":0,"y":0,"z":1.570796326794897},"scale":{"x":16,"y":16,"z":16}},{"class":"spike","position":{"x":3320,"y":2408,"z":0},"rotation":{"x":0,"y":0,"z":1.570796326794897},"scale":{"x":16,"y":16,"z":16}},{"class":"spike","position":{"x":3320,"y":2424,"z":0},"rotation":{"x":0,"y":0,"z":1.570796326794897},"scale":{"x":16,"y":16,"z":16}},{"class":"spike","position":{"x":3320,"y":2440,"z":0},"rotation":{"x":0,"y":0,"z":1.570796326794897},"scale":{"x":16,"y":16,"z":16}},{"class":"spike","position":{"x":3320,"y":2456,"z":0},"rotation":{"x":0,"y":0,"z":1.570796326794897},"scale":{"x":16,"y":16,"z":16}},{"class":"spike","position":{"x":3320,"y":2472,"z":0},"rotation":{"x":0,"y":0,"z":1.570796326794897},"scale":{"x":16,"y":16,"z":16}},{"class":"spike","position":{"x":3320,"y":2488,"z":0},"rotation":{"x":0,"y":0,"z":1.570796326794897},"scale":{"x":16,"y":16,"z":16}},{"class":"direction","position":{"x":3104,"y":2696,"z":8},"rotation":{"x":0,"y":0,"z":0},"scale":{"x":16,"y":16,"z":"1"}},{"class":"direction","position":{"x":3104,"y":2696,"z":8},"rotation":{"x":0,"y":0,"z":0},"scale":{"x":16,"y":16,"z":"1"}},{"class":"direction","position":{"x":3104,"y":2712,"z":8},"rotation":{"x":0,"y":0,"z":0},"scale":{"x":16,"y":16,"z":"1"}},{"class":"direction","position":{"x":3104,"y":2728,"z":8},"rotation":{"x":0,"y":0,"z":0},"scale":{"x":16,"y":16,"z":"1"}},{"class":"direction","position":{"x":3368,"y":2712,"z":8},"rotation":{"x":0,"y":0,"z":-1.570796326794897},"scale":{"x":16,"y":16,"z":"1"}},{"class":"direction","position":{"x":3384,"y":2712,"z":8},"rotation":{"x":0,"y":0,"z":-1.570796326794897},"scale":{"x":16,"y":16,"z":"1"}},{"class":"direction","position":{"x":3400,"y":2712,"z":8},"rotation":{"x":0,"y":0,"z":-1.570796326794897},"scale":{"x":16,"y":16,"z":"1"}},{"class":"bounce","position":{"x":3400,"y":2280,"z":0},"rotation":{"x":0,"y":0,"z":0},"scale":{"x":144,"y":16,"z":16}},{"class":"bounce","position":{"x":3664,"y":2272,"z":0},"rotation":{"x":0,"y":0,"z":0},"scale":{"x":128,"y":24,"z":16}},{"class":"bounce","position":{"x":3944,"y":2272,"z":0},"rotation":{"x":0,"y":0,"z":0},"scale":{"x":176,"y":32,"z":16}},{"class":"direction","position":{"x":4008,"y":2592,"z":8},"rotation":{"x":0,"y":0,"z":0},"scale":{"x":16,"y":16,"z":"1"}},{"class":"direction","position":{"x":4224,"y":2624,"z":8},"rotation":{"x":0,"y":0,"z":0},"scale":{"x":16,"y":16,"z":"1"}},{"class":"direction","position":{"x":4368,"y":2592,"z":8},"rotation":{"x":0,"y":0,"z":-0.5235987755982987},"scale":{"x":16,"y":16,"z":"1"}},{"class":"direction","position":{"x":4672,"y":2560,"z":8},"rotation":{"x":0,"y":0,"z":-1.5707963267948963},"scale":{"x":16,"y":16,"z":"1"}},{"class":"spike","position":{"x":3480,"y":2280,"z":0},"rotation":{"x":0,"y":0,"z":0},"scale":{"x":16,"y":16,"z":16}},{"class":"spike","position":{"x":3496,"y":2280,"z":0},"rotation":{"x":0,"y":0,"z":0},"scale":{"x":16,"y":16,"z":16}},{"class":"spike","position":{"x":3512,"y":2280,"z":0},"rotation":{"x":0,"y":0,"z":0},"scale":{"x":16,"y":16,"z":16}},{"class":"spike","position":{"x":3528,"y":2280,"z":0},"rotation":{"x":0,"y":0,"z":0},"scale":{"x":16,"y":16,"z":16}},{"class":"spike","position":{"x":3544,"y":2280,"z":0},"rotation":{"x":0,"y":0,"z":0},"scale":{"x":16,"y":16,"z":16}},{"class":"spike","position":{"x":3560,"y":2280,"z":0},"rotation":{"x":0,"y":0,"z":0},"scale":{"x":16,"y":16,"z":16}},{"class":"spike","position":{"x":3576,"y":2280,"z":0},"rotation":{"x":0,"y":0,"z":0},"scale":{"x":16,"y":16,"z":16}},{"class":"spike","position":{"x":3592,"y":2280,"z":0},"rotation":{"x":0,"y":0,"z":0},"scale":{"x":16,"y":16,"z":16}},{"class":"spike","position":{"x":3736,"y":2280,"z":0},"rotation":{"x":0,"y":0,"z":0},"scale":{"x":16,"y":16,"z":16}},{"class":"spike","position":{"x":3752,"y":2280,"z":0},"rotation":{"x":0,"y":0,"z":0},"scale":{"x":16,"y":16,"z":16}},{"class":"spike","position":{"x":3768,"y":2280,"z":0},"rotation":{"x":0,"y":0,"z":0},"scale":{"x":16,"y":16,"z":16}},{"class":"spike","position":{"x":3784,"y":2280,"z":0},"rotation":{"x":0,"y":0,"z":0},"scale":{"x":16,"y":16,"z":16}},{"class":"spike","position":{"x":3800,"y":2280,"z":0},"rotation":{"x":0,"y":0,"z":0},"scale":{"x":16,"y":16,"z":16}},{"class":"spike","position":{"x":3816,"y":2280,"z":0},"rotation":{"x":0,"y":0,"z":0},"scale":{"x":16,"y":16,"z":16}},{"class":"spike","position":{"x":3832,"y":2280,"z":0},"rotation":{"x":0,"y":0,"z":0},"scale":{"x":16,"y":16,"z":16}},{"class":"spike","position":{"x":3848,"y":2280,"z":0},"rotation":{"x":0,"y":0,"z":0},"scale":{"x":16,"y":16,"z":16}},{"class":"spike","position":{"x":4040,"y":2280,"z":0},"rotation":{"x":0,"y":0,"z":0},"scale":{"x":16,"y":16,"z":16}},{"class":"spike","position":{"x":4056,"y":2280,"z":0},"rotation":{"x":0,"y":0,"z":0},"scale":{"x":16,"y":16,"z":16}},{"class":"spike","position":{"x":4072,"y":2280,"z":0},"rotation":{"x":0,"y":0,"z":0},"scale":{"x":16,"y":16,"z":16}},{"class":"spike","position":{"x":4088,"y":2280,"z":0},"rotation":{"x":0,"y":0,"z":0},"scale":{"x":16,"y":16,"z":16}},{"class":"spike","position":{"x":4104,"y":2280,"z":0},"rotation":{"x":0,"y":0,"z":0},"scale":{"x":16,"y":16,"z":16}},{"class":"spike","position":{"x":4120,"y":2280,"z":0},"rotation":{"x":0,"y":0,"z":0},"scale":{"x":16,"y":16,"z":16}},{"class":"spike","position":{"x":4136,"y":2280,"z":0},"rotation":{"x":0,"y":0,"z":0},"scale":{"x":16,"y":16,"z":16}},{"class":"spike","position":{"x":4152,"y":2280,"z":0},"rotation":{"x":0,"y":0,"z":0},"scale":{"x":16,"y":16,"z":16}},{"class":"spike","position":{"x":4168,"y":2280,"z":0},"rotation":{"x":0,"y":0,"z":0},"scale":{"x":16,"y":16,"z":16}},{"class":"spike","position":{"x":4184,"y":2280,"z":0},"rotation":{"x":0,"y":0,"z":0},"scale":{"x":16,"y":16,"z":16}},{"class":"spike","position":{"x":4200,"y":2280,"z":0},"rotation":{"x":0,"y":0,"z":0},"scale":{"x":16,"y":16,"z":16}},{"class":"spike","position":{"x":4216,"y":2280,"z":0},"rotation":{"x":0,"y":0,"z":0},"scale":{"x":16,"y":16,"z":16}},{"class":"spike","position":{"x":4232,"y":2280,"z":0},"rotation":{"x":0,"y":0,"z":0},"scale":{"x":16,"y":16,"z":16}},{"class":"spike","position":{"x":4248,"y":2280,"z":0},"rotation":{"x":0,"y":0,"z":0},"scale":{"x":16,"y":16,"z":16}},{"class":"spike","position":{"x":4264,"y":2280,"z":0},"rotation":{"x":0,"y":0,"z":0},"scale":{"x":16,"y":16,"z":16}},{"class":"spike","position":{"x":4280,"y":2280,"z":0},"rotation":{"x":0,"y":0,"z":0},"scale":{"x":16,"y":16,"z":16}},{"class":"spike","position":{"x":4296,"y":2280,"z":0},"rotation":{"x":0,"y":0,"z":0},"scale":{"x":16,"y":16,"z":16}},{"class":"spike","position":{"x":4312,"y":2280,"z":0},"rotation":{"x":0,"y":0,"z":0},"scale":{"x":16,"y":16,"z":16}},{"class":"spike","position":{"x":4328,"y":2280,"z":0},"rotation":{"x":0,"y":0,"z":0},"scale":{"x":16,"y":16,"z":16}},{"class":"spike","position":{"x":4344,"y":2280,"z":0},"rotation":{"x":0,"y":0,"z":0},"scale":{"x":16,"y":16,"z":16}},{"class":"spike","position":{"x":4360,"y":2280,"z":0},"rotation":{"x":0,"y":0,"z":0},"scale":{"x":16,"y":16,"z":16}},{"class":"spike","position":{"x":4376,"y":2280,"z":0},"rotation":{"x":0,"y":0,"z":0},"scale":{"x":16,"y":16,"z":16}},{"class":"spike","position":{"x":4392,"y":2280,"z":0},"rotation":{"x":0,"y":0,"z":0},"scale":{"x":16,"y":16,"z":16}},{"class":"spike","position":{"x":4408,"y":2280,"z":0},"rotation":{"x":0,"y":0,"z":0},"scale":{"x":16,"y":16,"z":16}},{"class":"spike","position":{"x":4424,"y":2280,"z":0},"rotation":{"x":0,"y":0,"z":0},"scale":{"x":16,"y":16,"z":16}},{"class":"spike","position":{"x":4440,"y":2280,"z":0},"rotation":{"x":0,"y":0,"z":0},"scale":{"x":16,"y":16,"z":16}},{"class":"spike","position":{"x":4456,"y":2280,"z":0},"rotation":{"x":0,"y":0,"z":0},"scale":{"x":16,"y":16,"z":16}},{"class":"spike","position":{"x":4472,"y":2280,"z":0},"rotation":{"x":0,"y":0,"z":0},"scale":{"x":16,"y":16,"z":16}},{"class":"spike","position":{"x":4488,"y":2280,"z":0},"rotation":{"x":0,"y":0,"z":0},"scale":{"x":16,"y":16,"z":16}},{"class":"spike","position":{"x":4504,"y":2280,"z":0},"rotation":{"x":0,"y":0,"z":0},"scale":{"x":16,"y":16,"z":16}},{"class":"spike","position":{"x":4520,"y":2280,"z":0},"rotation":{"x":0,"y":0,"z":0},"scale":{"x":16,"y":16,"z":16}},{"class":"spike","position":{"x":4536,"y":2280,"z":0},"rotation":{"x":0,"y":0,"z":0},"scale":{"x":16,"y":16,"z":16}},{"class":"spike","position":{"x":4552,"y":2280,"z":0},"rotation":{"x":0,"y":0,"z":0},"scale":{"x":16,"y":16,"z":16}},{"class":"spike","position":{"x":4568,"y":2280,"z":0},"rotation":{"x":0,"y":0,"z":0},"scale":{"x":16,"y":16,"z":16}},{"class":"spike","position":{"x":4584,"y":2280,"z":0},"rotation":{"x":0,"y":0,"z":0},"scale":{"x":16,"y":16,"z":16}},{"class":"spike","position":{"x":4600,"y":2280,"z":0},"rotation":{"x":0,"y":0,"z":0},"scale":{"x":16,"y":16,"z":16}},{"class":"spike","position":{"x":4616,"y":2280,"z":0},"rotation":{"x":0,"y":0,"z":0},"scale":{"x":16,"y":16,"z":16}},{"class":"cube","position":{"x":4608,"y":2272,"z":8},"rotation":{"x":0,"y":0,"z":0},"scale":{"x":8,"y":56,"z":8}},{"class":"tip","position":{"x":4608,"y":2304,"z":8},"rotation":{"x":0,"y":0,"z":0},"scale":{"x":16,"y":16,"z":16},"text":"Do not touch the spikes!"},{"class":"cube","position":{"x":5416,"y":2144,"z":0},"rotation":{"x":0,"y":0,"z":0},"scale":{"x":1120,"y":288,"z":264}},{"class":"cube","position":{"x":4464,"y":1280,"z":0},"rotation":{"x":0,"y":0,"z":0},"scale":{"x":320,"y":1608,"z":176}},{"class":"cube","position":{"x":5016,"y":1464,"z":0},"rotation":{"x":0,"y":0,"z":0},"scale":{"x":320,"y":1608,"z":176}},{"class":"spike","position":{"x":4864,"y":2296,"z":0},"rotation":{"x":0,"y":0,"z":0},"scale":{"x":16,"y":16,"z":16}},{"class":"spike","position":{"x":4880,"y":2296,"z":0},"rotation":{"x":0,"y":0,"z":0},"scale":{"x":16,"y":16,"z":16}},{"class":"spike","position":{"x":4896,"y":2296,"z":0},"rotation":{"x":0,"y":0,"z":0},"scale":{"x":16,"y":16,"z":16}},{"class":"spike","position":{"x":4912,"y":2296,"z":0},"rotation":{"x":0,"y":0,"z":0},"scale":{"x":16,"y":16,"z":16}},{"class":"spike","position":{"x":4928,"y":2296,"z":0},"rotation":{"x":0,"y":0,"z":0},"scale":{"x":16,"y":16,"z":16}},{"class":"spike","position":{"x":4944,"y":2296,"z":0},"rotation":{"x":0,"y":0,"z":0},"scale":{"x":16,"y":16,"z":16}},{"class":"spike","position":{"x":4960,"y":2296,"z":0},"rotation":{"x":0,"y":0,"z":0},"scale":{"x":16,"y":16,"z":16}},{"class":"spike","position":{"x":4976,"y":2296,"z":0},"rotation":{"x":0,"y":0,"z":0},"scale":{"x":16,"y":16,"z":16}},{"class":"spike","position":{"x":4992,"y":2296,"z":0},"rotation":{"x":0,"y":0,"z":0},"scale":{"x":16,"y":16,"z":16}},{"class":"spike","position":{"x":5008,"y":2296,"z":0},"rotation":{"x":0,"y":0,"z":0},"scale":{"x":16,"y":16,"z":16}},{"class":"spike","position":{"x":5024,"y":2296,"z":0},"rotation":{"x":0,"y":0,"z":0},"scale":{"x":16,"y":16,"z":16}},{"class":"spike","position":{"x":5040,"y":2296,"z":0},"rotation":{"x":0,"y":0,"z":0},"scale":{"x":16,"y":16,"z":16}},{"class":"spike","position":{"x":5056,"y":2296,"z":0},"rotation":{"x":0,"y":0,"z":0},"scale":{"x":16,"y":16,"z":16}},{"class":"spike","position":{"x":5072,"y":2296,"z":0},"rotation":{"x":0,"y":0,"z":0},"scale":{"x":16,"y":16,"z":16}},{"class":"spike","position":{"x":5088,"y":2296,"z":0},"rotation":{"x":0,"y":0,"z":0},"scale":{"x":16,"y":16,"z":16}},{"class":"spike","position":{"x":5104,"y":2296,"z":0},"rotation":{"x":0,"y":0,"z":0},"scale":{"x":16,"y":16,"z":16}},{"class":"spike","position":{"x":5120,"y":2296,"z":0},"rotation":{"x":0,"y":0,"z":0},"scale":{"x":16,"y":16,"z":16}},{"class":"spike","position":{"x":5136,"y":2296,"z":0},"rotation":{"x":0,"y":0,"z":0},"scale":{"x":16,"y":16,"z":16}},{"class":"spike","position":{"x":5152,"y":2296,"z":0},"rotation":{"x":0,"y":0,"z":0},"scale":{"x":16,"y":16,"z":16}},{"class":"cube","position":{"x":5752,"y":64,"z":0},"rotation":{"x":0,"y":0,"z":0},"scale":{"x":3096,"y":832,"z":288}},{"class":"cube","position":{"x":6080,"y":1000,"z":0},"rotation":{"x":0,"y":0,"z":0},"scale":{"x":2336,"y":304,"z":56}},{"class":"checkpoint","position":{"x":4744,"y":488,"z":0},"rotation":{"x":0,"y":0,"z":0},"scale":{"x":16,"y":16,"z":16}},{"class":"tip","position":{"x":4744,"y":536,"z":0},"rotation":{"x":0,"y":0,"z":0},"scale":{"x":16,"y":16,"z":16},"text":"Inside the Mountain"},{"class":"spike","position":{"x":4936,"y":488,"z":0},"rotation":{"x":0,"y":0,"z":0},"scale":{"x":16,"y":16,"z":16}},{"class":"spike","position":{"x":5080,"y":496,"z":0},"rotation":{"x":0,"y":0,"z":0},"scale":{"x":16,"y":32,"z":16}},{"class":"cube","position":{"x":5368,"y":488,"z":0},"rotation":{"x":0,"y":0,"z":-0.5235987755982987},"scale":{"x":64,"y":16,"z":16}},{"class":"cube","position":{"x":5520,"y":544,"z":0},"rotation":{"x":0,"y":0,"z":0},"scale":{"x":104,"y":16,"z":16}},{"class":"spike","position":{"x":5552,"y":488,"z":0},"rotation":{"x":0,"y":0,"z":0},"scale":{"x":16,"y":16,"z":16}},{"class":"cube","position":{"x":5504,"y":624,"z":0},"rotation":{"x":0,"y":0,"z":0.7853981633974484},"scale":{"x":48,"y":48,"z":16}},{"class":"cube","position":{"x":5568,"y":688,"z":0},"rotation":{"x":0,"y":0,"z":0.7853981633974484},"scale":{"x":40,"y":40,"z":16}},{"class":"cube","position":{"x":5496,"y":728,"z":0},"rotation":{"x":0,"y":0,"z":0},"scale":{"x":16,"y":16,"z":16}},{"class":"cube","position":{"x":5488,"y":800,"z":0},"rotation":{"x":0,"y":0,"z":0.5235987755982987},"scale":{"x":72,"y":16,"z":16}},{"class":"cube","position":{"x":5592,"y":784,"z":0},"rotation":{"x":0,"y":0,"z":0},"scale":{"x":32,"y":32,"z":16}},{"class":"spike","position":{"x":5720,"y":840,"z":0},"rotation":{"x":0,"y":0,"z":-3.1415926535897927},"scale":{"x":16,"y":16,"z":16}},{"class":"cube","position":{"x":5808,"y":808,"z":0},"rotation":{"x":0,"y":0,"z":0},"scale":{"x":16,"y":88,"z":16}},{"class":"spike","position":{"x":5808,"y":760,"z":0},"rotation":{"x":0,"y":0,"z":-3.141592653589793},"scale":{"x":16,"y":16,"z":16}},{"class":"cube","position":{"x":5936,"y":784,"z":0},"rotation":{"x":0,"y":0,"z":-0.5235987755982987},"scale":{"x":64,"y":16,"z":16}},{"class":"spike","position":{"x":6064,"y":848,"z":0},"rotation":{"x":0,"y":0,"z":-3.141592653589793},"scale":{"x":16,"y":168,"z":16}},{"class":"spike","position":{"x":6080,"y":840,"z":0},"rotation":{"x":0,"y":0,"z":-3.141592653589793},"scale":{"x":16,"y":16,"z":16}},{"class":"spike","position":{"x":6096,"y":840,"z":0},"rotation":{"x":0,"y":0,"z":-3.141592653589793},"scale":{"x":16,"y":16,"z":16}},{"class":"spike","position":{"x":6112,"y":840,"z":0},"rotation":{"x":0,"y":0,"z":-3.141592653589793},"scale":{"x":16,"y":16,"z":16}},{"class":"spike","position":{"x":6128,"y":840,"z":0},"rotation":{"x":0,"y":0,"z":-3.141592653589793},"scale":{"x":16,"y":16,"z":16}},{"class":"spike","position":{"x":6144,"y":840,"z":0},"rotation":{"x":0,"y":0,"z":-3.141592653589793},"scale":{"x":16,"y":16,"z":16}},{"class":"spike","position":{"x":6160,"y":840,"z":0},"rotation":{"x":0,"y":0,"z":-3.141592653589793},"scale":{"x":16,"y":16,"z":16}},{"class":"cube","position":{"x":5664,"y":496,"z":0},"rotation":{"x":0,"y":0,"z":0},"scale":{"x":120,"y":16,"z":16}},{"class":"spike","position":{"x":5760,"y":552,"z":0},"rotation":{"x":0,"y":0,"z":0},"scale":{"x":24,"y":16,"z":16}},{"class":"cube","position":{"x":5856,"y":552,"z":0},"rotation":{"x":0,"y":0,"z":0},"scale":{"x":40,"y":16,"z":16}},{"class":"spike","position":{"x":5840,"y":488,"z":0},"rotation":{"x":0,"y":0,"z":0},"scale":{"x":16,"y":16,"z":16}},{"class":"spike","position":{"x":5856,"y":488,"z":0},"rotation":{"x":0,"y":0,"z":0},"scale":{"x":16,"y":16,"z":16}},{"class":"spike","position":{"x":5872,"y":488,"z":0},"rotation":{"x":0,"y":0,"z":0},"scale":{"x":16,"y":16,"z":16}},{"class":"spike","position":{"x":5888,"y":488,"z":0},"rotation":{"x":0,"y":0,"z":0},"scale":{"x":16,"y":16,"z":16}},{"class":"spike","position":{"x":5848,"y":544,"z":0},"rotation":{"x":0,"y":0,"z":-3.1415926535897927},"scale":{"x":16,"y":16,"z":16}},{"class":"spike","position":{"x":5864,"y":544,"z":0},"rotation":{"x":0,"y":0,"z":-3.1415926535897927},"scale":{"x":16,"y":16,"z":16}},{"class":"cube","position":{"x":5984,"y":608,"z":0},"rotation":{"x":0,"y":0,"z":0.7853981633974484},"scale":{"x":144,"y":16,"z":16}},{"class":"cube","position":{"x":6072,"y":616,"z":0},"rotation":{"x":0,"y":0,"z":0},"scale":{"x":160,"y":16,"z":16}},{"class":"spike","position":{"x":6000,"y":608,"z":0},"rotation":{"x":0,"y":0,"z":-2.8797932657906435},"scale":{"x":16,"y":16,"z":16}},{"class":"cube","position":{"x":6264,"y":624,"z":0},"rotation":{"x":0,"y":0,"z":0},"scale":{"x":16,"y":16,"z":16}},{"class":"cube","position":{"x":6376,"y":632,"z":0},"rotation":{"x":0,"y":0,"z":0},"scale":{"x":16,"y":16,"z":16}},{"class":"spike","position":{"x":6264,"y":608,"z":0},"rotation":{"x":0,"y":0,"z":-3.141592653589793},"scale":{"x":16,"y":16,"z":16}},{"class":"spike","position":{"x":6376,"y":616,"z":0},"rotation":{"x":0,"y":0,"z":3.141592653589793},"scale":{"x":16,"y":16,"z":16}},{"class":"spike","position":{"x":5904,"y":488,"z":0},"rotation":{"x":0,"y":0,"z":0},"scale":{"x":16,"y":16,"z":16}},{"class":"spike","position":{"x":6152,"y":488,"z":0},"rotation":{"x":0,"y":0,"z":0},"scale":{"x":624,"y":16,"z":16}},{"class":"spike","position":{"x":5920,"y":488,"z":0},"rotation":{"x":0,"y":0,"z":0},"scale":{"x":16,"y":16,"z":16}},{"class":"spike","position":{"x":5936,"y":488,"z":0},"rotation":{"x":0,"y":0,"z":0},"scale":{"x":16,"y":16,"z":16}},{"class":"spike","position":{"x":5952,"y":488,"z":0},"rotation":{"x":0,"y":0,"z":0},"scale":{"x":16,"y":16,"z":16}},{"class":"spike","position":{"x":5968,"y":488,"z":0},"rotation":{"x":0,"y":0,"z":0},"scale":{"x":16,"y":16,"z":16}},{"class":"spike","position":{"x":5984,"y":488,"z":0},"rotation":{"x":0,"y":0,"z":0},"scale":{"x":16,"y":16,"z":16}},{"class":"spike","position":{"x":6000,"y":488,"z":0},"rotation":{"x":0,"y":0,"z":0},"scale":{"x":16,"y":16,"z":16}},{"class":"spike","position":{"x":6320,"y":488,"z":0},"rotation":{"x":0,"y":0,"z":0},"scale":{"x":16,"y":16,"z":16}},{"class":"spike","position":{"x":6336,"y":488,"z":0},"rotation":{"x":0,"y":0,"z":0},"scale":{"x":16,"y":16,"z":16}},{"class":"spike","position":{"x":6352,"y":488,"z":0},"rotation":{"x":0,"y":0,"z":0},"scale":{"x":16,"y":16,"z":16}},{"class":"spike","position":{"x":6368,"y":488,"z":0},"rotation":{"x":0,"y":0,"z":0},"scale":{"x":16,"y":16,"z":16}},{"class":"spike","position":{"x":6384,"y":488,"z":0},"rotation":{"x":0,"y":0,"z":0},"scale":{"x":16,"y":16,"z":16}},{"class":"spike","position":{"x":6400,"y":488,"z":0},"rotation":{"x":0,"y":0,"z":0},"scale":{"x":16,"y":16,"z":16}},{"class":"tip","position":{"x":6560,"y":488,"z":0},"rotation":{"x":0,"y":0,"z":0},"scale":{"x":16,"y":16,"z":16},"text":"Why are you down here? You can't go back up."},{"class":"cube","position":{"x":6472,"y":648,"z":0},"rotation":{"x":0,"y":0,"z":0},"scale":{"x":16,"y":16,"z":16}},{"class":"spike","position":{"x":6472,"y":632,"z":0},"rotation":{"x":0,"y":0,"z":3.141592653589793},"scale":{"x":16,"y":16,"z":16}},{"class":"cube","position":{"x":6560,"y":712,"z":0},"rotation":{"x":0,"y":0,"z":0},"scale":{"x":16,"y":208,"z":16}},{"class":"bounce","position":{"x":6592,"y":808,"z":0},"rotation":{"x":0,"y":0,"z":0},"scale":{"x":48,"y":16,"z":16}},{"class":"spike","position":{"x":6760,"y":840,"z":0},"rotation":{"x":0,"y":0,"z":-3.141592653589793},"scale":{"x":16,"y":32,"z":16}},{"class":"cube","position":{"x":6960,"y":792,"z":0},"rotation":{"x":0,"y":0,"z":0},"scale":{"x":176,"y":16,"z":16}},{"class":"cube","position":{"x":7360,"y":888,"z":0},"rotation":{"x":0,"y":0,"z":-0.7853981633974482},"scale":{"x":32,"y":32,"z":16}},{"class":"cube","position":{"x":7240,"y":928,"z":0},"rotation":{"x":0,"y":0,"z":0.5235987755982987},"scale":{"x":80,"y":64,"z":16}},{"class":"spike","position":{"x":7256,"y":1032,"z":0},"rotation":{"x":0,"y":0,"z":-1.570796326794897},"scale":{"x":16,"y":16,"z":16}},{"class":"cube","position":{"x":7344,"y":1032,"z":0},"rotation":{"x":0,"y":0,"z":0},"scale":{"x":16,"y":56,"z":16}},{"class":"cube","position":{"x":7256,"y":1088,"z":0},"rotation":{"x":0,"y":0,"z":0},"scale":{"x":16,"y":16,"z":16}},{"class":"spike","position":{"x":7264,"y":1088,"z":0},"rotation":{"x":0,"y":0,"z":-1.570796326794897},"scale":{"x":16,"y":16,"z":16}},{"class":"bounce","position":{"x":7344,"y":1064,"z":0},"rotation":{"x":0,"y":0,"z":0.7853981633974484},"scale":{"x":16,"y":16,"z":16}},{"class":"cube","position":{"x":7360,"y":1184,"z":0},"rotation":{"x":0,"y":0,"z":0.2617993877991494},"scale":{"x":112,"y":16,"z":16}},{"class":"cube","position":{"x":7744,"y":1200,"z":0},"rotation":{"x":0,"y":0,"z":0},"scale":{"x":664,"y":16,"z":16}},{"class":"checkpoint","position":{"x":7552,"y":1216,"z":0},"rotation":{"x":0,"y":0,"z":0},"scale":{"x":16,"y":16,"z":16}},{"class":"tip","position":{"x":7552,"y":1264,"z":0},"rotation":{"x":0,"y":0,"z":0},"scale":{"x":16,"y":16,"z":16},"text":"Unhelpful pull"},{"class":"direction","position":{"x":7752,"y":1208,"z":0},"rotation":{"x":0,"y":0,"z":-3.141592653589793},"scale":{"x":-272,"y":16,"z":16}},{"class":"spike","position":{"x":7776,"y":1264,"z":0},"rotation":{"x":0,"y":0,"z":2.356194490192345},"scale":{"x":16,"y":16,"z":16}},{"class":"spike","position":{"x":7784,"y":1256,"z":0},"rotation":{"x":0,"y":0,"z":-3.141592653589793},"scale":{"x":16,"y":16,"z":16}},{"class":"spike","position":{"x":7800,"y":1256,"z":0},"rotation":{"x":0,"y":0,"z":-3.141592653589793},"scale":{"x":16,"y":16,"z":16}},{"class":"spike","position":{"x":7816,"y":1256,"z":0},"rotation":{"x":0,"y":0,"z":-3.141592653589793},"scale":{"x":16,"y":16,"z":16}},{"class":"spike","position":{"x":7832,"y":1256,"z":0},"rotation":{"x":0,"y":0,"z":-3.141592653589793},"scale":{"x":16,"y":16,"z":16}},{"class":"spike","position":{"x":7848,"y":1256,"z":0},"rotation":{"x":0,"y":0,"z":-3.141592653589793},"scale":{"x":16,"y":16,"z":16}},{"class":"spike","position":{"x":7864,"y":1256,"z":0},"rotation":{"x":0,"y":0,"z":-3.141592653589793},"scale":{"x":16,"y":16,"z":16}},{"class":"spike","position":{"x":7880,"y":1256,"z":0},"rotation":{"x":0,"y":0,"z":-3.141592653589793},"scale":{"x":16,"y":16,"z":16}},{"class":"spike","position":{"x":7768,"y":1272,"z":0},"rotation":{"x":0,"y":0,"z":1.570796326794897},"scale":{"x":16,"y":16,"z":16}},{"class":"cube","position":{"x":8472,"y":1648,"z":0},"rotation":{"x":0,"y":0,"z":-0.5235987755982987},"scale":{"x":288,"y":1456,"z":16}},{"class":"spike","position":{"x":8088,"y":1264,"z":0},"rotation":{"x":0,"y":0,"z":1.0471975511965976},"scale":{"x":16,"y":16,"z":16}},{"class":"cube","position":{"x":8120,"y":1328,"z":0},"rotation":{"x":0,"y":0,"z":0},"scale":{"x":16,"y":16,"z":16}},{"class":"cube","position":{"x":8128,"y":1344,"z":0},"rotation":{"x":0,"y":0,"z":-0.7853981633974484},"scale":{"x":16,"y":16,"z":16}},{"class":"cube","position":{"x":8136,"y":1360,"z":0},"rotation":{"x":0,"y":0,"z":0.5235987755982985},"scale":{"x":16,"y":16,"z":16}},{"class":"spike","position":{"x":8144,"y":1376,"z":0},"rotation":{"x":0,"y":0,"z":0},"scale":{"x":16,"y":16,"z":16}},{"class":"cube","position":{"x":8200,"y":1512,"z":0},"rotation":{"x":0,"y":0,"z":-0.2617993877991494},"scale":{"x":64,"y":40,"z":16}},{"class":"cube","position":{"x":8336,"y":1720,"z":0},"rotation":{"x":0,"y":0,"z":0},"scale":{"x":136,"y":16,"z":16}},{"class":"spike","position":{"x":8280,"y":1712,"z":0},"rotation":{"x":0,"y":0,"z":-3.141592653589793},"scale":{"x":16,"y":16,"z":16}},{"class":"spike","position":{"x":8344,"y":1736,"z":0},"rotation":{"x":0,"y":0,"z":0},"scale":{"x":16,"y":16,"z":16}},{"class":"cube","position":{"x":8688,"y":2912,"z":0},"rotation":{"x":0,"y":0,"z":0},"scale":{"x":384,"y":2160,"z":16}},{"class":"spike","position":{"x":8488,"y":1968,"z":0},"rotation":{"x":0,"y":0,"z":1.0471975511965976},"scale":{"x":16,"y":16,"z":16}},{"class":"gravity","position":{"x":8488,"y":2048,"z":0},"rotation":{"x":0,"y":0,"z":-0.2617993877991494},"scale":{"x":16,"y":16,"z":16}},{"class":"cube","position":{"x":8480,"y":2152,"z":0},"rotation":{"x":0,"y":0,"z":0.2617993877991494},"scale":{"x":80,"y":16,"z":16}},{"class":"gravity","position":{"x":8488,"y":2184,"z":0},"rotation":{"x":0,"y":0,"z":-0.5235987755982987},"scale":{"x":16,"y":16,"z":16}},{"class":"bounce","position":{"x":8496,"y":2336,"z":0},"rotation":{"x":0,"y":0,"z":1.570796326794897},"scale":{"x":16,"y":16,"z":16}},{"class":"spike","position":{"x":8320,"y":2344,"z":0},"rotation":{"x":0,"y":0,"z":-1.570796326794897},"scale":{"x":128,"y":16,"z":16}},{"class":"cube","position":{"x":8488,"y":2448,"z":0},"rotation":{"x":0,"y":0,"z":0},"scale":{"x":56,"y":16,"z":16}},{"class":"spike","position":{"x":7768,"y":1272,"z":0},"rotation":{"x":0,"y":0,"z":1.570796326794897},"scale":{"x":16,"y":16,"z":16}},{"class":"spike","position":{"x":7768,"y":1288,"z":0},"rotation":{"x":0,"y":0,"z":1.570796326794897},"scale":{"x":16,"y":16,"z":16}},{"class":"spike","position":{"x":7768,"y":1304,"z":0},"rotation":{"x":0,"y":0,"z":1.570796326794897},"scale":{"x":16,"y":16,"z":16}},{"class":"spike","position":{"x":7768,"y":1320,"z":0},"rotation":{"x":0,"y":0,"z":1.570796326794897},"scale":{"x":16,"y":16,"z":16}},{"class":"spike","position":{"x":7768,"y":1336,"z":0},"rotation":{"x":0,"y":0,"z":1.570796326794897},"scale":{"x":16,"y":16,"z":16}},{"class":"spike","position":{"x":7768,"y":1352,"z":0},"rotation":{"x":0,"y":0,"z":1.570796326794897},"scale":{"x":16,"y":16,"z":16}},{"class":"spike","position":{"x":7768,"y":1368,"z":0},"rotation":{"x":0,"y":0,"z":1.570796326794897},"scale":{"x":16,"y":16,"z":16}},{"class":"spike","position":{"x":7768,"y":1384,"z":0},"rotation":{"x":0,"y":0,"z":1.570796326794897},"scale":{"x":16,"y":16,"z":16}},{"class":"spike","position":{"x":7768,"y":1400,"z":0},"rotation":{"x":0,"y":0,"z":1.570796326794897},"scale":{"x":16,"y":16,"z":16}},{"class":"spike","position":{"x":7768,"y":1416,"z":0},"rotation":{"x":0,"y":0,"z":1.570796326794897},"scale":{"x":16,"y":16,"z":16}},{"class":"spike","position":{"x":7768,"y":1432,"z":0},"rotation":{"x":0,"y":0,"z":1.570796326794897},"scale":{"x":16,"y":16,"z":16}},{"class":"spike","position":{"x":7768,"y":1448,"z":0},"rotation":{"x":0,"y":0,"z":1.570796326794897},"scale":{"x":16,"y":16,"z":16}},{"class":"spike","position":{"x":8232,"y":1528,"z":0},"rotation":{"x":0,"y":0,"z":0},"scale":{"x":16,"y":16,"z":16}},{"class":"cube","position":{"x":8488,"y":2248,"z":0},"rotation":{"x":0,"y":0,"z":-1.570796326794897},"scale":{"x":16,"y":56,"z":16}},{"class":"spike","position":{"x":8496,"y":2256,"z":0},"rotation":{"x":0,"y":0,"z":0},"scale":{"x":16,"y":16,"z":16}},{"class":"gravity","position":{"x":8488,"y":2512,"z":0},"rotation":{"x":0,"y":0,"z":-1.570796326794897},"scale":{"x":16,"y":16,"z":16}},{"class":"cube","position":{"x":8472,"y":2592,"z":0},"rotation":{"x":0,"y":0,"z":0},"scale":{"x":48,"y":16,"z":16}},{"class":"spike","position":{"x":8448,"y":2592,"z":0},"rotation":{"x":0,"y":0,"z":1.570796326794897},"scale":{"x":16,"y":16,"z":16}},{"class":"spike","position":{"x":7808,"y":2552,"z":0},"rotation":{"x":0,"y":0,"z":-1.570796326794897},"scale":{"x":1136,"y":16,"z":16}},{"class":"spike","position":{"x":8400,"y":2448,"z":0},"rotation":{"x":0,"y":0,"z":-1.570796326794897},"scale":{"x":16,"y":16,"z":16}},{"class":"gravity","position":{"x":8488,"y":2672,"z":0},"rotation":{"x":0,"y":0,"z":0},"scale":{"x":16,"y":16,"z":16}},{"class":"direction","position":{"x":8496,"y":2736,"z":0},"rotation":{"x":0,"y":0,"z":-1.570796326794897},"scale":{"x":-112,"y":16,"z":16}},{"class":"spike","position":{"x":8496,"y":2800,"z":0},"rotation":{"x":0,"y":0,"z":1.5707963267948963},"scale":{"x":16,"y":16,"z":16}},{"class":"cube","position":{"x":8392,"y":2760,"z":0},"rotation":{"x":0,"y":0,"z":0},"scale":{"x":48,"y":16,"z":16}},{"class":"cube","position":{"x":8312,"y":2800,"z":0},"rotation":{"x":0,"y":0,"z":0},"scale":{"x":56,"y":16,"z":16}},{"class":"cube","position":{"x":8320,"y":2936,"z":0},"rotation":{"x":0,"y":0,"z":0},"scale":{"x":40,"y":16,"z":16}},{"class":"cube","position":{"x":8344,"y":2992,"z":0},"rotation":{"x":0,"y":0,"z":0},"scale":{"x":40,"y":16,"z":16}},{"class":"cube","position":{"x":8392,"y":3064,"z":0},"rotation":{"x":0,"y":0,"z":0},"scale":{"x":40,"y":16,"z":16}},{"class":"cube","position":{"x":8456,"y":3088,"z":0},"rotation":{"x":0,"y":0,"z":0.7853981633974483},"scale":{"x":40,"y":40,"z":16}},{"class":"bounce","position":{"x":8520,"y":3208,"z":0},"rotation":{"x":0,"y":0,"z":1.570796326794897},"scale":{"x":96,"y":48,"z":24}},{"class":"direction","position":{"x":4480,"y":2560,"z":8},"rotation":{"x":0,"y":0,"z":0.2617993877991496},"scale":{"x":16,"y":16,"z":"1"}},{"class":"spike","position":{"x":8488,"y":3000,"z":0},"rotation":{"x":0,"y":0,"z":3.141592653589793},"scale":{"x":16,"y":16,"z":16}},{"class":"spike","position":{"x":8472,"y":3000,"z":0},"rotation":{"x":0,"y":0,"z":3.141592653589793},"scale":{"x":16,"y":16,"z":16}},{"class":"spike","position":{"x":8456,"y":3000,"z":0},"rotation":{"x":0,"y":0,"z":3.141592653589793},"scale":{"x":16,"y":16,"z":16}},{"class":"spike","position":{"x":8440,"y":3000,"z":0},"rotation":{"x":0,"y":0,"z":3.141592653589793},"scale":{"x":16,"y":16,"z":16}},{"class":"spike","position":{"x":8424,"y":3000,"z":0},"rotation":{"x":0,"y":0,"z":3.141592653589793},"scale":{"x":16,"y":16,"z":16}},{"class":"spike","position":{"x":8424,"y":3000,"z":0},"rotation":{"x":0,"y":0,"z":0},"scale":{"x":16,"y":16,"z":16}},{"class":"spike","position":{"x":8440,"y":3000,"z":0},"rotation":{"x":0,"y":0,"z":0},"scale":{"x":16,"y":16,"z":16}},{"class":"spike","position":{"x":8456,"y":3000,"z":0},"rotation":{"x":0,"y":0,"z":0},"scale":{"x":16,"y":16,"z":16}},{"class":"spike","position":{"x":8472,"y":3000,"z":0},"rotation":{"x":0,"y":0,"z":0},"scale":{"x":16,"y":16,"z":16}},{"class":"spike","position":{"x":8488,"y":3000,"z":0},"rotation":{"x":0,"y":0,"z":0},"scale":{"x":16,"y":16,"z":16}},{"class":"spike","position":{"x":8488,"y":2984,"z":0},"rotation":{"x":0,"y":0,"z":1.570796326794897},"scale":{"x":16,"y":16,"z":16}},{"class":"tip","position":{"x":8488,"y":4000,"z":0},"rotation":{"x":0,"y":0,"z":0},"scale":{"x":16,"y":16,"z":16},"text":"Did you enjoy that speedboost?"},{"class":"tip","position":{"x":4744,"y":2232,"z":0},"rotation":{"x":0,"y":0,"z":0},"scale":{"x":592,"y":16,"z":16},"text":"Welp. Looks like that break was short lived."},{"class":"cube","position":{"x":8376,"y":2856,"z":0},"rotation":{"x":0,"y":0,"z":0},"scale":{"x":64,"y":16,"z":16}},{"class":"cube","position":{"x":8208,"y":2872,"z":0},"rotation":{"x":0,"y":0,"z":0},"scale":{"x":136,"y":16,"z":16}},{"class":"cube","position":{"x":8704,"y":4008,"z":0},"rotation":{"x":0,"y":0,"z":0},"scale":{"x":8,"y":32,"z":16}},{"class":"cube","position":{"x":8704,"y":4024,"z":0},"rotation":{"x":0,"y":0,"z":0},"scale":{"x":40,"y":8,"z":16}},{"class":"grapple","position":{"x":8704,"y":4032,"z":0},"rotation":{"x":0,"y":0,"z":0},"scale":{"x":16,"y":16,"z":16}},{"class":"checkpoint","position":{"x":8704,"y":4048,"z":0},"rotation":{"x":0,"y":0,"z":0},"scale":{"x":16,"y":16,"z":16}},{"class":"tip","position":{"x":8704,"y":4096,"z":0},"rotation":{"x":0,"y":0,"z":0},"scale":{"x":16,"y":16,"z":16},"text":"(Not so) Difficult rock-climbing"},{"class":"tip","position":{"x":8888,"y":3936,"z":0},"rotation":{"x":0,"y":0,"z":0},"scale":{"x":16,"y":16,"z":16},"text":"You're a sneaky one. Unfortunately for you, I am sneakier."},{"class":"spike","position":{"x":8888,"y":3976,"z":0},"rotation":{"x":0,"y":0,"z":-3.141592653589793},"scale":{"x":16,"y":16,"z":16}},{"class":"spike","position":{"x":8904,"y":3976,"z":0},"rotation":{"x":0,"y":0,"z":-3.141592653589793},"scale":{"x":16,"y":16,"z":16}},{"class":"spike","position":{"x":8920,"y":3976,"z":0},"rotation":{"x":0,"y":0,"z":-3.141592653589793},"scale":{"x":16,"y":16,"z":16}},{"class":"spike","position":{"x":8936,"y":3976,"z":0},"rotation":{"x":0,"y":0,"z":-3.141592653589793},"scale":{"x":16,"y":16,"z":16}},{"class":"spike","position":{"x":8952,"y":3976,"z":0},"rotation":{"x":0,"y":0,"z":-3.141592653589793},"scale":{"x":16,"y":16,"z":16}},{"class":"spike","position":{"x":8968,"y":3976,"z":0},"rotation":{"x":0,"y":0,"z":-3.141592653589793},"scale":{"x":16,"y":16,"z":16}},{"class":"spike","position":{"x":8984,"y":3976,"z":0},"rotation":{"x":0,"y":0,"z":-3.141592653589793},"scale":{"x":16,"y":16,"z":16}},{"class":"spike","position":{"x":9000,"y":3976,"z":0},"rotation":{"x":0,"y":0,"z":-3.141592653589793},"scale":{"x":16,"y":16,"z":16}},{"class":"spike","position":{"x":9016,"y":3976,"z":0},"rotation":{"x":0,"y":0,"z":-3.141592653589793},"scale":{"x":16,"y":16,"z":16}},{"class":"spike","position":{"x":9032,"y":3976,"z":0},"rotation":{"x":0,"y":0,"z":-3.141592653589793},"scale":{"x":16,"y":16,"z":16}},{"class":"spike","position":{"x":9048,"y":3976,"z":0},"rotation":{"x":0,"y":0,"z":-3.141592653589793},"scale":{"x":16,"y":16,"z":16}},{"class":"cube","position":{"x":10000,"y":4320,"z":0},"rotation":{"x":0,"y":0,"z":0},"scale":{"x":1256,"y":320,"z":16}},{"class":"cube","position":{"x":9648,"y":4264,"z":0},"rotation":{"x":0,"y":0,"z":0.7853981633974484},"scale":{"x":408,"y":384,"z":16}},{"class":"spike","position":{"x":6784,"y":4912,"z":0},"rotation":{"x":0,"y":0,"z":-3.141592653589793},"scale":{"x":6760,"y":16,"z":16}},{"class":"spike","position":{"x":9512,"y":4696,"z":0},"rotation":{"x":0,"y":0,"z":1.570796326794897},"scale":{"x":768,"y":16,"z":16}},{"class":"cube","position":{"x":9936,"y":4144,"z":0},"rotation":{"x":0,"y":0,"z":-0.2617993877991494},"scale":{"x":264,"y":240,"z":16}},{"class":"cube","position":{"x":10296,"y":4192,"z":0},"rotation":{"x":0,"y":0,"z":0.5235987755982987},"scale":{"x":432,"y":600,"z":16}},{"class":"cube","position":{"x":10712,"y":4472,"z":0},"rotation":{"x":0,"y":0,"z":0},"scale":{"x":192,"y":16,"z":16}},{"class":"cube","position":{"x":10800,"y":4376,"z":0},"rotation":{"x":0,"y":0,"z":0},"scale":{"x":176,"y":16,"z":16}},{"class":"cube","position":{"x":10896,"y":4488,"z":0},"rotation":{"x":0,"y":0,"z":0},"scale":{"x":16,"y":240,"z":16}},{"class":"cube","position":{"x":10824,"y":4544,"z":0},"rotation":{"x":0,"y":0,"z":0},"scale":{"x":128,"y":16,"z":16}},{"class":"grapple","position":{"x":10936,"y":4600,"z":0},"rotation":{"x":0,"y":0,"z":0},"scale":{"x":64,"y":16,"z":16}},{"class":"cube","position":{"x":11528,"y":4736,"z":0},"rotation":{"x":0,"y":0,"z":0},"scale":{"x":248,"y":240,"z":16}},{"class":"spike","position":{"x":10912,"y":4112,"z":0},"rotation":{"x":0,"y":0,"z":1.570796326794897},"scale":{"x":848,"y":16,"z":16}},{"class":"tip","position":{"x":10928,"y":3680,"z":0},"rotation":{"x":0,"y":0,"z":0},"scale":{"x":16,"y":16,"z":16},"text":"No, don't go here. The intended way is easier, and also more satisfying."},{"class":"cube","position":{"x":11992,"y":4224,"z":0},"rotation":{"x":0,"y":0,"z":0},"scale":{"x":944,"y":48,"z":16}},{"class":"finish","position":{"x":12248,"y":4256,"z":0},"rotation":{"x":0,"y":0,"z":0},"scale":{"x":16,"y":16,"z":16}},{"class":"tip","position":{"x":12248,"y":4264,"z":0},"rotation":{"x":0,"y":0,"z":0},"scale":{"x":48,"y":16,"z":16},"text":"<h3>Mountain Climb</h3><p>By Charlieee1</p><p>Author Time: 195.681</p>"},{"class":"spike","position":{"x":10080,"y":3016,"z":0},"rotation":{"x":0,"y":0,"z":0},"scale":{"x":2056,"y":16,"z":16}},{"class":"cube","position":{"x":12448,"y":4480,"z":0},"rotation":{"x":0,"y":0,"z":0},"scale":{"x":32,"y":648,"z":16}},{"class":"spike","position":{"x":12096,"y":3016,"z":0},"rotation":{"x":0,"y":0,"z":0},"scale":{"x":4056,"y":16,"z":16}},{"class":"spike","position":{"x":11216,"y":3760,"z":0},"rotation":{"x":0,"y":0,"z":-3.1415926535897927},"scale":{"x":584,"y":16,"z":16}},{"class":"spike","position":{"x":11512,"y":3824,"z":0},"rotation":{"x":0,"y":0,"z":-3.1415926535897927},"scale":{"x":584,"y":16,"z":16}},{"class":"spike","position":{"x":11224,"y":3944,"z":0},"rotation":{"x":0,"y":0,"z":-3.1415926535897927},"scale":{"x":584,"y":16,"z":16}},{"class":"spike","position":{"x":11680,"y":4000,"z":0},"rotation":{"x":0,"y":0,"z":-3.1415926535897927},"scale":{"x":584,"y":16,"z":16}},{"class":"spike","position":{"x":11232,"y":4072,"z":0},"rotation":{"x":0,"y":0,"z":-3.1415926535897927},"scale":{"x":584,"y":16,"z":16}},{"class":"spike","position":{"x":11752,"y":4152,"z":0},"rotation":{"x":0,"y":0,"z":-3.1415926535897927},"scale":{"x":584,"y":16,"z":16}},{"class":"spike","position":{"x":11912,"y":3992,"z":0},"rotation":{"x":0,"y":0,"z":-2.3561944901923444},"scale":{"x":584,"y":16,"z":16}},{"class":"control","position":{"x":0,"y":-8,"z":0},"rotation":{"x":0,"y":0,"z":0},"scale":{"x":16,"y":16,"z":16}},{"class":"control","position":{"x":1144,"y":1008,"z":0},"rotation":{"x":0,"y":0,"z":0},"scale":{"x":16,"y":16,"z":16}},{"class":"control","position":{"x":2592,"y":2280,"z":0},"rotation":{"x":0,"y":0,"z":0},"scale":{"x":16,"y":16,"z":16}},{"class":"control","position":{"x":4744,"y":488,"z":0},"rotation":{"x":0,"y":0,"z":0},"scale":{"x":16,"y":16,"z":16}},{"class":"control","position":{"x":7552,"y":1216,"z":0},"rotation":{"x":0,"y":0,"z":0},"scale":{"x":16,"y":16,"z":16}},{"class":"control","position":{"x":10800,"y":4392,"z":0},"rotation":{"x":0,"y":0,"z":0},"scale":{"x":176,"y":16,"z":16}},{"class":"spike","position":{"x":9048,"y":3480,"z":0},"rotation":{"x":0,"y":0,"z":-1.570796326794897},"scale":{"x":984,"y":16,"z":16}},{"class":"direction","position":{"x":8968,"y":3984,"z":0},"rotation":{"x":0,"y":0,"z":-5.551115123125783e-16},"scale":{"x":176,"y":16,"z":24}},{"class":"reset","position":{"x":10848,"y":4472,"z":0},"rotation":{"x":0,"y":0,"z":0},"scale":{"x":80,"y":16,"z":16}},{"class":"control","position":{"x":10848,"y":4488,"z":0},"rotation":{"x":0,"y":0,"z":0},"scale":{"x":80,"y":16,"z":16}},{"class":"grapple","position":{"x":9064,"y":4040,"z":7},"rotation":{"x":0,"y":0,"z":-5.551115123125783e-16},"scale":{"x":16,"y":16,"z":"1"}},{"class":"grapple","position":{"x":9136,"y":4088,"z":8},"rotation":{"x":0,"y":0,"z":-5.551115123125783e-16},"scale":{"x":16,"y":16,"z":"1"}},{"class":"grapple","position":{"x":9208,"y":4120,"z":8},"rotation":{"x":0,"y":0,"z":-5.551115123125783e-16},"scale":{"x":16,"y":16,"z":"1"}},{"class":"grapple","position":{"x":11200,"y":4488,"z":8},"rotation":{"x":0,"y":0,"z":-5.551115123125783e-16},"scale":{"x":16,"y":16,"z":"1"}},{"class":"grapple","position":{"x":11256,"y":4552,"z":8},"rotation":{"x":0,"y":0,"z":-5.551115123125783e-16},"scale":{"x":16,"y":16,"z":"1"}},{"class":"grapple","position":{"x":11328,"y":4616,"z":8},"rotation":{"x":0,"y":0,"z":-5.551115123125783e-16},"scale":{"x":16,"y":16,"z":"1"}},{"class":"spike","position":{"x":5168,"y":2296,"z":0},"rotation":{"x":0,"y":0,"z":0},"scale":{"x":16,"y":16,"z":16}},{"class":"spike","position":{"x":5184,"y":2296,"z":0},"rotation":{"x":0,"y":0,"z":0},"scale":{"x":16,"y":16,"z":16}},{"class":"spike","position":{"x":5200,"y":2296,"z":0},"rotation":{"x":0,"y":0,"z":0},"scale":{"x":16,"y":16,"z":16}},{"class":"spike","position":{"x":5216,"y":2296,"z":0},"rotation":{"x":0,"y":0,"z":0},"scale":{"x":16,"y":16,"z":16}},{"class":"spike","position":{"x":5232,"y":2296,"z":0},"rotation":{"x":0,"y":0,"z":0},"scale":{"x":16,"y":16,"z":16}},{"class":"spike","position":{"x":5248,"y":2296,"z":0},"rotation":{"x":0,"y":0,"z":0},"scale":{"x":16,"y":16,"z":16}},{"class":"spike","position":{"x":5264,"y":2296,"z":0},"rotation":{"x":0,"y":0,"z":0},"scale":{"x":16,"y":16,"z":16}},{"class":"spike","position":{"x":5280,"y":2296,"z":0},"rotation":{"x":0,"y":0,"z":0},"scale":{"x":16,"y":16,"z":16}},{"class":"spike","position":{"x":5296,"y":2296,"z":0},"rotation":{"x":0,"y":0,"z":0},"scale":{"x":16,"y":16,"z":16}},{"class":"spike","position":{"x":5312,"y":2296,"z":0},"rotation":{"x":0,"y":0,"z":0},"scale":{"x":16,"y":16,"z":16}},{"class":"spike","position":{"x":5328,"y":2296,"z":0},"rotation":{"x":0,"y":0,"z":0},"scale":{"x":16,"y":16,"z":16}},{"class":"spike","position":{"x":5344,"y":2296,"z":0},"rotation":{"x":0,"y":0,"z":0},"scale":{"x":16,"y":16,"z":16}},{"class":"spike","position":{"x":5360,"y":2296,"z":0},"rotation":{"x":0,"y":0,"z":0},"scale":{"x":16,"y":16,"z":16}},{"class":"spike","position":{"x":5376,"y":2296,"z":0},"rotation":{"x":0,"y":0,"z":0},"scale":{"x":16,"y":16,"z":16}},{"class":"spike","position":{"x":5392,"y":2296,"z":0},"rotation":{"x":0,"y":0,"z":0},"scale":{"x":16,"y":16,"z":16}},{"class":"spike","position":{"x":5408,"y":2296,"z":0},"rotation":{"x":0,"y":0,"z":0},"scale":{"x":16,"y":16,"z":16}},{"class":"spike","position":{"x":5736,"y":3024,"z":0},"rotation":{"x":0,"y":0,"z":1.570796326794897},"scale":{"x":1944,"y":328,"z":16}}]}