{"name":"Pizza Time!","children":[{"class":"player","position":{"x":0,"y":-24,"z":0},"rotation":{"x":0,"y":0,"z":-1.9857207896500338e-16},"scale":{"x":16,"y":16,"z":16},"isStatic":false,"friction":0},{"class":"cube","position":{"x":0,"y":-64,"z":0},"rotation":{"x":0,"y":0,"z":0},"scale":{"x":64,"y":16,"z":16}},{"class":"control","position":{"x":0,"y":-48,"z":0},"rotation":{"x":0,"y":0,"z":0},"scale":{"x":16,"y":16,"z":16}},{"class":"cube","position":{"x":160,"y":8,"z":0},"rotation":{"x":0,"y":0,"z":0},"scale":{"x":16,"y":104,"z":16}},{"class":"cube","position":{"x":64,"y":96,"z":0},"rotation":{"x":0,"y":0,"z":0},"scale":{"x":80,"y":16,"z":16}},{"class":"cube","position":{"x":-64,"y":120,"z":0},"rotation":{"x":0,"y":0,"z":0},"scale":{"x":64,"y":16,"z":16}},{"class":"cube","position":{"x":-72,"y":208,"z":0},"rotation":{"x":0,"y":0,"z":0},"scale":{"x":88,"y":16,"z":16}},{"class":"cube","position":{"x":-400,"y":128,"z":0},"rotation":{"x":0,"y":0,"z":0},"scale":{"x":96,"y":16,"z":16}},{"class":"tip","position":{"x":-232,"y":192,"z":0},"rotation":{"x":0,"y":0,"z":0},"scale":{"x":16,"y":16,"z":16},"text":"This might help"},{"class":"cube","position":{"x":-472,"y":208,"z":0},"rotation":{"x":0,"y":0,"z":0},"scale":{"x":64,"y":16,"z":16}},{"class":"cube","position":{"x":-640,"y":320,"z":0},"rotation":{"x":0,"y":0,"z":0},"scale":{"x":184,"y":16,"z":16}},{"class":"gravity","position":{"x":-544,"y":272,"z":0},"rotation":{"x":0,"y":0,"z":-2.617993877991494},"scale":{"x":16,"y":16,"z":16}},{"class":"cube","position":{"x":-776,"y":296,"z":0},"rotation":{"x":0,"y":0,"z":0.5235987755982987},"scale":{"x":96,"y":16,"z":16}},{"class":"cube","position":{"x":-840,"y":248,"z":0},"rotation":{"x":0,"y":0,"z":0.7853981633974484},"scale":{"x":64,"y":16,"z":16}},{"class":"cube","position":{"x":-968,"y":304,"z":0},"rotation":{"x":0,"y":0,"z":0},"scale":{"x":16,"y":240,"z":16}},{"class":"cube","position":{"x":-912,"y":448,"z":0},"rotation":{"x":0,"y":0,"z":0},"scale":{"x":16,"y":32,"z":16}},{"class":"cube","position":{"x":-912,"y":472,"z":0},"rotation":{"x":0,"y":0,"z":0.2617993877991494},"scale":{"x":16,"y":16,"z":16}},{"class":"cube","position":{"x":-920,"y":488,"z":0},"rotation":{"x":0,"y":0,"z":0.5235987755982987},"scale":{"x":16,"y":16,"z":16}},{"class":"cube","position":{"x":-928,"y":504,"z":0},"rotation":{"x":0,"y":0,"z":0.7853981633974484},"scale":{"x":16,"y":16,"z":16}},{"class":"cube","position":{"x":-936,"y":512,"z":0},"rotation":{"x":0,"y":0,"z":1.0471975511965976},"scale":{"x":16,"y":16,"z":16}},{"class":"gravity","position":{"x":-952,"y":224,"z":0},"rotation":{"x":0,"y":0,"z":-3.141592653589793},"scale":{"x":16,"y":16,"z":16}},{"class":"gravity","position":{"x":-936,"y":224,"z":0},"rotation":{"x":0,"y":0,"z":-3.141592653589793},"scale":{"x":16,"y":16,"z":16}},{"class":"gravity","position":{"x":-920,"y":224,"z":0},"rotation":{"x":0,"y":0,"z":-3.141592653589793},"scale":{"x":16,"y":16,"z":16}},{"class":"gravity","position":{"x":-904,"y":224,"z":0},"rotation":{"x":0,"y":0,"z":3.1415926535897922},"scale":{"x":16,"y":16,"z":16}},{"class":"spike","position":{"x":-344,"y":128,"z":0},"rotation":{"x":0,"y":0,"z":-1.5707963267948963},"scale":{"x":16,"y":16,"z":16}},{"class":"spike","position":{"x":-360,"y":112,"z":0},"rotation":{"x":0,"y":0,"z":3.141592653589793},"scale":{"x":16,"y":16,"z":16}},{"class":"spike","position":{"x":-376,"y":112,"z":0},"rotation":{"x":0,"y":0,"z":3.141592653589793},"scale":{"x":16,"y":16,"z":16}},{"class":"spike","position":{"x":-360,"y":144,"z":0},"rotation":{"x":0,"y":0,"z":0},"scale":{"x":16,"y":16,"z":16}},{"class":"finish","position":{"x":-1184,"y":568,"z":0},"rotation":{"x":0,"y":0,"z":0},"scale":{"x":128,"y":120,"z":16}},{"class":"gravity","position":{"x":-1016,"y":512,"z":0},"rotation":{"x":0,"y":0,"z":0},"scale":{"x":56,"y":16,"z":16}},{"class":"cube","position":{"x":-952,"y":520,"z":0},"rotation":{"x":0,"y":0,"z":0},"scale":{"x":40,"y":16,"z":16}},{"class":"tip","position":{"x":-24,"y":-48,"z":0},"rotation":{"x":0,"y":0,"z":0},"scale":{"x":16,"y":16,"z":16},"text":"If this level wins, I'll buy a pizza (and send pics in the discord), also, subscribe to thepeteyer on youtube"},{"class":"cube","position":{"x":-1056,"y":536,"z":0},"rotation":{"x":0,"y":0,"z":0},"scale":{"x":16,"y":128,"z":16}},{"class":"spike","position":{"x":-1040,"y":592,"z":0},"rotation":{"x":0,"y":0,"z":-3.141592653589793},"scale":{"x":16,"y":16,"z":16}},{"class":"spike","position":{"x":-1024,"y":592,"z":0},"rotation":{"x":0,"y":0,"z":-3.141592653589793},"scale":{"x":16,"y":16,"z":16}},{"class":"spike","position":{"x":-1008,"y":592,"z":0},"rotation":{"x":0,"y":0,"z":-3.141592653589793},"scale":{"x":16,"y":16,"z":16}},{"class":"spike","position":{"x":-992,"y":592,"z":0},"rotation":{"x":0,"y":0,"z":-3.141592653589793},"scale":{"x":16,"y":16,"z":16}},{"class":"cube","position":{"x":-1024,"y":608,"z":0},"rotation":{"x":0,"y":0,"z":0},"scale":{"x":80,"y":16,"z":16}},{"class":"cube","position":{"x":-1136,"y":192,"z":0},"rotation":{"x":0,"y":0,"z":0},"scale":{"x":320,"y":16,"z":16}},{"class":"tip","position":{"x":-1024,"y":144,"z":0},"rotation":{"x":0,"y":0,"z":0},"scale":{"x":88,"y":88,"z":16},"text":"plz vote 4 me UwU"},{"class":"cube","position":{"x":-776,"y":120,"z":0},"rotation":{"x":0,"y":0,"z":0},"scale":{"x":96,"y":16,"z":16}},{"class":"cube","position":{"x":-776,"y":120,"z":0},"rotation":{"x":0,"y":0,"z":0},"scale":{"x":16,"y":96,"z":16}},{"class":"cube","position":{"x":-800,"y":144,"z":0},"rotation":{"x":0,"y":0,"z":-0.7853981633974484},"scale":{"x":16,"y":64,"z":16}},{"class":"cube","position":{"x":-752,"y":144,"z":0},"rotation":{"x":0,"y":0,"z":-2.356194490192345},"scale":{"x":16,"y":64,"z":16}},{"class":"cube","position":{"x":-752,"y":96,"z":0},"rotation":{"x":0,"y":0,"z":2.3561944901923457},"scale":{"x":16,"y":64,"z":16}},{"class":"cube","position":{"x":-800,"y":96,"z":0},"rotation":{"x":0,"y":0,"z":0.7853981633974493},"scale":{"x":16,"y":64,"z":16}},{"class":"cube","position":{"x":-776,"y":120,"z":-8},"rotation":{"x":0,"y":0,"z":0},"scale":{"x":56,"y":56,"z":16}},{"class":"checkpoint","position":{"x":-792,"y":144,"z":8},"rotation":{"x":0,"y":0,"z":-1.0471975511965976},"scale":{"x":16,"y":16,"z":16}},{"class":"direction","position":{"x":-760,"y":104,"z":8},"rotation":{"x":0,"y":0,"z":0.5235987755982987},"scale":{"x":16,"y":16,"z":16}},{"class":"gravity","position":{"x":-800,"y":112,"z":8},"rotation":{"x":0,"y":0,"z":0.5235987755982987},"scale":{"x":16,"y":16,"z":16}},{"class":"spike","position":{"x":-760,"y":136,"z":8},"rotation":{"x":0,"y":0,"z":-2.873468630843154e-17},"scale":{"x":16,"y":16,"z":16}},{"class":"spike","position":{"x":-784,"y":128,"z":8},"rotation":{"x":0,"y":0,"z":2.298774904674523e-16},"scale":{"x":16,"y":16,"z":16}},{"class":"spike","position":{"x":-784,"y":104,"z":8},"rotation":{"x":0,"y":0,"z":0},"scale":{"x":16,"y":16,"z":16}},{"class":"spike","position":{"x":-816,"y":120,"z":8},"rotation":{"x":0,"y":0,"z":0},"scale":{"x":16,"y":16,"z":16}},{"class":"spike","position":{"x":-784,"y":152,"z":8},"rotation":{"x":0,"y":0,"z":0},"scale":{"x":16,"y":8,"z":8}},{"class":"spike","position":{"x":-760,"y":104,"z":16},"rotation":{"x":0,"y":0,"z":0},"scale":{"x":16,"y":16,"z":16}},{"class":"spike","position":{"x":-744,"y":112,"z":8},"rotation":{"x":0,"y":0,"z":-2.355138688025663e-16},"scale":{"x":16,"y":16,"z":16}},{"class":"spike","position":{"x":-776,"y":80,"z":8},"rotation":{"x":0,"y":0,"z":1.436734315421577e-16},"scale":{"x":16,"y":16,"z":16}},{"class":"cube","position":{"x":-808,"y":152,"z":0},"rotation":{"x":0,"y":0,"z":0.7853981633974484},"scale":{"x":40,"y":16,"z":16}},{"class":"cube","position":{"x":-744,"y":152,"z":0},"rotation":{"x":0,"y":0,"z":-0.7853981633974484},"scale":{"x":40,"y":16,"z":16}},{"class":"cube","position":{"x":-744,"y":88,"z":0},"rotation":{"x":0,"y":0,"z":-2.356194490192345},"scale":{"x":40,"y":16,"z":16}},{"class":"cube","position":{"x":-808,"y":88,"z":0},"rotation":{"x":0,"y":0,"z":2.3561944901923457},"scale":{"x":40,"y":16,"z":16}},{"class":"tip","position":{"x":-776,"y":184,"z":0},"rotation":{"x":0,"y":0,"z":0},"scale":{"x":16,"y":16,"z":16},"text":"I tried to make a pizza"},{"class":"tip","position":{"x":0,"y":-80,"z":0},"rotation":{"x":0,"y":0,"z":0},"scale":{"x":16,"y":16,"z":16},"text":"Author time: 6.390 (I play trackmania)"},{"class":"grapple","position":{"x":-768,"y":136,"z":0},"rotation":{"x":0,"y":0,"z":0},"scale":{"x":16,"y":16,"z":16}}]}