{"name":"Roller Coaster","children":[{"class":"player","position":{"x":0,"y":-40,"z":0},"rotation":{"x":0,"y":0,"z":-0.011370186259373003},"scale":{"x":16,"y":16,"z":16},"isStatic":false,"friction":0},{"class":"direction","position":{"x":0,"y":-64,"z":0},"rotation":{"x":0,"y":0,"z":0},"scale":{"x":192,"y":16,"z":16}},{"class":"cube","position":{"x":1008,"y":472,"z":0},"rotation":{"x":0,"y":0,"z":0.523598775598299},"scale":{"x":2152,"y":16,"z":16}},{"class":"bounce","position":{"x":144,"y":-64,"z":0},"rotation":{"x":0,"y":0,"z":0.523598775598299},"scale":{"x":64,"y":80,"z":8}},{"class":"cube","position":{"x":2000,"y":1000,"z":0},"rotation":{"x":0,"y":0,"z":0},"scale":{"x":136,"y":8,"z":16}},{"class":"tip","position":{"x":56,"y":16,"z":0},"rotation":{"x":0,"y":0,"z":0},"scale":{"x":88,"y":16,"z":16},"text":"Please keep your hands and arms inside your box at all times. Looking at you Hazix."},{"class":"spike","position":{"x":2128,"y":1104,"z":0},"rotation":{"x":0,"y":0,"z":3.141592653589793},"scale":{"x":136,"y":104,"z":16}},{"class":"spike","position":{"x":2088,"y":1368,"z":0},"rotation":{"x":0,"y":0,"z":1.3089969389957465},"scale":{"x":592,"y":16,"z":16}},{"class":"reset","position":{"x":2104,"y":1024,"z":0},"rotation":{"x":0,"y":0,"z":0},"scale":{"x":24,"y":40,"z":16}},{"class":"cube","position":{"x":2104,"y":992,"z":0},"rotation":{"x":0,"y":0,"z":0},"scale":{"x":160,"y":16,"z":16}},{"class":"cube","position":{"x":2192,"y":984,"z":0},"rotation":{"x":0,"y":0,"z":-0.2617993877991494},"scale":{"x":32,"y":16,"z":16}},{"class":"cube","position":{"x":2208,"y":968,"z":0},"rotation":{"x":0,"y":0,"z":-0.7853981633974484},"scale":{"x":32,"y":24,"z":16}},{"class":"cube","position":{"x":2376,"y":392,"z":0},"rotation":{"x":0,"y":0,"z":0.2617993877991494},"scale":{"x":8,"y":1176,"z":16}},{"class":"cube","position":{"x":2552,"y":-216,"z":0},"rotation":{"x":0,"y":0,"z":-0.7853981633974484},"scale":{"x":192,"y":32,"z":16}},{"class":"cube","position":{"x":2656,"y":-296,"z":0},"rotation":{"x":0,"y":0,"z":-0.2617993877991494},"scale":{"x":96,"y":-32,"z":16}},{"class":"cube","position":{"x":2768,"y":-296,"z":0},"rotation":{"x":0,"y":0,"z":0},"scale":{"x":160,"y":16,"z":16}},{"class":"cube","position":{"x":2936,"y":-320,"z":0},"rotation":{"x":0,"y":0,"z":0},"scale":{"x":72,"y":48,"z":16}},{"class":"cube","position":{"x":2976,"y":-320,"z":0},"rotation":{"x":0,"y":0,"z":0.2617993877991494},"scale":{"x":72,"y":48,"z":16}},{"class":"cube","position":{"x":3008,"y":-312,"z":0},"rotation":{"x":0,"y":0,"z":0.5235987755982991},"scale":{"x":72,"y":48,"z":16}},{"class":"cube","position":{"x":3032,"y":-296,"z":0},"rotation":{"x":0,"y":0,"z":-2.356194490192345},"scale":{"x":72,"y":48,"z":16}},{"class":"cube","position":{"x":3056,"y":-272,"z":0},"rotation":{"x":0,"y":0,"z":-2.0943951023931957},"scale":{"x":72,"y":48,"z":16}},{"class":"cube","position":{"x":3064,"y":-256,"z":0},"rotation":{"x":0,"y":0,"z":-1.8325957145940468},"scale":{"x":72,"y":48,"z":16}},{"class":"cube","position":{"x":3072,"y":-216,"z":0},"rotation":{"x":0,"y":0,"z":-1.5707963267948974},"scale":{"x":72,"y":48,"z":16}},{"class":"cube","position":{"x":3072,"y":-184,"z":0},"rotation":{"x":0,"y":0,"z":-1.5707963267948974},"scale":{"x":72,"y":48,"z":16}},{"class":"cube","position":{"x":3072,"y":-152,"z":0},"rotation":{"x":0,"y":0,"z":-1.308996938995748},"scale":{"x":72,"y":48,"z":16}},{"class":"cube","position":{"x":3064,"y":-136,"z":0},"rotation":{"x":0,"y":0,"z":-1.0471975511965987},"scale":{"x":72,"y":48,"z":16}},{"class":"cube","position":{"x":3040,"y":-104,"z":0},"rotation":{"x":0,"y":0,"z":-0.7853981633974497},"scale":{"x":72,"y":48,"z":16}},{"class":"cube","position":{"x":3024,"y":-96,"z":0},"rotation":{"x":0,"y":0,"z":-0.5235987755983003},"scale":{"x":72,"y":48,"z":16}},{"class":"cube","position":{"x":2992,"y":-80,"z":0},"rotation":{"x":0,"y":0,"z":2.8797932657906427},"scale":{"x":72,"y":48,"z":16}},{"class":"cube","position":{"x":2952,"y":-72,"z":0},"rotation":{"x":0,"y":0,"z":3.1415926535897922},"scale":{"x":72,"y":48,"z":16}},{"class":"cube","position":{"x":2832,"y":-176,"z":0},"rotation":{"x":0,"y":0,"z":1.570796326794896},"scale":{"x":72,"y":48,"z":16}},{"class":"cube","position":{"x":2840,"y":-144,"z":0},"rotation":{"x":0,"y":0,"z":1.3089969389957465},"scale":{"x":72,"y":48,"z":16}},{"class":"cube","position":{"x":2848,"y":-128,"z":0},"rotation":{"x":0,"y":0,"z":1.0471975511965972},"scale":{"x":72,"y":48,"z":16}},{"class":"cube","position":{"x":2856,"y":-112,"z":0},"rotation":{"x":0,"y":0,"z":0.7853981633974477},"scale":{"x":72,"y":48,"z":16}},{"class":"cube","position":{"x":2888,"y":-88,"z":0},"rotation":{"x":0,"y":0,"z":0.5235987755982985},"scale":{"x":72,"y":48,"z":16}},{"class":"cube","position":{"x":2904,"y":-80,"z":0},"rotation":{"x":0,"y":0,"z":0.2617993877991492},"scale":{"x":72,"y":48,"z":16}},{"class":"cube","position":{"x":2832,"y":-328,"z":0},"rotation":{"x":0,"y":0,"z":1.570796326794896},"scale":{"x":72,"y":48,"z":16}},{"class":"cube","position":{"x":2832,"y":-392,"z":0},"rotation":{"x":0,"y":0,"z":1.570796326794896},"scale":{"x":72,"y":48,"z":16}},{"class":"cube","position":{"x":2840,"y":-448,"z":0},"rotation":{"x":0,"y":0,"z":1.832595714594046},"scale":{"x":72,"y":48,"z":16}},{"class":"cube","position":{"x":2856,"y":-496,"z":0},"rotation":{"x":0,"y":0,"z":2.0943951023931957},"scale":{"x":72,"y":48,"z":16}},{"class":"cube","position":{"x":2872,"y":-520,"z":0},"rotation":{"x":0,"y":0,"z":2.3561944901923453},"scale":{"x":72,"y":48,"z":16}},{"class":"cube","position":{"x":2896,"y":-536,"z":0},"rotation":{"x":0,"y":0,"z":2.617993877991495},"scale":{"x":72,"y":48,"z":16}},{"class":"cube","position":{"x":2920,"y":-544,"z":0},"rotation":{"x":0,"y":0,"z":2.8797932657906444},"scale":{"x":72,"y":48,"z":16}},{"class":"cube","position":{"x":2968,"y":-552,"z":0},"rotation":{"x":0,"y":0,"z":4.440892098500626e-16},"scale":{"x":224,"y":48,"z":16}},{"class":"direction","position":{"x":1968,"y":1008,"z":0},"rotation":{"x":0,"y":0,"z":0},"scale":{"x":56,"y":16,"z":16}},{"class":"bounce","position":{"x":3112,"y":-552,"z":0},"rotation":{"x":0,"y":0,"z":0},"scale":{"x":104,"y":48,"z":16}},{"class":"cube","position":{"x":4864,"y":-608,"z":0},"rotation":{"x":0,"y":0,"z":0},"scale":{"x":120,"y":16,"z":16}},{"class":"cube","position":{"x":8696,"y":-752,"z":0},"rotation":{"x":0,"y":0,"z":0},"scale":{"x":1064,"y":16,"z":16}},{"class":"cube","position":{"x":9464,"y":-672,"z":0},"rotation":{"x":0,"y":0,"z":0.523598775598299},"scale":{"x":224,"y":40,"z":16}},{"class":"cube","position":{"x":9624,"y":-552,"z":0},"rotation":{"x":0,"y":0,"z":0.7853981633974484},"scale":{"x":224,"y":40,"z":16}},{"class":"cube","position":{"x":9752,"y":-384,"z":0},"rotation":{"x":0,"y":0,"z":1.047197551196598},"scale":{"x":224,"y":40,"z":16}},{"class":"cube","position":{"x":9832,"y":-192,"z":0},"rotation":{"x":0,"y":0,"z":1.3089969389957476},"scale":{"x":392,"y":40,"z":16}},{"class":"cube","position":{"x":0,"y":-40,"z":-32},"rotation":{"x":0,"y":0,"z":0},"scale":{"x":16,"y":16,"z":16}},{"class":"reset","position":{"x":6872,"y":-792,"z":0},"rotation":{"x":0,"y":0,"z":0},"scale":{"x":72,"y":64,"z":16}},{"class":"cube","position":{"x":9928,"y":88,"z":0},"rotation":{"x":0,"y":0,"z":1.5707963267948972},"scale":{"x":1184,"y":168,"z":16}},{"class":"cube","position":{"x":5824,"y":-856,"z":0},"rotation":{"x":0,"y":0,"z":0},"scale":{"x":368,"y":16,"z":16}},{"class":"bounce","position":{"x":5632,"y":-816,"z":0},"rotation":{"x":0,"y":0,"z":-1.5707963267948963},"scale":{"x":80,"y":40,"z":16}},{"class":"spike","position":{"x":2200,"y":1056,"z":0},"rotation":{"x":0,"y":0,"z":-2.617993877991495},"scale":{"x":8,"y":400,"z":16}},{"class":"spike","position":{"x":6768,"y":-736,"z":0},"rotation":{"x":0,"y":0,"z":3.141592653589793},"scale":{"x":136,"y":16,"z":16}},{"class":"cube","position":{"x":9288,"y":-728,"z":0},"rotation":{"x":0,"y":0,"z":0.2617993877991494},"scale":{"x":192,"y":8,"z":16}},{"class":"cube","position":{"x":8512,"y":-864,"z":0},"rotation":{"x":0,"y":0,"z":0},"scale":{"x":888,"y":16,"z":16}},{"class":"spike","position":{"x":8968,"y":-776,"z":0},"rotation":{"x":0,"y":0,"z":1.5707963267948963},"scale":{"x":56,"y":16,"z":16}},{"class":"bounce","position":{"x":9000,"y":-832,"z":0},"rotation":{"x":0,"y":0,"z":2.356194490192345},"scale":{"x":104,"y":16,"z":16}},{"class":"bounce","position":{"x":9024,"y":-904,"z":0},"rotation":{"x":0,"y":0,"z":0.7853981633974484},"scale":{"x":296,"y":16,"z":16}},{"class":"gravity","position":{"x":8960,"y":-904,"z":0},"rotation":{"x":0,"y":0,"z":3.141592653589793},"scale":{"x":16,"y":-72,"z":16}},{"class":"direction","position":{"x":2000,"y":1104,"z":0},"rotation":{"x":0,"y":0,"z":0},"scale":{"x":136,"y":72,"z":16}},{"class":"spike","position":{"x":5872,"y":-728,"z":0},"rotation":{"x":0,"y":0,"z":0},"scale":{"x":16,"y":16,"z":16}},{"class":"spike","position":{"x":5856,"y":-728,"z":0},"rotation":{"x":0,"y":0,"z":0},"scale":{"x":16,"y":16,"z":16}},{"class":"spike","position":{"x":5840,"y":-728,"z":0},"rotation":{"x":0,"y":0,"z":0},"scale":{"x":16,"y":16,"z":16}},{"class":"spike","position":{"x":5888,"y":-728,"z":0},"rotation":{"x":0,"y":0,"z":0},"scale":{"x":16,"y":16,"z":16}},{"class":"spike","position":{"x":5904,"y":-728,"z":0},"rotation":{"x":0,"y":0,"z":0},"scale":{"x":16,"y":16,"z":16}},{"class":"spike","position":{"x":5920,"y":-728,"z":0},"rotation":{"x":0,"y":0,"z":0},"scale":{"x":16,"y":16,"z":16}},{"class":"spike","position":{"x":5824,"y":-728,"z":0},"rotation":{"x":0,"y":0,"z":0},"scale":{"x":16,"y":16,"z":16}},{"class":"spike","position":{"x":5808,"y":-728,"z":0},"rotation":{"x":0,"y":0,"z":0},"scale":{"x":16,"y":16,"z":16}},{"class":"spike","position":{"x":5792,"y":-728,"z":0},"rotation":{"x":0,"y":0,"z":0},"scale":{"x":16,"y":16,"z":16}},{"class":"spike","position":{"x":5776,"y":-728,"z":0},"rotation":{"x":0,"y":0,"z":0},"scale":{"x":16,"y":16,"z":16}},{"class":"spike","position":{"x":5776,"y":-728,"z":0},"rotation":{"x":0,"y":0,"z":3.141592653589793},"scale":{"x":16,"y":16,"z":16}},{"class":"spike","position":{"x":5792,"y":-728,"z":0},"rotation":{"x":0,"y":0,"z":3.141592653589793},"scale":{"x":16,"y":16,"z":16}},{"class":"spike","position":{"x":5808,"y":-728,"z":0},"rotation":{"x":0,"y":0,"z":3.141592653589793},"scale":{"x":16,"y":16,"z":16}},{"class":"spike","position":{"x":5824,"y":-728,"z":0},"rotation":{"x":0,"y":0,"z":3.141592653589793},"scale":{"x":16,"y":16,"z":16}},{"class":"spike","position":{"x":5840,"y":-728,"z":0},"rotation":{"x":0,"y":0,"z":3.141592653589793},"scale":{"x":16,"y":16,"z":16}},{"class":"spike","position":{"x":5856,"y":-728,"z":0},"rotation":{"x":0,"y":0,"z":3.141592653589793},"scale":{"x":16,"y":16,"z":16}},{"class":"spike","position":{"x":5872,"y":-728,"z":0},"rotation":{"x":0,"y":0,"z":3.141592653589793},"scale":{"x":16,"y":16,"z":16}},{"class":"spike","position":{"x":5888,"y":-728,"z":0},"rotation":{"x":0,"y":0,"z":3.141592653589793},"scale":{"x":16,"y":16,"z":16}},{"class":"spike","position":{"x":5904,"y":-728,"z":0},"rotation":{"x":0,"y":0,"z":3.141592653589793},"scale":{"x":16,"y":16,"z":16}},{"class":"spike","position":{"x":5920,"y":-728,"z":0},"rotation":{"x":0,"y":0,"z":3.141592653589793},"scale":{"x":16,"y":16,"z":16}},{"class":"spike","position":{"x":5760,"y":-728,"z":0},"rotation":{"x":0,"y":0,"z":0},"scale":{"x":16,"y":16,"z":16}},{"class":"spike","position":{"x":5744,"y":-728,"z":0},"rotation":{"x":0,"y":0,"z":0},"scale":{"x":16,"y":16,"z":16}},{"class":"spike","position":{"x":5728,"y":-728,"z":0},"rotation":{"x":0,"y":0,"z":0},"scale":{"x":16,"y":16,"z":16}},{"class":"spike","position":{"x":5712,"y":-728,"z":0},"rotation":{"x":0,"y":0,"z":0},"scale":{"x":16,"y":16,"z":16}},{"class":"spike","position":{"x":5696,"y":-728,"z":0},"rotation":{"x":0,"y":0,"z":0},"scale":{"x":16,"y":16,"z":16}},{"class":"spike","position":{"x":5680,"y":-728,"z":0},"rotation":{"x":0,"y":0,"z":0},"scale":{"x":16,"y":16,"z":16}},{"class":"spike","position":{"x":5664,"y":-728,"z":0},"rotation":{"x":0,"y":0,"z":0},"scale":{"x":16,"y":16,"z":16}},{"class":"spike","position":{"x":5648,"y":-728,"z":0},"rotation":{"x":0,"y":0,"z":0},"scale":{"x":16,"y":16,"z":16}},{"class":"spike","position":{"x":5760,"y":-728,"z":0},"rotation":{"x":0,"y":0,"z":3.141592653589793},"scale":{"x":16,"y":16,"z":16}},{"class":"spike","position":{"x":5744,"y":-728,"z":0},"rotation":{"x":0,"y":0,"z":3.141592653589793},"scale":{"x":16,"y":16,"z":16}},{"class":"spike","position":{"x":5728,"y":-728,"z":0},"rotation":{"x":0,"y":0,"z":3.141592653589793},"scale":{"x":16,"y":16,"z":16}},{"class":"spike","position":{"x":5712,"y":-728,"z":0},"rotation":{"x":0,"y":0,"z":3.141592653589793},"scale":{"x":16,"y":16,"z":16}},{"class":"spike","position":{"x":5696,"y":-728,"z":0},"rotation":{"x":0,"y":0,"z":3.141592653589793},"scale":{"x":16,"y":16,"z":16}},{"class":"spike","position":{"x":5680,"y":-728,"z":0},"rotation":{"x":0,"y":0,"z":3.141592653589793},"scale":{"x":16,"y":16,"z":16}},{"class":"spike","position":{"x":5664,"y":-728,"z":0},"rotation":{"x":0,"y":0,"z":3.141592653589793},"scale":{"x":16,"y":16,"z":16}},{"class":"spike","position":{"x":5648,"y":-728,"z":0},"rotation":{"x":0,"y":0,"z":3.141592653589793},"scale":{"x":16,"y":16,"z":16}},{"class":"spike","position":{"x":5640,"y":-752,"z":0},"rotation":{"x":0,"y":0,"z":1.5707963267948963},"scale":{"x":56,"y":16,"z":16}},{"class":"gravity","position":{"x":8264,"y":-928,"z":0},"rotation":{"x":0,"y":0,"z":-1.570796326794897},"scale":{"x":-112,"y":24,"z":16}},{"class":"spike","position":{"x":8136,"y":-800,"z":0},"rotation":{"x":0,"y":0,"z":1.0471975511965976},"scale":{"x":16,"y":16,"z":16}},{"class":"spike","position":{"x":8144,"y":-784,"z":0},"rotation":{"x":0,"y":0,"z":1.0471975511965976},"scale":{"x":16,"y":16,"z":16}},{"class":"spike","position":{"x":8152,"y":-768,"z":0},"rotation":{"x":0,"y":0,"z":1.0471975511965976},"scale":{"x":16,"y":16,"z":16}},{"class":"tip","position":{"x":0,"y":0,"z":0},"rotation":{"x":0,"y":0,"z":0},"scale":{"x":16,"y":16,"z":16},"text":"<h3>Roller Coaster</h3><p>By rubymaster13</p><p>Author Time: find the third text box</p>"},{"class":"finish","position":{"x":-104,"y":-48,"z":0},"rotation":{"x":0,"y":0,"z":0},"scale":{"x":16,"y":16,"z":16}},{"class":"cube","position":{"x":-136,"y":-896,"z":0},"rotation":{"x":0,"y":0,"z":0},"scale":{"x":440,"y":16,"z":16}},{"class":"cube","position":{"x":-408,"y":-896,"z":0},"rotation":{"x":0,"y":0,"z":-0.2617993877991494},"scale":{"x":-160,"y":48,"z":16}},{"class":"cube","position":{"x":-504,"y":-856,"z":0},"rotation":{"x":0,"y":0,"z":-0.523598775598299},"scale":{"x":-160,"y":48,"z":16}},{"class":"cube","position":{"x":-584,"y":-792,"z":0},"rotation":{"x":0,"y":0,"z":-0.7853981633974484},"scale":{"x":-160,"y":48,"z":16}},{"class":"cube","position":{"x":-648,"y":-720,"z":0},"rotation":{"x":0,"y":0,"z":-1.047197551196598},"scale":{"x":-160,"y":56,"z":16}},{"class":"cube","position":{"x":-704,"y":-600,"z":0},"rotation":{"x":0,"y":0,"z":-1.3089969389957476},"scale":{"x":-160,"y":56,"z":16}},{"class":"cube","position":{"x":-704,"y":-552,"z":0},"rotation":{"x":0,"y":0,"z":1.570796326794896},"scale":{"x":-160,"y":32,"z":16}},{"class":"cube","position":{"x":-696,"y":-352,"z":0},"rotation":{"x":0,"y":0,"z":1.570796326794896},"scale":{"x":-160,"y":8,"z":16}},{"class":"cube","position":{"x":-688,"y":-248,"z":0},"rotation":{"x":0,"y":0,"z":1.3089969389957465},"scale":{"x":-104,"y":16,"z":16}},{"class":"cube","position":{"x":-656,"y":-168,"z":0},"rotation":{"x":0,"y":0,"z":1.0471975511965972},"scale":{"x":-104,"y":16,"z":16}},{"class":"cube","position":{"x":-608,"y":-104,"z":0},"rotation":{"x":0,"y":0,"z":0.7853981633974477},"scale":{"x":-104,"y":16,"z":16}},{"class":"cube","position":{"x":-536,"y":-48,"z":0},"rotation":{"x":0,"y":0,"z":0.5235987755982985},"scale":{"x":-104,"y":16,"z":16}},{"class":"cube","position":{"x":-456,"y":-16,"z":0},"rotation":{"x":0,"y":0,"z":0.2617993877991492},"scale":{"x":-104,"y":16,"z":16}},{"class":"cube","position":{"x":-376,"y":-8,"z":0},"rotation":{"x":0,"y":0,"z":-2.2204460492503136e-16},"scale":{"x":-104,"y":16,"z":16}},{"class":"cube","position":{"x":-296,"y":-16,"z":0},"rotation":{"x":0,"y":0,"z":-0.26179938779914963},"scale":{"x":-104,"y":16,"z":16}},{"class":"cube","position":{"x":-216,"y":-48,"z":0},"rotation":{"x":0,"y":0,"z":-0.5235987755982993},"scale":{"x":-104,"y":16,"z":16}},{"class":"cube","position":{"x":-152,"y":-96,"z":0},"rotation":{"x":0,"y":0,"z":-0.7853981633974491},"scale":{"x":-104,"y":16,"z":16}},{"class":"cube","position":{"x":-104,"y":-152,"z":0},"rotation":{"x":0,"y":0,"z":-1.047197551196599},"scale":{"x":-72,"y":16,"z":16}},{"class":"cube","position":{"x":-88,"y":-192,"z":0},"rotation":{"x":0,"y":0,"z":-1.3089969389957488},"scale":{"x":-72,"y":16,"z":16}},{"class":"cube","position":{"x":-80,"y":-248,"z":0},"rotation":{"x":0,"y":0,"z":-1.5707963267948981},"scale":{"x":-72,"y":16,"z":16}},{"class":"cube","position":{"x":-88,"y":-312,"z":0},"rotation":{"x":0,"y":0,"z":-1.832595714594048},"scale":{"x":-72,"y":16,"z":16}},{"class":"cube","position":{"x":-112,"y":-368,"z":0},"rotation":{"x":0,"y":0,"z":-2.094395102393198},"scale":{"x":-72,"y":16,"z":16}},{"class":"cube","position":{"x":-152,"y":-416,"z":0},"rotation":{"x":0,"y":0,"z":-2.3561944901923475},"scale":{"x":-120,"y":16,"z":16}},{"class":"cube","position":{"x":-176,"y":-432,"z":0},"rotation":{"x":0,"y":0,"z":-2.6179938779914966},"scale":{"x":-72,"y":16,"z":16}},{"class":"cube","position":{"x":-224,"y":-456,"z":0},"rotation":{"x":0,"y":0,"z":-2.879793265790646},"scale":{"x":-216,"y":16,"z":16}},{"class":"spike","position":{"x":-424,"y":-472,"z":0},"rotation":{"x":0,"y":0,"z":-3.141592653589793},"scale":{"x":432,"y":8,"z":16}},{"class":"gravity","position":{"x":-144,"y":-880,"z":0},"rotation":{"x":0,"y":0,"z":0},"scale":{"x":336,"y":-16,"z":16}},{"class":"spike","position":{"x":8160,"y":-760,"z":0},"rotation":{"x":0,"y":0,"z":1.0471975511965976},"scale":{"x":16,"y":16,"z":16}},{"class":"cube","position":{"x":-2264,"y":-440,"z":0},"rotation":{"x":0,"y":0,"z":0},"scale":{"x":224,"y":1224,"z":16}},{"class":"spike","position":{"x":-96,"y":-48,"z":0},"rotation":{"x":0,"y":0,"z":-1.5707963267948963},"scale":{"x":24,"y":24,"z":16}},{"class":"spike","position":{"x":-96,"y":-48,"z":0},"rotation":{"x":0,"y":0,"z":-2.220446049250313e-16},"scale":{"x":24,"y":24,"z":16}},{"class":"cube","position":{"x":-2264,"y":-424,"z":0},"rotation":{"x":0,"y":0,"z":0.2617993877991494},"scale":{"x":224,"y":1224,"z":16}},{"class":"cube","position":{"x":-2264,"y":-552,"z":0},"rotation":{"x":0,"y":0,"z":0.523598775598299},"scale":{"x":224,"y":1224,"z":16}},{"class":"cube","position":{"x":-2264,"y":-664,"z":0},"rotation":{"x":0,"y":0,"z":0.7853981633974484},"scale":{"x":224,"y":1224,"z":16}},{"class":"cube","position":{"x":-2264,"y":-784,"z":0},"rotation":{"x":0,"y":0,"z":1.047197551196598},"scale":{"x":224,"y":1224,"z":16}},{"class":"cube","position":{"x":-2264,"y":-912,"z":0},"rotation":{"x":0,"y":0,"z":1.3089969389957476},"scale":{"x":224,"y":1224,"z":16}},{"class":"cube","position":{"x":-2072,"y":-1056,"z":0},"rotation":{"x":0,"y":0,"z":1.5707963267948972},"scale":{"x":224,"y":1224,"z":16}},{"class":"bounce","position":{"x":-1352,"y":-1048,"z":0},"rotation":{"x":0,"y":0,"z":5.551115123125783e-16},"scale":{"x":224,"y":208,"z":16}},{"class":"bounce","position":{"x":-1016,"y":-896,"z":0},"rotation":{"x":0,"y":0,"z":0.7853981633974474},"scale":{"x":464,"y":96,"z":16}},{"class":"cube","position":{"x":-904,"y":-1000,"z":0},"rotation":{"x":0,"y":0,"z":0.7853981633974474},"scale":{"x":464,"y":400,"z":16}},{"class":"bounce","position":{"x":3112,"y":-488,"z":0},"rotation":{"x":0,"y":0,"z":3.141592653589793},"scale":{"x":104,"y":48,"z":16}},{"class":"spike","position":{"x":8680,"y":-880,"z":0},"rotation":{"x":0,"y":0,"z":3.141592653589793},"scale":{"x":16,"y":16,"z":16}},{"class":"spike","position":{"x":8680,"y":-880,"z":0},"rotation":{"x":0,"y":0,"z":-1.570796326794897},"scale":{"x":16,"y":16,"z":16}},{"class":"cube","position":{"x":8216,"y":-896,"z":0},"rotation":{"x":0,"y":0,"z":0},"scale":{"x":192,"y":16,"z":16}},{"class":"cube","position":{"x":3040,"y":-504,"z":0},"rotation":{"x":0,"y":0,"z":0},"scale":{"x":120,"y":16,"z":16}},{"class":"cube","position":{"x":2072,"y":1056,"z":0},"rotation":{"x":0,"y":0,"z":0},"scale":{"x":16,"y":16,"z":16}},{"class":"cube","position":{"x":-1184,"y":360,"z":0},"rotation":{"x":0,"y":0,"z":0.7853981633974474},"scale":{"x":776,"y":400,"z":16}},{"class":"cube","position":{"x":-520,"y":680,"z":0},"rotation":{"x":0,"y":0,"z":-9.992007221626409e-16},"scale":{"x":776,"y":400,"z":16}},{"class":"cube","position":{"x":-320,"y":408,"z":0},"rotation":{"x":0,"y":0,"z":0},"scale":{"x":192,"y":168,"z":16}},{"class":"cube","position":{"x":-496,"y":80,"z":0},"rotation":{"x":0,"y":0,"z":-0.5235987755982987},"scale":{"x":304,"y":16,"z":16}},{"class":"cube","position":{"x":-280,"y":-16,"z":0},"rotation":{"x":0,"y":0,"z":-0.26179938779914963},"scale":{"x":-352,"y":16,"z":16}},{"class":"tip","position":{"x":9832,"y":72,"z":0},"rotation":{"x":0,"y":0,"z":0},"scale":{"x":16,"y":16,"z":16},"text":"<p>Author Time: 4.992</p><p>Gold: 8.000</p><p>Silver: 30.000</p><p>Bronze: 40.000</p>"},{"class":"finish","position":{"x":9832,"y":672,"z":0},"rotation":{"x":0,"y":0,"z":0},"scale":{"x":16,"y":16,"z":16}},{"class":"resize","position":{"x":2864,"y":-312,"z":0},"rotation":{"x":0,"y":0,"z":0},"scale":{"x":8,"y":8,"z":16}},{"class":"resize","position":{"x":2880,"y":-312,"z":0},"rotation":{"x":0,"y":0,"z":0},"scale":{"x":8,"y":8,"z":16}},{"class":"resize","position":{"x":2896,"y":-312,"z":0},"rotation":{"x":0,"y":0,"z":0},"scale":{"x":8,"y":8,"z":16}},{"class":"resize","position":{"x":2992,"y":-520,"z":0},"rotation":{"x":0,"y":0,"z":0},"scale":{"x":16,"y":16,"z":16}},{"class":"resize","position":{"x":8328,"y":-880,"z":0},"rotation":{"x":0,"y":0,"z":0},"scale":{"x":8,"y":8,"z":16}},{"class":"resize","position":{"x":8216,"y":-880,"z":0},"rotation":{"x":0,"y":0,"z":0},"scale":{"x":16,"y":16,"z":16}},{"class":"resize","position":{"x":8328,"y":-896,"z":0},"rotation":{"x":0,"y":0,"z":0},"scale":{"x":8,"y":8,"z":16}},{"class":"cube","position":{"x":-288,"y":-32,"z":0},"rotation":{"x":0,"y":0,"z":0},"scale":{"x":16,"y":16,"z":16}}]}