{"name":"Speed Spider","children":[{"class":"player","position":{"x":0,"y":2000,"z":0},"rotation":{"x":0,"y":0,"z":0},"scale":{"x":16,"y":16,"z":16},"isStatic":false,"friction":0},{"class":"grapple","position":{"x":0,"y":1936,"z":0},"rotation":{"x":0,"y":0,"z":-0.2617993877991494},"scale":{"x":64,"y":16,"z":16}},{"class":"cube","position":{"x":-200,"y":2008,"z":0},"rotation":{"x":0,"y":0,"z":0},"scale":{"x":344,"y":568,"z":24}},{"class":"cube","position":{"x":40,"y":2312,"z":0},"rotation":{"x":0,"y":0,"z":0.5235987755982987},"scale":{"x":424,"y":296,"z":16}},{"class":"cube","position":{"x":288,"y":2248,"z":0},"rotation":{"x":0,"y":0,"z":-0.2617993877991494},"scale":{"x":720,"y":216,"z":24}},{"class":"cube","position":{"x":152,"y":1776,"z":0},"rotation":{"x":0,"y":0,"z":-0.2617993877991494},"scale":{"x":464,"y":224,"z":23}},{"class":"cube","position":{"x":744,"y":1928,"z":0},"rotation":{"x":0,"y":0,"z":0},"scale":{"x":360,"y":688,"z":24}},{"class":"cube","position":{"x":272,"y":1824,"z":0},"rotation":{"x":0,"y":0,"z":0.2617993877991494},"scale":{"x":168,"y":144,"z":16}},{"class":"cube","position":{"x":248,"y":1464,"z":0},"rotation":{"x":0,"y":0,"z":0},"scale":{"x":200,"y":432,"z":16}},{"class":"cube","position":{"x":432,"y":1224,"z":0},"rotation":{"x":0,"y":0,"z":-0.5235987755982987},"scale":{"x":392,"y":256,"z":24}},{"class":"cube","position":{"x":704,"y":1208,"z":0},"rotation":{"x":0,"y":0,"z":0.2617993877991494},"scale":{"x":256,"y":184,"z":16}},{"class":"cube","position":{"x":696,"y":1592,"z":0},"rotation":{"x":0,"y":0,"z":0.7853981633974484},"scale":{"x":192,"y":168,"z":16}},{"class":"cube","position":{"x":1072,"y":1488,"z":0},"rotation":{"x":0,"y":0,"z":-0.523598775598299},"scale":{"x":616,"y":160,"z":24}},{"class":"cube","position":{"x":1008,"y":1104,"z":0},"rotation":{"x":0,"y":0,"z":-1.1102230246251565e-16},"scale":{"x":472,"y":184,"z":24}},{"class":"cube","position":{"x":1400,"y":1296,"z":0},"rotation":{"x":0,"y":0,"z":0.2617993877991494},"scale":{"x":224,"y":440,"z":16}},{"class":"cube","position":{"x":1472,"y":992,"z":0},"rotation":{"x":0,"y":0,"z":0},"scale":{"x":256,"y":304,"z":24}},{"class":"cube","position":{"x":1392,"y":736,"z":0},"rotation":{"x":0,"y":0,"z":-0.7853981633974484},"scale":{"x":232,"y":480,"z":24}},{"class":"cube","position":{"x":1064,"y":624,"z":0},"rotation":{"x":0,"y":0,"z":-0.2617993877991494},"scale":{"x":304,"y":224,"z":24}},{"class":"cube","position":{"x":664,"y":696,"z":0},"rotation":{"x":0,"y":0,"z":0},"scale":{"x":576,"y":152,"z":24}},{"class":"cube","position":{"x":568,"y":1072,"z":0},"rotation":{"x":0,"y":0,"z":0.2617993877991494},"scale":{"x":472,"y":224,"z":24}},{"class":"bounce","position":{"x":40,"y":624,"z":0},"rotation":{"x":0,"y":0,"z":-1.570796326794897},"scale":{"x":328,"y":40,"z":15}},{"class":"cube","position":{"x":192,"y":1024,"z":0},"rotation":{"x":0,"y":0,"z":0.7853981633974484},"scale":{"x":608,"y":200,"z":24}},{"class":"cube","position":{"x":-80,"y":656,"z":0},"rotation":{"x":0,"y":0,"z":0},"scale":{"x":208,"y":552,"z":24}},{"class":"cube","position":{"x":232,"y":272,"z":0},"rotation":{"x":0,"y":0,"z":-0.2617993877991494},"scale":{"x":648,"y":280,"z":24}},{"class":"cube","position":{"x":712,"y":56,"z":0},"rotation":{"x":0,"y":0,"z":0},"scale":{"x":848,"y":256,"z":24}},{"class":"cube","position":{"x":1408,"y":144,"z":0},"rotation":{"x":0,"y":0,"z":0.5235987755982987},"scale":{"x":792,"y":232,"z":24}},{"class":"cube","position":{"x":1744,"y":392,"z":0},"rotation":{"x":0,"y":0,"z":-0.2617993877991494},"scale":{"x":192,"y":384,"z":24}},{"class":"finish","position":{"x":1976,"y":464,"z":0},"rotation":{"x":0,"y":0,"z":0},"scale":{"x":112,"y":104,"z":80}},{"class":"tip","position":{"x":8,"y":1920,"z":1},"rotation":{"x":0,"y":0,"z":-1.570796326794897},"scale":{"x":16,"y":16,"z":24},"text":""},{"class":"tip","position":{"x":8,"y":1920,"z":1},"rotation":{"x":0,"y":0,"z":1.5707963267948961},"scale":{"x":16,"y":16,"z":24},"text":""},{"class":"tip","position":{"x":0,"y":1912,"z":1},"rotation":{"x":0,"y":0,"z":0},"scale":{"x":16,"y":16,"z":24},"text":""},{"class":"tip","position":{"x":0,"y":1912,"z":1},"rotation":{"x":0,"y":0,"z":3.141592653589793},"scale":{"x":16,"y":16,"z":24},"text":""},{"class":"cube","position":{"x":560,"y":2064,"z":0},"rotation":{"x":0,"y":0,"z":0.7853981633974484},"scale":{"x":120,"y":240,"z":16}},{"class":"tip","position":{"x":0,"y":1896,"z":1},"rotation":{"x":0,"y":0,"z":0},"scale":{"x":16,"y":16,"z":24},"text":""},{"class":"tip","position":{"x":0,"y":1896,"z":1},"rotation":{"x":0,"y":0,"z":-3.141592653589793},"scale":{"x":16,"y":16,"z":24},"text":""},{"class":"tip","position":{"x":8,"y":1888,"z":1},"rotation":{"x":0,"y":0,"z":1.570796326794897},"scale":{"x":16,"y":16,"z":24},"text":""},{"class":"tip","position":{"x":8,"y":1888,"z":1},"rotation":{"x":0,"y":0,"z":-1.5707963267948961},"scale":{"x":16,"y":16,"z":24},"text":""},{"class":"tip","position":{"x":0,"y":1904,"z":1},"rotation":{"x":0,"y":0,"z":0},"scale":{"x":16,"y":16,"z":24},"text":""},{"class":"tip","position":{"x":0,"y":1904,"z":1},"rotation":{"x":0,"y":0,"z":-3.141592653589793},"scale":{"x":16,"y":16,"z":24},"text":""},{"class":"tip","position":{"x":24,"y":1888,"z":1},"rotation":{"x":0,"y":0,"z":0},"scale":{"x":16,"y":16,"z":24},"text":""},{"class":"tip","position":{"x":24,"y":1888,"z":1},"rotation":{"x":0,"y":0,"z":-3.141592653589793},"scale":{"x":16,"y":16,"z":24},"text":""},{"class":"tip","position":{"x":24,"y":1896,"z":1},"rotation":{"x":0,"y":0,"z":-3.141592653589793},"scale":{"x":16,"y":16,"z":24},"text":""},{"class":"tip","position":{"x":24,"y":1896,"z":1},"rotation":{"x":0,"y":0,"z":0},"scale":{"x":16,"y":16,"z":24},"text":""},{"class":"tip","position":{"x":24,"y":1904,"z":1},"rotation":{"x":0,"y":0,"z":0},"scale":{"x":16,"y":16,"z":24},"text":""},{"class":"tip","position":{"x":24,"y":1904,"z":1},"rotation":{"x":0,"y":0,"z":-3.141592653589793},"scale":{"x":16,"y":16,"z":24},"text":""},{"class":"tip","position":{"x":32,"y":1896,"z":1},"rotation":{"x":0,"y":0,"z":-1.570796326794897},"scale":{"x":16,"y":16,"z":24},"text":""},{"class":"tip","position":{"x":32,"y":1896,"z":1},"rotation":{"x":0,"y":0,"z":1.5707963267948961},"scale":{"x":16,"y":16,"z":24},"text":""},{"class":"tip","position":{"x":40,"y":1896,"z":1},"rotation":{"x":0,"y":0,"z":1.1102230246251565e-16},"scale":{"x":16,"y":16,"z":24},"text":""},{"class":"tip","position":{"x":40,"y":1888,"z":1},"rotation":{"x":0,"y":0,"z":-3.141592653589793},"scale":{"x":16,"y":16,"z":24},"text":""},{"class":"tip","position":{"x":40,"y":1904,"z":1},"rotation":{"x":0,"y":0,"z":-3.141592653589793},"scale":{"x":16,"y":16,"z":24},"text":""},{"class":"tip","position":{"x":40,"y":1888,"z":1},"rotation":{"x":0,"y":0,"z":0},"scale":{"x":16,"y":16,"z":24},"text":""},{"class":"tip","position":{"x":40,"y":1904,"z":1},"rotation":{"x":0,"y":0,"z":0},"scale":{"x":16,"y":16,"z":24},"text":""},{"class":"tip","position":{"x":40,"y":1896,"z":1},"rotation":{"x":0,"y":0,"z":-3.141592653589793},"scale":{"x":16,"y":16,"z":24},"text":""},{"class":"tip","position":{"x":48,"y":1880,"z":1},"rotation":{"x":0,"y":0,"z":1.1102230246251565e-16},"scale":{"x":16,"y":16,"z":24},"text":""},{"class":"tip","position":{"x":48,"y":1896,"z":1},"rotation":{"x":0,"y":0,"z":1.1102230246251565e-16},"scale":{"x":16,"y":16,"z":24},"text":""},{"class":"tip","position":{"x":64,"y":1896,"z":1},"rotation":{"x":0,"y":0,"z":1.1102230246251565e-16},"scale":{"x":16,"y":16,"z":24},"text":""},{"class":"tip","position":{"x":64,"y":1880,"z":1},"rotation":{"x":0,"y":0,"z":1.1102230246251565e-16},"scale":{"x":16,"y":16,"z":24},"text":""},{"class":"tip","position":{"x":64,"y":1880,"z":1},"rotation":{"x":0,"y":0,"z":3.141592653589793},"scale":{"x":16,"y":16,"z":24},"text":""},{"class":"tip","position":{"x":64,"y":1896,"z":1},"rotation":{"x":0,"y":0,"z":3.141592653589793},"scale":{"x":16,"y":16,"z":24},"text":""},{"class":"tip","position":{"x":48,"y":1880,"z":1},"rotation":{"x":0,"y":0,"z":3.141592653589793},"scale":{"x":16,"y":16,"z":24},"text":""},{"class":"tip","position":{"x":48,"y":1888,"z":1},"rotation":{"x":0,"y":0,"z":3.141592653589793},"scale":{"x":16,"y":16,"z":24},"text":""},{"class":"tip","position":{"x":48,"y":1896,"z":1},"rotation":{"x":0,"y":0,"z":3.141592653589793},"scale":{"x":16,"y":16,"z":24},"text":""},{"class":"tip","position":{"x":64,"y":1888,"z":1},"rotation":{"x":0,"y":0,"z":3.141592653589793},"scale":{"x":16,"y":16,"z":24},"text":""},{"class":"tip","position":{"x":64,"y":1888,"z":1},"rotation":{"x":0,"y":0,"z":0},"scale":{"x":16,"y":16,"z":24},"text":""},{"class":"tip","position":{"x":48,"y":1888,"z":1},"rotation":{"x":0,"y":0,"z":0},"scale":{"x":16,"y":16,"z":24},"text":""},{"class":"tip","position":{"x":56,"y":1904,"z":1},"rotation":{"x":0,"y":0,"z":1.570796326794897},"scale":{"x":16,"y":16,"z":24},"text":""},{"class":"tip","position":{"x":56,"y":1904,"z":1},"rotation":{"x":0,"y":0,"z":-1.5707963267948961},"scale":{"x":16,"y":16,"z":24},"text":""},{"class":"tip","position":{"x":56,"y":1888,"z":1},"rotation":{"x":0,"y":0,"z":-1.5707963267948961},"scale":{"x":16,"y":16,"z":24},"text":""},{"class":"tip","position":{"x":56,"y":1888,"z":1},"rotation":{"x":0,"y":0,"z":1.5707963267948972},"scale":{"x":16,"y":16,"z":24},"text":""},{"class":"tip","position":{"x":72,"y":1872,"z":1},"rotation":{"x":0,"y":0,"z":3.141592653589793},"scale":{"x":16,"y":16,"z":24},"text":""},{"class":"tip","position":{"x":72,"y":1872,"z":1},"rotation":{"x":0,"y":0,"z":0},"scale":{"x":16,"y":16,"z":24},"text":""},{"class":"tip","position":{"x":72,"y":1880,"z":1},"rotation":{"x":0,"y":0,"z":0},"scale":{"x":16,"y":16,"z":24},"text":""},{"class":"tip","position":{"x":72,"y":1880,"z":1},"rotation":{"x":0,"y":0,"z":3.141592653589793},"scale":{"x":16,"y":16,"z":24},"text":""},{"class":"tip","position":{"x":72,"y":1888,"z":1},"rotation":{"x":0,"y":0,"z":0},"scale":{"x":16,"y":16,"z":24},"text":""},{"class":"tip","position":{"x":72,"y":1888,"z":1},"rotation":{"x":0,"y":0,"z":3.141592653589793},"scale":{"x":16,"y":16,"z":24},"text":""},{"class":"tip","position":{"x":80,"y":1896,"z":1},"rotation":{"x":0,"y":0,"z":-1.570796326794897},"scale":{"x":16,"y":16,"z":24},"text":""},{"class":"tip","position":{"x":80,"y":1896,"z":1},"rotation":{"x":0,"y":0,"z":1.5707963267948961},"scale":{"x":16,"y":16,"z":24},"text":""},{"class":"tip","position":{"x":80,"y":1880,"z":1},"rotation":{"x":0,"y":0,"z":1.5707963267948961},"scale":{"x":16,"y":16,"z":24},"text":""},{"class":"tip","position":{"x":80,"y":1880,"z":1},"rotation":{"x":0,"y":0,"z":-1.5707963267948972},"scale":{"x":16,"y":16,"z":24},"text":""},{"class":"tip","position":{"x":88,"y":1888,"z":1},"rotation":{"x":0,"y":0,"z":3.141592653589793},"scale":{"x":16,"y":16,"z":24},"text":""},{"class":"tip","position":{"x":88,"y":1888,"z":1},"rotation":{"x":0,"y":0,"z":0},"scale":{"x":16,"y":16,"z":24},"text":""},{"class":"tip","position":{"x":88,"y":1872,"z":1},"rotation":{"x":0,"y":0,"z":0.5235987755982987},"scale":{"x":16,"y":16,"z":24},"text":""},{"class":"tip","position":{"x":88,"y":1872,"z":1},"rotation":{"x":0,"y":0,"z":-2.617993877991495},"scale":{"x":16,"y":16,"z":24},"text":""},{"class":"tip","position":{"x":96,"y":1864,"z":1},"rotation":{"x":0,"y":0,"z":3.141592653589793},"scale":{"x":16,"y":16,"z":24},"text":""},{"class":"tip","position":{"x":96,"y":1864,"z":1},"rotation":{"x":0,"y":0,"z":0},"scale":{"x":16,"y":16,"z":24},"text":""},{"class":"tip","position":{"x":96,"y":1872,"z":1},"rotation":{"x":0,"y":0,"z":0},"scale":{"x":16,"y":16,"z":24},"text":""},{"class":"tip","position":{"x":96,"y":1880,"z":1},"rotation":{"x":0,"y":0,"z":0},"scale":{"x":16,"y":16,"z":24},"text":""},{"class":"tip","position":{"x":104,"y":1856,"z":1},"rotation":{"x":0,"y":0,"z":-1.570796326794897},"scale":{"x":16,"y":16,"z":24},"text":""},{"class":"tip","position":{"x":104,"y":1856,"z":1},"rotation":{"x":0,"y":0,"z":1.5707963267948961},"scale":{"x":16,"y":16,"z":24},"text":""},{"class":"tip","position":{"x":96,"y":1872,"z":1},"rotation":{"x":0,"y":0,"z":-3.141592653589793},"scale":{"x":16,"y":16,"z":24},"text":""},{"class":"tip","position":{"x":96,"y":1880,"z":1},"rotation":{"x":0,"y":0,"z":-3.141592653589793},"scale":{"x":16,"y":16,"z":24},"text":""},{"class":"tip","position":{"x":120,"y":1880,"z":1},"rotation":{"x":0,"y":0,"z":-1.570796326794897},"scale":{"x":16,"y":16,"z":24},"text":""},{"class":"tip","position":{"x":120,"y":1872,"z":1},"rotation":{"x":0,"y":0,"z":0},"scale":{"x":16,"y":16,"z":24},"text":""},{"class":"tip","position":{"x":120,"y":1880,"z":1},"rotation":{"x":0,"y":0,"z":1.5707963267948961},"scale":{"x":16,"y":16,"z":24},"text":""},{"class":"tip","position":{"x":120,"y":1864,"z":1},"rotation":{"x":0,"y":0,"z":0},"scale":{"x":16,"y":16,"z":24},"text":""},{"class":"tip","position":{"x":120,"y":1856,"z":1},"rotation":{"x":0,"y":0,"z":0},"scale":{"x":16,"y":16,"z":24},"text":""},{"class":"tip","position":{"x":120,"y":1848,"z":1},"rotation":{"x":0,"y":0,"z":-1.570796326794897},"scale":{"x":16,"y":16,"z":24},"text":""},{"class":"tip","position":{"x":120,"y":1848,"z":1},"rotation":{"x":0,"y":0,"z":1.5707963267948961},"scale":{"x":16,"y":16,"z":24},"text":""},{"class":"tip","position":{"x":120,"y":1872,"z":1},"rotation":{"x":0,"y":0,"z":3.1415926535897927},"scale":{"x":16,"y":16,"z":24},"text":""},{"class":"tip","position":{"x":120,"y":1856,"z":1},"rotation":{"x":0,"y":0,"z":3.1415926535897927},"scale":{"x":16,"y":16,"z":24},"text":""},{"class":"tip","position":{"x":120,"y":1864,"z":1},"rotation":{"x":0,"y":0,"z":3.1415926535897927},"scale":{"x":16,"y":16,"z":24},"text":""},{"class":"tip","position":{"x":136,"y":1864,"z":1},"rotation":{"x":0,"y":0,"z":3.1415926535897927},"scale":{"x":16,"y":16,"z":24},"text":""},{"class":"tip","position":{"x":136,"y":1856,"z":1},"rotation":{"x":0,"y":0,"z":3.1415926535897927},"scale":{"x":16,"y":16,"z":24},"text":""},{"class":"tip","position":{"x":136,"y":1848,"z":1},"rotation":{"x":0,"y":0,"z":3.1415926535897927},"scale":{"x":16,"y":16,"z":24},"text":""},{"class":"tip","position":{"x":136,"y":1864,"z":1},"rotation":{"x":0,"y":0,"z":-6.890185696795333e-16},"scale":{"x":16,"y":16,"z":24},"text":""},{"class":"tip","position":{"x":136,"y":1848,"z":1},"rotation":{"x":0,"y":0,"z":-6.890185696795333e-16},"scale":{"x":16,"y":16,"z":24},"text":""},{"class":"tip","position":{"x":136,"y":1856,"z":1},"rotation":{"x":0,"y":0,"z":-6.890185696795333e-16},"scale":{"x":16,"y":16,"z":24},"text":""},{"class":"tip","position":{"x":144,"y":1872,"z":1},"rotation":{"x":0,"y":0,"z":1.5707963267948961},"scale":{"x":16,"y":16,"z":24},"text":""},{"class":"tip","position":{"x":144,"y":1856,"z":1},"rotation":{"x":0,"y":0,"z":1.5707963267948961},"scale":{"x":16,"y":16,"z":24},"text":""},{"class":"tip","position":{"x":144,"y":1840,"z":1},"rotation":{"x":0,"y":0,"z":1.5707963267948961},"scale":{"x":16,"y":16,"z":24},"text":""},{"class":"tip","position":{"x":144,"y":1840,"z":1},"rotation":{"x":0,"y":0,"z":-1.5707963267948972},"scale":{"x":16,"y":16,"z":24},"text":""},{"class":"tip","position":{"x":144,"y":1856,"z":1},"rotation":{"x":0,"y":0,"z":-1.5707963267948972},"scale":{"x":16,"y":16,"z":24},"text":""},{"class":"tip","position":{"x":144,"y":1872,"z":1},"rotation":{"x":0,"y":0,"z":-1.5707963267948972},"scale":{"x":16,"y":16,"z":24},"text":""}]}