{"name":"Spider Number 1","children":[{"class":"player","position":{"x":-56,"y":-16,"z":0},"rotation":{"x":0,"y":0,"z":1.7283292398020251},"scale":{"x":16,"y":16,"z":16},"isStatic":false,"friction":0},{"class":"cube","position":{"x":136,"y":-136,"z":0},"rotation":{"x":0,"y":0,"z":0},"scale":{"x":16,"y":136,"z":16}},{"class":"grapple","position":{"x":-24,"y":-216,"z":0},"rotation":{"x":0,"y":0,"z":0},"scale":{"x":8,"y":16,"z":16}},{"class":"tip","position":{"x":-120,"y":-80,"z":0},"rotation":{"x":0,"y":0,"z":0},"scale":{"x":16,"y":16,"z":16},"text":"Welcome to my level. Time to beat: 14.187"},{"class":"cube","position":{"x":-136,"y":-360,"z":0},"rotation":{"x":0,"y":0,"z":0},"scale":{"x":16,"y":624,"z":16}},{"class":"cube","position":{"x":-64,"y":-56,"z":0},"rotation":{"x":0,"y":0,"z":0.2617993877991494},"scale":{"x":16,"y":48,"z":16}},{"class":"cube","position":{"x":1016,"y":-664,"z":0},"rotation":{"x":0,"y":0,"z":0},"scale":{"x":2312,"y":16,"z":16}},{"class":"cube","position":{"x":136,"y":-200,"z":0},"rotation":{"x":0,"y":0,"z":0},"scale":{"x":16,"y":16,"z":16}},{"class":"cube","position":{"x":720,"y":-200,"z":0},"rotation":{"x":0,"y":0,"z":0},"scale":{"x":1176,"y":16,"z":16}},{"class":"spike","position":{"x":-104,"y":-648,"z":0},"rotation":{"x":0,"y":0,"z":0},"scale":{"x":40,"y":16,"z":16}},{"class":"spike","position":{"x":376,"y":-648,"z":0},"rotation":{"x":0,"y":0,"z":0},"scale":{"x":40,"y":16,"z":16}},{"class":"spike","position":{"x":336,"y":-648,"z":0},"rotation":{"x":0,"y":0,"z":0},"scale":{"x":40,"y":16,"z":16}},{"class":"spike","position":{"x":296,"y":-648,"z":0},"rotation":{"x":0,"y":0,"z":0},"scale":{"x":40,"y":16,"z":16}},{"class":"spike","position":{"x":256,"y":-648,"z":0},"rotation":{"x":0,"y":0,"z":0},"scale":{"x":40,"y":16,"z":16}},{"class":"spike","position":{"x":216,"y":-648,"z":0},"rotation":{"x":0,"y":0,"z":0},"scale":{"x":40,"y":16,"z":16}},{"class":"spike","position":{"x":176,"y":-648,"z":0},"rotation":{"x":0,"y":0,"z":0},"scale":{"x":40,"y":16,"z":16}},{"class":"spike","position":{"x":136,"y":-648,"z":0},"rotation":{"x":0,"y":0,"z":0},"scale":{"x":40,"y":16,"z":16}},{"class":"spike","position":{"x":96,"y":-648,"z":0},"rotation":{"x":0,"y":0,"z":0},"scale":{"x":40,"y":16,"z":16}},{"class":"spike","position":{"x":56,"y":-648,"z":0},"rotation":{"x":0,"y":0,"z":0},"scale":{"x":40,"y":16,"z":16}},{"class":"spike","position":{"x":16,"y":-648,"z":0},"rotation":{"x":0,"y":0,"z":0},"scale":{"x":40,"y":16,"z":16}},{"class":"spike","position":{"x":-24,"y":-648,"z":0},"rotation":{"x":0,"y":0,"z":0},"scale":{"x":40,"y":16,"z":16}},{"class":"spike","position":{"x":-64,"y":-648,"z":0},"rotation":{"x":0,"y":0,"z":0},"scale":{"x":40,"y":16,"z":16}},{"class":"spike","position":{"x":776,"y":-648,"z":0},"rotation":{"x":0,"y":0,"z":0},"scale":{"x":40,"y":16,"z":16}},{"class":"spike","position":{"x":736,"y":-648,"z":0},"rotation":{"x":0,"y":0,"z":0},"scale":{"x":40,"y":16,"z":16}},{"class":"spike","position":{"x":696,"y":-648,"z":0},"rotation":{"x":0,"y":0,"z":0},"scale":{"x":40,"y":16,"z":16}},{"class":"spike","position":{"x":656,"y":-648,"z":0},"rotation":{"x":0,"y":0,"z":0},"scale":{"x":40,"y":16,"z":16}},{"class":"spike","position":{"x":616,"y":-648,"z":0},"rotation":{"x":0,"y":0,"z":0},"scale":{"x":40,"y":16,"z":16}},{"class":"spike","position":{"x":576,"y":-648,"z":0},"rotation":{"x":0,"y":0,"z":0},"scale":{"x":40,"y":16,"z":16}},{"class":"spike","position":{"x":536,"y":-648,"z":0},"rotation":{"x":0,"y":0,"z":0},"scale":{"x":40,"y":16,"z":16}},{"class":"spike","position":{"x":496,"y":-648,"z":0},"rotation":{"x":0,"y":0,"z":0},"scale":{"x":40,"y":16,"z":16}},{"class":"spike","position":{"x":456,"y":-648,"z":0},"rotation":{"x":0,"y":0,"z":0},"scale":{"x":40,"y":16,"z":16}},{"class":"spike","position":{"x":416,"y":-648,"z":0},"rotation":{"x":0,"y":0,"z":0},"scale":{"x":40,"y":16,"z":16}},{"class":"spike","position":{"x":1136,"y":-648,"z":0},"rotation":{"x":0,"y":0,"z":0},"scale":{"x":40,"y":16,"z":16}},{"class":"spike","position":{"x":1096,"y":-648,"z":0},"rotation":{"x":0,"y":0,"z":0},"scale":{"x":40,"y":16,"z":16}},{"class":"spike","position":{"x":1056,"y":-648,"z":0},"rotation":{"x":0,"y":0,"z":0},"scale":{"x":40,"y":16,"z":16}},{"class":"spike","position":{"x":1016,"y":-648,"z":0},"rotation":{"x":0,"y":0,"z":0},"scale":{"x":40,"y":16,"z":16}},{"class":"spike","position":{"x":976,"y":-648,"z":0},"rotation":{"x":0,"y":0,"z":0},"scale":{"x":40,"y":16,"z":16}},{"class":"spike","position":{"x":936,"y":-648,"z":0},"rotation":{"x":0,"y":0,"z":0},"scale":{"x":40,"y":16,"z":16}},{"class":"spike","position":{"x":896,"y":-648,"z":0},"rotation":{"x":0,"y":0,"z":0},"scale":{"x":40,"y":16,"z":16}},{"class":"spike","position":{"x":856,"y":-648,"z":0},"rotation":{"x":0,"y":0,"z":0},"scale":{"x":40,"y":16,"z":16}},{"class":"spike","position":{"x":816,"y":-648,"z":0},"rotation":{"x":0,"y":0,"z":0},"scale":{"x":40,"y":16,"z":16}},{"class":"cube","position":{"x":296,"y":-344,"z":0},"rotation":{"x":0,"y":0,"z":0},"scale":{"x":48,"y":48,"z":48}},{"class":"cube","position":{"x":336,"y":-528,"z":0},"rotation":{"x":0,"y":0,"z":0},"scale":{"x":48,"y":48,"z":48}},{"class":"cube","position":{"x":688,"y":-320,"z":0},"rotation":{"x":0,"y":0,"z":0},"scale":{"x":48,"y":48,"z":48}},{"class":"cube","position":{"x":536,"y":-496,"z":0},"rotation":{"x":0,"y":0,"z":0},"scale":{"x":48,"y":48,"z":48}},{"class":"cube","position":{"x":912,"y":-472,"z":0},"rotation":{"x":0,"y":0,"z":0},"scale":{"x":48,"y":48,"z":48}},{"class":"cube","position":{"x":792,"y":-416,"z":0},"rotation":{"x":0,"y":0,"z":0},"scale":{"x":48,"y":48,"z":48}},{"class":"cube","position":{"x":480,"y":-240,"z":0},"rotation":{"x":0,"y":0,"z":0},"scale":{"x":48,"y":48,"z":48}},{"class":"cube","position":{"x":728,"y":-552,"z":0},"rotation":{"x":0,"y":0,"z":0},"scale":{"x":48,"y":48,"z":48}},{"class":"cube","position":{"x":1336,"y":-552,"z":0},"rotation":{"x":0,"y":0,"z":0},"scale":{"x":24,"y":216,"z":16}},{"class":"cube","position":{"x":1336,"y":-264,"z":0},"rotation":{"x":0,"y":0,"z":0},"scale":{"x":24,"y":112,"z":16}},{"class":"cube","position":{"x":1576,"y":-600,"z":0},"rotation":{"x":0,"y":0,"z":0},"scale":{"x":24,"y":112,"z":16}},{"class":"cube","position":{"x":1720,"y":-200,"z":0},"rotation":{"x":0,"y":0,"z":0},"scale":{"x":992,"y":16,"z":16}},{"class":"cube","position":{"x":1576,"y":-312,"z":0},"rotation":{"x":0,"y":0,"z":0},"scale":{"x":24,"y":216,"z":16}},{"class":"cube","position":{"x":1800,"y":-256,"z":0},"rotation":{"x":0,"y":0,"z":0},"scale":{"x":24,"y":96,"z":16}},{"class":"cube","position":{"x":1800,"y":-552,"z":0},"rotation":{"x":0,"y":0,"z":0},"scale":{"x":24,"y":216,"z":16}},{"class":"cube","position":{"x":2024,"y":-352,"z":0},"rotation":{"x":0,"y":0,"z":0},"scale":{"x":24,"y":296,"z":16}},{"class":"cube","position":{"x":2024,"y":-624,"z":0},"rotation":{"x":0,"y":0,"z":0},"scale":{"x":24,"y":64,"z":16}},{"class":"cube","position":{"x":2224,"y":-664,"z":0},"rotation":{"x":0,"y":0,"z":0},"scale":{"x":112,"y":16,"z":16}},{"class":"bounce","position":{"x":2408,"y":-688,"z":0},"rotation":{"x":0,"y":0,"z":0},"scale":{"x":48,"y":56,"z":16}},{"class":"cube","position":{"x":2328,"y":-664,"z":0},"rotation":{"x":0,"y":0,"z":0},"scale":{"x":104,"y":16,"z":16}},{"class":"cube","position":{"x":2288,"y":-200,"z":0},"rotation":{"x":0,"y":0,"z":0},"scale":{"x":152,"y":16,"z":16}},{"class":"cube","position":{"x":2376,"y":-656,"z":0},"rotation":{"x":0,"y":0,"z":0},"scale":{"x":16,"y":32,"z":16}},{"class":"cube","position":{"x":2360,"y":-160,"z":0},"rotation":{"x":0,"y":0,"z":0},"scale":{"x":32,"y":96,"z":16}},{"class":"cube","position":{"x":2624,"y":-128,"z":0},"rotation":{"x":0,"y":0,"z":0},"scale":{"x":496,"y":32,"z":16}},{"class":"cube","position":{"x":2576,"y":-232,"z":0},"rotation":{"x":0,"y":0,"z":0},"scale":{"x":256,"y":16,"z":16}},{"class":"gravity","position":{"x":2416,"y":-176,"z":0},"rotation":{"x":0,"y":0,"z":1.5707963267948963},"scale":{"x":64,"y":48,"z":16}},{"class":"gravity","position":{"x":2944,"y":-176,"z":0},"rotation":{"x":0,"y":0,"z":0},"scale":{"x":24,"y":80,"z":16}},{"class":"cube","position":{"x":2960,"y":-464,"z":0},"rotation":{"x":0,"y":0,"z":0},"scale":{"x":16,"y":672,"z":16}},{"class":"cube","position":{"x":2792,"y":-600,"z":0},"rotation":{"x":0,"y":0,"z":0},"scale":{"x":16,"y":752,"z":16}},{"class":"cube","position":{"x":2712,"y":-232,"z":0},"rotation":{"x":0,"y":0,"z":0},"scale":{"x":88,"y":16,"z":16}},{"class":"cube","position":{"x":2912,"y":-136,"z":0},"rotation":{"x":0,"y":0,"z":0},"scale":{"x":96,"y":16,"z":16}},{"class":"cube","position":{"x":2776,"y":-232,"z":0},"rotation":{"x":0,"y":0,"z":0},"scale":{"x":40,"y":16,"z":16}},{"class":"cube","position":{"x":2840,"y":-272,"z":0},"rotation":{"x":0,"y":0,"z":0},"scale":{"x":88,"y":16,"z":16}},{"class":"cube","position":{"x":2920,"y":-376,"z":0},"rotation":{"x":0,"y":0,"z":0},"scale":{"x":88,"y":16,"z":16}},{"class":"cube","position":{"x":2832,"y":-688,"z":0},"rotation":{"x":0,"y":0,"z":0},"scale":{"x":88,"y":16,"z":16}},{"class":"cube","position":{"x":2920,"y":-584,"z":0},"rotation":{"x":0,"y":0,"z":0},"scale":{"x":88,"y":16,"z":16}},{"class":"cube","position":{"x":2840,"y":-480,"z":0},"rotation":{"x":0,"y":0,"z":0},"scale":{"x":88,"y":16,"z":16}},{"class":"cube","position":{"x":3008,"y":-984,"z":0},"rotation":{"x":0,"y":0,"z":0},"scale":{"x":440,"y":16,"z":16}},{"class":"spike","position":{"x":2816,"y":-960,"z":0},"rotation":{"x":0,"y":0,"z":0},"scale":{"x":40,"y":32,"z":16}},{"class":"spike","position":{"x":2936,"y":-960,"z":0},"rotation":{"x":0,"y":0,"z":0},"scale":{"x":40,"y":32,"z":16}},{"class":"spike","position":{"x":2896,"y":-960,"z":0},"rotation":{"x":0,"y":0,"z":0},"scale":{"x":40,"y":32,"z":16}},{"class":"spike","position":{"x":2856,"y":-960,"z":0},"rotation":{"x":0,"y":0,"z":0},"scale":{"x":40,"y":32,"z":16}},{"class":"cube","position":{"x":3168,"y":-856,"z":0},"rotation":{"x":0,"y":0,"z":0},"scale":{"x":16,"y":240,"z":16}},{"class":"cube","position":{"x":4040,"y":-984,"z":0},"rotation":{"x":0,"y":0,"z":-1.5707963267948963},"scale":{"x":16,"y":1648,"z":16}},{"class":"spike","position":{"x":3136,"y":-960,"z":0},"rotation":{"x":0,"y":0,"z":0},"scale":{"x":40,"y":32,"z":16}},{"class":"spike","position":{"x":3096,"y":-960,"z":0},"rotation":{"x":0,"y":0,"z":0},"scale":{"x":40,"y":32,"z":16}},{"class":"spike","position":{"x":3056,"y":-960,"z":0},"rotation":{"x":0,"y":0,"z":0},"scale":{"x":40,"y":32,"z":16}},{"class":"spike","position":{"x":3016,"y":-960,"z":0},"rotation":{"x":0,"y":0,"z":0},"scale":{"x":40,"y":32,"z":16}},{"class":"spike","position":{"x":2976,"y":-960,"z":0},"rotation":{"x":0,"y":0,"z":0},"scale":{"x":40,"y":32,"z":16}},{"class":"cube","position":{"x":3312,"y":-496,"z":0},"rotation":{"x":0,"y":0,"z":0},"scale":{"x":16,"y":736,"z":16}},{"class":"cube","position":{"x":3136,"y":-136,"z":0},"rotation":{"x":0,"y":0,"z":0},"scale":{"x":336,"y":16,"z":16}},{"class":"reset","position":{"x":3240,"y":-856,"z":0},"rotation":{"x":0,"y":0,"z":0},"scale":{"x":136,"y":16,"z":16}},{"class":"cube","position":{"x":3192,"y":-968,"z":0},"rotation":{"x":0,"y":0,"z":0},"scale":{"x":32,"y":32,"z":16}},{"class":"cube","position":{"x":4008,"y":-968,"z":0},"rotation":{"x":0,"y":0,"z":0},"scale":{"x":1664,"y":40,"z":16}},{"class":"cube","position":{"x":3464,"y":-800,"z":0},"rotation":{"x":0,"y":0,"z":0},"scale":{"x":16,"y":168,"z":16}},{"class":"cube","position":{"x":4160,"y":-800,"z":0},"rotation":{"x":0,"y":0,"z":0},"scale":{"x":16,"y":168,"z":16}},{"class":"cube","position":{"x":3672,"y":-800,"z":0},"rotation":{"x":0,"y":0,"z":0},"scale":{"x":16,"y":168,"z":16}},{"class":"cube","position":{"x":4656,"y":-824,"z":0},"rotation":{"x":0,"y":0,"z":0.2617993877991498},"scale":{"x":368,"y":40,"z":16}},{"class":"cube","position":{"x":5672,"y":-984,"z":0},"rotation":{"x":0,"y":0,"z":0},"scale":{"x":1640,"y":16,"z":16}},{"class":"control","position":{"x":5072,"y":-960,"z":0},"rotation":{"x":0,"y":0,"z":0},"scale":{"x":40,"y":40,"z":16}},{"class":"cube","position":{"x":5968,"y":-912,"z":0},"rotation":{"x":0,"y":0,"z":0},"scale":{"x":96,"y":16,"z":16}},{"class":"cube","position":{"x":6136,"y":-864,"z":0},"rotation":{"x":0,"y":0,"z":0},"scale":{"x":96,"y":16,"z":16}},{"class":"cube","position":{"x":5976,"y":-792,"z":0},"rotation":{"x":0,"y":0,"z":0},"scale":{"x":96,"y":16,"z":16}},{"class":"cube","position":{"x":5816,"y":-736,"z":0},"rotation":{"x":0,"y":0,"z":0},"scale":{"x":96,"y":16,"z":16}},{"class":"cube","position":{"x":5672,"y":-680,"z":0},"rotation":{"x":0,"y":0,"z":0},"scale":{"x":96,"y":16,"z":16}},{"class":"cube","position":{"x":5352,"y":-784,"z":0},"rotation":{"x":0,"y":0,"z":0},"scale":{"x":384,"y":16,"z":16}},{"class":"control","position":{"x":5352,"y":-776,"z":0},"rotation":{"x":0,"y":0,"z":0},"scale":{"x":384,"y":16,"z":16}},{"class":"cube","position":{"x":5432,"y":-704,"z":0},"rotation":{"x":0,"y":0,"z":0},"scale":{"x":88,"y":16,"z":16}},{"class":"cube","position":{"x":5320,"y":-632,"z":0},"rotation":{"x":0,"y":0,"z":0},"scale":{"x":104,"y":16,"z":16}},{"class":"finish","position":{"x":5528,"y":-560,"z":0},"rotation":{"x":0,"y":0,"z":0},"scale":{"x":48,"y":40,"z":32}},{"class":"control","position":{"x":6296,"y":-632,"z":0},"rotation":{"x":0,"y":0,"z":0},"scale":{"x":56,"y":704,"z":16}},{"class":"direction","position":{"x":3248,"y":-952,"z":0},"rotation":{"x":0,"y":0,"z":0},"scale":{"x":168,"y":16,"z":16}},{"class":"cube","position":{"x":3904,"y":-800,"z":0},"rotation":{"x":0,"y":0,"z":0},"scale":{"x":16,"y":168,"z":16}},{"class":"cube","position":{"x":3136,"y":-216,"z":0},"rotation":{"x":0,"y":0,"z":0},"scale":{"x":336,"y":144,"z":16}},{"class":"cube","position":{"x":2608,"y":-488,"z":0},"rotation":{"x":0,"y":0,"z":0},"scale":{"x":352,"y":504,"z":16}},{"class":"cube","position":{"x":2440,"y":-232,"z":0},"rotation":{"x":0,"y":0,"z":0},"scale":{"x":16,"y":16,"z":16}},{"class":"cube","position":{"x":3136,"y":-360,"z":0},"rotation":{"x":0,"y":0,"z":0},"scale":{"x":336,"y":144,"z":16}},{"class":"cube","position":{"x":3136,"y":-504,"z":0},"rotation":{"x":0,"y":0,"z":0},"scale":{"x":336,"y":144,"z":16}},{"class":"cube","position":{"x":2200,"y":-280,"z":0},"rotation":{"x":0,"y":0,"z":0},"scale":{"x":352,"y":144,"z":16}},{"class":"cube","position":{"x":2200,"y":-392,"z":0},"rotation":{"x":0,"y":0,"z":0},"scale":{"x":352,"y":128,"z":16}}]}