{"name":"Strawberry Jam","children":[{"class":"player","position":{"x":0,"y":0,"z":0},"rotation":{"x":0,"y":0,"z":0},"scale":{"x":16,"y":16,"z":16},"isStatic":false,"friction":0},{"class":"direction","position":{"x":0,"y":-63,"z":0},"rotation":{"x":0,"y":0,"z":3.141592653589793},"scale":{"x":64,"y":16,"z":16}},{"class":"cube","position":{"x":-336,"y":-64,"z":0},"rotation":{"x":0,"y":0,"z":0},"scale":{"x":608,"y":16,"z":176}},{"class":"cube","position":{"x":-104,"y":-40,"z":48},"rotation":{"x":0,"y":0,"z":0},"scale":{"x":32,"y":40,"z":24}},{"class":"cube","position":{"x":-88,"y":-56,"z":40},"rotation":{"x":0,"y":0,"z":0},"scale":{"x":24,"y":40,"z":24}},{"class":"cube","position":{"x":-176,"y":-40,"z":-24},"rotation":{"x":0,"y":0,"z":0},"scale":{"x":32,"y":48,"z":24}},{"class":"cube","position":{"x":-200,"y":-48,"z":-24},"rotation":{"x":0,"y":0,"z":0},"scale":{"x":32,"y":48,"z":40}},{"class":"cube","position":{"x":-280,"y":-40,"z":0},"rotation":{"x":0,"y":0,"z":0},"scale":{"x":32,"y":40,"z":24}},{"class":"cube","position":{"x":-432,"y":-32,"z":-40},"rotation":{"x":0,"y":0,"z":0},"scale":{"x":40,"y":88,"z":32}},{"class":"cube","position":{"x":-408,"y":-48,"z":-40},"rotation":{"x":0,"y":0,"z":0},"scale":{"x":32,"y":32,"z":48}},{"class":"cube","position":{"x":-464,"y":-40,"z":-32},"rotation":{"x":0,"y":0,"z":0},"scale":{"x":32,"y":56,"z":32}},{"class":"cube","position":{"x":-408,"y":-16,"z":24},"rotation":{"x":0,"y":0,"z":0},"scale":{"x":16,"y":48,"z":16}},{"class":"cube","position":{"x":-472,"y":-32,"z":40},"rotation":{"x":0,"y":0,"z":0},"scale":{"x":32,"y":56,"z":48}},{"class":"cube","position":{"x":-408,"y":-48,"z":32},"rotation":{"x":0,"y":0,"z":0},"scale":{"x":32,"y":40,"z":32}},{"class":"cube","position":{"x":-424,"y":16,"z":-8},"rotation":{"x":0,"y":0,"z":0},"scale":{"x":32,"y":16,"z":56}},{"class":"cube","position":{"x":-456,"y":8,"z":16},"rotation":{"x":0,"y":0,"z":0},"scale":{"x":40,"y":32,"z":48}},{"class":"cube","position":{"x":-408,"y":16,"z":24},"rotation":{"x":0,"y":0,"z":0},"scale":{"x":24,"y":32,"z":24}},{"class":"spike","position":{"x":-456,"y":-16,"z":0},"rotation":{"x":0,"y":0,"z":3.141592653589793},"scale":{"x":16,"y":24,"z":16}},{"class":"spike","position":{"x":-432,"y":-8,"z":0},"rotation":{"x":0,"y":0,"z":3.141592653589793},"scale":{"x":16,"y":32,"z":16}},{"class":"reset","position":{"x":-440,"y":-48,"z":0},"rotation":{"x":0,"y":0,"z":0},"scale":{"x":16,"y":16,"z":16}},{"class":"spike","position":{"x":-432,"y":16,"z":0},"rotation":{"x":0,"y":0,"z":0},"scale":{"x":64,"y":16,"z":16}},{"class":"cube","position":{"x":-616,"y":-40,"z":0},"rotation":{"x":0,"y":0,"z":0},"scale":{"x":32,"y":56,"z":24}},{"class":"cube","position":{"x":-640,"y":-48,"z":0},"rotation":{"x":0,"y":0,"z":0},"scale":{"x":24,"y":24,"z":32}},{"class":"cube","position":{"x":-536,"y":-48,"z":-40},"rotation":{"x":0,"y":0,"z":0},"scale":{"x":32,"y":32,"z":32}},{"class":"cube","position":{"x":-552,"y":-24,"z":-32},"rotation":{"x":0,"y":0,"z":0},"scale":{"x":24,"y":64,"z":24}},{"class":"cube","position":{"x":-616,"y":-56,"z":8},"rotation":{"x":0,"y":0,"z":0},"scale":{"x":16,"y":24,"z":24}},{"class":"cube","position":{"x":-496,"y":-48,"z":40},"rotation":{"x":0,"y":0,"z":0},"scale":{"x":32,"y":32,"z":24}},{"class":"cube","position":{"x":-696,"y":-32,"z":40},"rotation":{"x":0,"y":0,"z":0},"scale":{"x":32,"y":56,"z":24}},{"class":"cube","position":{"x":-712,"y":-48,"z":48},"rotation":{"x":0,"y":0,"z":0},"scale":{"x":24,"y":32,"z":24}},{"class":"cube","position":{"x":-672,"y":-56,"z":40},"rotation":{"x":0,"y":0,"z":0},"scale":{"x":16,"y":16,"z":16}},{"class":"cube","position":{"x":-944,"y":-64,"z":0},"rotation":{"x":0,"y":0,"z":0},"scale":{"x":608,"y":16,"z":176}},{"class":"cube","position":{"x":-824,"y":-32,"z":-24},"rotation":{"x":0,"y":0,"z":0},"scale":{"x":40,"y":88,"z":32}},{"class":"cube","position":{"x":-832,"y":-32,"z":0},"rotation":{"x":0,"y":0,"z":0},"scale":{"x":32,"y":48,"z":32}},{"class":"cube","position":{"x":-816,"y":-48,"z":16},"rotation":{"x":0,"y":0,"z":0},"scale":{"x":24,"y":48,"z":16}},{"class":"tip","position":{"x":-280,"y":-32,"z":8},"rotation":{"x":0,"y":0,"z":0},"scale":{"x":16,"y":16,"z":13},"text":"Do not touch the spikes!"},{"class":"tip","position":{"x":-640,"y":-48,"z":8},"rotation":{"x":0,"y":0,"z":0},"scale":{"x":16,"y":16,"z":24},"text":"Do not touch the spikes!"},{"class":"tip","position":{"x":-832,"y":-24,"z":8},"rotation":{"x":0,"y":0,"z":0},"scale":{"x":16,"y":16,"z":24},"text":"Do not touch the spikes!"},{"class":"cube","position":{"x":-1256,"y":-24,"z":0},"rotation":{"x":0,"y":0,"z":0},"scale":{"x":72,"y":112,"z":64}},{"class":"cube","position":{"x":-1208,"y":-32,"z":24},"rotation":{"x":0,"y":0,"z":0},"scale":{"x":32,"y":48,"z":40}},{"class":"cube","position":{"x":-1264,"y":-40,"z":32},"rotation":{"x":0,"y":0,"z":0},"scale":{"x":32,"y":32,"z":40}},{"class":"cube","position":{"x":-1304,"y":-40,"z":8},"rotation":{"x":0,"y":0,"z":0},"scale":{"x":32,"y":32,"z":40}},{"class":"bounce","position":{"x":-1120,"y":-48,"z":0},"rotation":{"x":0,"y":0,"z":0},"scale":{"x":96,"y":16,"z":16}},{"class":"cube","position":{"x":-1416,"y":-64,"z":0},"rotation":{"x":0,"y":0,"z":0},"scale":{"x":400,"y":16,"z":176}},{"class":"bounce","position":{"x":-1688,"y":-120,"z":0},"rotation":{"x":0,"y":0,"z":0},"scale":{"x":216,"y":32,"z":16}},{"class":"cube","position":{"x":-1744,"y":-64,"z":8},"rotation":{"x":0,"y":0,"z":0},"scale":{"x":256,"y":16,"z":160}},{"class":"cube","position":{"x":-1744,"y":-64,"z":-72},"rotation":{"x":0,"y":0,"z":0},"scale":{"x":256,"y":16,"z":32}},{"class":"cube","position":{"x":-952,"y":-184,"z":80},"rotation":{"x":0,"y":0,"z":0},"scale":{"x":1840,"y":224,"z":16}},{"class":"cube","position":{"x":-1864,"y":-184,"z":0},"rotation":{"x":0,"y":0,"z":0},"scale":{"x":16,"y":224,"z":176}},{"class":"cube","position":{"x":-40,"y":-184,"z":0},"rotation":{"x":0,"y":0,"z":0},"scale":{"x":16,"y":224,"z":176}},{"class":"cube","position":{"x":-2696,"y":-64,"z":0},"rotation":{"x":0,"y":0,"z":0},"scale":{"x":400,"y":16,"z":16}},{"class":"cube","position":{"x":-2888,"y":-64,"z":0},"rotation":{"x":0,"y":0,"z":0},"scale":{"x":32,"y":16,"z":16}},{"class":"cube","position":{"x":-2896.3669513037753,"y":-63.63469101680758,"z":0},"rotation":{"x":0,"y":0,"z":-0.08726646259971647},"scale":{"x":32,"y":16,"z":16}},{"class":"cube","position":{"x":-2904.670225056025,"y":-62.541544289171966,"z":0},"rotation":{"x":0,"y":0,"z":-0.17453292519943295},"scale":{"x":32,"y":16,"z":16}},{"class":"cube","position":{"x":-2912.846628329842,"y":-60.72887932375056,"z":0},"rotation":{"x":0,"y":0,"z":-0.2617993877991494},"scale":{"x":32,"y":16,"z":16}},{"class":"cube","position":{"x":-2920.8339337592643,"y":-58.21049159544721,"z":0},"rotation":{"x":0,"y":0,"z":-0.3490658503988659},"scale":{"x":32,"y":16,"z":16}},{"class":"cube","position":{"x":-2928.571353127107,"y":-55.00554755551839,"z":0},"rotation":{"x":0,"y":0,"z":-0.4363323129985824},"scale":{"x":32,"y":16,"z":16}},{"class":"cube","position":{"x":-2936,"y":-51.13843876330611,"z":0},"rotation":{"x":0,"y":0,"z":-0.5235987755982988},"scale":{"x":32,"y":16,"z":16}},{"class":"cube","position":{"x":-2943.0633378897005,"y":-46.63859625174321,"z":0},"rotation":{"x":0,"y":0,"z":-0.6108652381980153},"scale":{"x":32,"y":16,"z":16}},{"class":"cube","position":{"x":-2949.707610529908,"y":-41.54026653942189,"z":0},"rotation":{"x":0,"y":0,"z":-0.6981317007977318},"scale":{"x":32,"y":16,"z":16}},{"class":"cube","position":{"x":-2955.8822509939087,"y":-35.88225099390857,"z":0},"rotation":{"x":0,"y":0,"z":-0.7853981633974483},"scale":{"x":32,"y":16,"z":16}},{"class":"cube","position":{"x":-2961.5402665394217,"y":-29.707610529907782,"z":0},"rotation":{"x":0,"y":0,"z":-0.8726646259971648},"scale":{"x":32,"y":16,"z":16}},{"class":"cube","position":{"x":-2966.6385962517434,"y":-23.06333788970042,"z":0},"rotation":{"x":0,"y":0,"z":-0.9599310885968813},"scale":{"x":32,"y":16,"z":16}},{"class":"cube","position":{"x":-2971.138438763306,"y":-16.000000000000014,"z":0},"rotation":{"x":0,"y":0,"z":-1.0471975511965976},"scale":{"x":32,"y":16,"z":16}},{"class":"cube","position":{"x":-2975.005547555518,"y":-8.571353127107145,"z":0},"rotation":{"x":0,"y":0,"z":-1.1344640137963142},"scale":{"x":32,"y":16,"z":16}},{"class":"cube","position":{"x":-2978.2104915954474,"y":-0.8339337592642053,"z":0},"rotation":{"x":0,"y":0,"z":-1.2217304763960306},"scale":{"x":32,"y":16,"z":16}},{"class":"cube","position":{"x":-2980.7288793237503,"y":7.153371670158009,"z":0},"rotation":{"x":0,"y":0,"z":-1.3089969389957472},"scale":{"x":32,"y":16,"z":16}},{"class":"cube","position":{"x":-2982.541544289172,"y":15.32977494397468,"z":0},"rotation":{"x":0,"y":0,"z":-1.3962634015954636},"scale":{"x":32,"y":16,"z":16}},{"class":"cube","position":{"x":-2983.6346910168077,"y":23.63304869622482,"z":0},"rotation":{"x":0,"y":0,"z":-1.4835298641951802},"scale":{"x":32,"y":16,"z":16}},{"class":"cube","position":{"x":-2984,"y":31.999999999999993,"z":0},"rotation":{"x":0,"y":0,"z":-1.5707963267948966},"scale":{"x":32,"y":16,"z":16}},{"class":"bounce","position":{"x":-2824,"y":-84,"z":0},"rotation":{"x":0,"y":0,"z":0},"scale":{"x":16,"y":48,"z":16}},{"class":"cube","position":{"x":-2944,"y":88,"z":0},"rotation":{"x":0,"y":0,"z":0},"scale":{"x":16,"y":80,"z":16}},{"class":"cube","position":{"x":-2984,"y":272,"z":0},"rotation":{"x":0,"y":0,"z":0},"scale":{"x":16,"y":448,"z":16}},{"class":"gravity","position":{"x":-2968,"y":400,"z":0},"rotation":{"x":0,"y":0,"z":-3.141592653589793},"scale":{"x":16,"y":16,"z":16}},{"class":"cube","position":{"x":-1304,"y":0,"z":0},"rotation":{"x":0,"y":0,"z":0},"scale":{"x":56,"y":16,"z":16}},{"class":"cube","position":{"x":-1336,"y":-16,"z":0},"rotation":{"x":0,"y":0,"z":0},"scale":{"x":56,"y":16,"z":16}},{"class":"cube","position":{"x":-1368,"y":-32,"z":0},"rotation":{"x":0,"y":0,"z":0},"scale":{"x":48,"y":16,"z":16}},{"class":"cube","position":{"x":-1384,"y":-48,"z":0},"rotation":{"x":0,"y":0,"z":0},"scale":{"x":104,"y":16,"z":16}},{"class":"cube","position":{"x":-2984,"y":520,"z":0},"rotation":{"x":0,"y":0,"z":-1.5707963267948966},"scale":{"x":32,"y":16,"z":16}},{"class":"cube","position":{"x":-2983.6346910168077,"y":528.3669513037752,"z":0},"rotation":{"x":0,"y":0,"z":-1.6580627893946132},"scale":{"x":32,"y":16,"z":16}},{"class":"cube","position":{"x":-2982.541544289172,"y":536.6702250560253,"z":0},"rotation":{"x":0,"y":0,"z":-1.7453292519943295},"scale":{"x":32,"y":16,"z":16}},{"class":"cube","position":{"x":-2980.7288793237503,"y":544.846628329842,"z":0},"rotation":{"x":0,"y":0,"z":-1.8325957145940461},"scale":{"x":32,"y":16,"z":16}},{"class":"cube","position":{"x":-2978.2104915954474,"y":552.8339337592643,"z":0},"rotation":{"x":0,"y":0,"z":-1.9198621771937625},"scale":{"x":32,"y":16,"z":16}},{"class":"cube","position":{"x":-2975.005547555518,"y":560.5713531271072,"z":0},"rotation":{"x":0,"y":0,"z":-2.007128639793479},"scale":{"x":32,"y":16,"z":16}},{"class":"cube","position":{"x":-2971.138438763306,"y":568,"z":0},"rotation":{"x":0,"y":0,"z":-2.0943951023931953},"scale":{"x":32,"y":16,"z":16}},{"class":"cube","position":{"x":-2966.6385962517434,"y":575.0633378897004,"z":0},"rotation":{"x":0,"y":0,"z":-2.1816615649929116},"scale":{"x":32,"y":16,"z":16}},{"class":"cube","position":{"x":-2961.5402665394217,"y":581.7076105299078,"z":0},"rotation":{"x":0,"y":0,"z":-2.2689280275926285},"scale":{"x":32,"y":16,"z":16}},{"class":"cube","position":{"x":-2955.8822509939087,"y":587.8822509939085,"z":0},"rotation":{"x":0,"y":0,"z":-2.356194490192345},"scale":{"x":32,"y":16,"z":16}},{"class":"cube","position":{"x":-2949.707610529908,"y":593.5402665394219,"z":0},"rotation":{"x":0,"y":0,"z":-2.443460952792061},"scale":{"x":32,"y":16,"z":16}},{"class":"cube","position":{"x":-2943.0633378897005,"y":598.6385962517431,"z":0},"rotation":{"x":0,"y":0,"z":-2.5307274153917776},"scale":{"x":32,"y":16,"z":16}},{"class":"cube","position":{"x":-2936,"y":603.1384387633061,"z":0},"rotation":{"x":0,"y":0,"z":-2.6179938779914944},"scale":{"x":32,"y":16,"z":16}},{"class":"cube","position":{"x":-2928.571353127107,"y":607.0055475555184,"z":0},"rotation":{"x":0,"y":0,"z":-2.705260340591211},"scale":{"x":32,"y":16,"z":16}},{"class":"cube","position":{"x":-2920.8339337592643,"y":610.2104915954471,"z":0},"rotation":{"x":0,"y":0,"z":-2.792526803190927},"scale":{"x":32,"y":16,"z":16}},{"class":"cube","position":{"x":-2912.846628329842,"y":612.7288793237506,"z":0},"rotation":{"x":0,"y":0,"z":-2.8797932657906435},"scale":{"x":32,"y":16,"z":16}},{"class":"cube","position":{"x":-2904.670225056025,"y":614.541544289172,"z":0},"rotation":{"x":0,"y":0,"z":-2.9670597283903604},"scale":{"x":32,"y":16,"z":16}},{"class":"cube","position":{"x":-2896.3669513037753,"y":615.6346910168076,"z":0},"rotation":{"x":0,"y":0,"z":-3.0543261909900763},"scale":{"x":32,"y":16,"z":16}},{"class":"cube","position":{"x":-2888,"y":616,"z":0},"rotation":{"x":0,"y":0,"z":-3.141592653589793},"scale":{"x":32,"y":16,"z":16}},{"class":"checkpoint","position":{"x":-2968,"y":392,"z":0},"rotation":{"x":0,"y":0,"z":0},"scale":{"x":16,"y":16,"z":16}},{"class":"cube","position":{"x":-2528,"y":576,"z":0},"rotation":{"x":0,"y":0,"z":0},"scale":{"x":432,"y":16,"z":16}},{"class":"cube","position":{"x":-2512,"y":-48,"z":0},"rotation":{"x":0,"y":0,"z":0},"scale":{"x":64,"y":16,"z":16}},{"class":"spike","position":{"x":-2784,"y":656,"z":0},"rotation":{"x":0,"y":0,"z":-3.141592653589793},"scale":{"x":16,"y":16,"z":16}},{"class":"spike","position":{"x":-2768,"y":656,"z":0},"rotation":{"x":0,"y":0,"z":-3.141592653589793},"scale":{"x":16,"y":16,"z":16}},{"class":"spike","position":{"x":-2752,"y":656,"z":0},"rotation":{"x":0,"y":0,"z":-3.141592653589793},"scale":{"x":16,"y":16,"z":16}},{"class":"spike","position":{"x":-2736,"y":656,"z":0},"rotation":{"x":0,"y":0,"z":-3.141592653589793},"scale":{"x":16,"y":16,"z":16}},{"class":"spike","position":{"x":-2720,"y":656,"z":0},"rotation":{"x":0,"y":0,"z":-3.141592653589793},"scale":{"x":16,"y":16,"z":16}},{"class":"spike","position":{"x":-2704,"y":656,"z":0},"rotation":{"x":0,"y":0,"z":-3.141592653589793},"scale":{"x":16,"y":16,"z":16}},{"class":"spike","position":{"x":-2688,"y":648,"z":0},"rotation":{"x":0,"y":0,"z":-3.141592653589793},"scale":{"x":16,"y":16,"z":16}},{"class":"spike","position":{"x":-2672,"y":648,"z":0},"rotation":{"x":0,"y":0,"z":-3.141592653589793},"scale":{"x":16,"y":16,"z":16}},{"class":"spike","position":{"x":-2656,"y":648,"z":0},"rotation":{"x":0,"y":0,"z":-3.141592653589793},"scale":{"x":16,"y":16,"z":16}},{"class":"spike","position":{"x":-2640,"y":648,"z":0},"rotation":{"x":0,"y":0,"z":-3.141592653589793},"scale":{"x":16,"y":16,"z":16}},{"class":"spike","position":{"x":-2624,"y":648,"z":0},"rotation":{"x":0,"y":0,"z":-3.141592653589793},"scale":{"x":16,"y":16,"z":16}},{"class":"spike","position":{"x":-2608,"y":648,"z":0},"rotation":{"x":0,"y":0,"z":-3.141592653589793},"scale":{"x":16,"y":16,"z":16}},{"class":"spike","position":{"x":-2592,"y":648,"z":0},"rotation":{"x":0,"y":0,"z":-3.141592653589793},"scale":{"x":16,"y":16,"z":16}},{"class":"spike","position":{"x":-2576,"y":648,"z":0},"rotation":{"x":0,"y":0,"z":-3.141592653589793},"scale":{"x":16,"y":16,"z":16}},{"class":"spike","position":{"x":-2560,"y":648,"z":0},"rotation":{"x":0,"y":0,"z":-3.141592653589793},"scale":{"x":16,"y":16,"z":16}},{"class":"spike","position":{"x":-2544,"y":648,"z":0},"rotation":{"x":0,"y":0,"z":-3.141592653589793},"scale":{"x":16,"y":16,"z":16}},{"class":"spike","position":{"x":-2528,"y":648,"z":0},"rotation":{"x":0,"y":0,"z":-3.141592653589793},"scale":{"x":16,"y":16,"z":16}},{"class":"spike","position":{"x":-2512,"y":648,"z":0},"rotation":{"x":0,"y":0,"z":-3.141592653589793},"scale":{"x":16,"y":16,"z":16}},{"class":"spike","position":{"x":-2496,"y":648,"z":0},"rotation":{"x":0,"y":0,"z":-3.141592653589793},"scale":{"x":16,"y":16,"z":16}},{"class":"spike","position":{"x":-2176,"y":560,"z":0},"rotation":{"x":0,"y":0,"z":-3.141592653589793},"scale":{"x":1104,"y":16,"z":16}},{"class":"spike","position":{"x":-2096,"y":576,"z":0},"rotation":{"x":0,"y":0,"z":0},"scale":{"x":544,"y":16,"z":16}},{"class":"cube","position":{"x":-2944,"y":296,"z":0},"rotation":{"x":0,"y":0,"z":0},"scale":{"x":16,"y":344,"z":16}},{"class":"spike","position":{"x":-8,"y":376,"z":0},"rotation":{"x":0,"y":0,"z":3.141592653589793},"scale":{"x":1416,"y":112,"z":16}},{"class":"spike","position":{"x":544,"y":-72,"z":0},"rotation":{"x":0,"y":0,"z":1.570796326794897},"scale":{"x":1192,"y":360,"z":16}},{"class":"cube","position":{"x":-2984,"y":496,"z":0},"rotation":{"x":0,"y":0,"z":0},"scale":{"x":16,"y":16,"z":16}},{"class":"spike","position":{"x":-2480,"y":648,"z":0},"rotation":{"x":0,"y":0,"z":-3.141592653589793},"scale":{"x":16,"y":16,"z":16}},{"class":"spike","position":{"x":-2464,"y":648,"z":0},"rotation":{"x":0,"y":0,"z":-3.141592653589793},"scale":{"x":16,"y":16,"z":16}},{"class":"spike","position":{"x":-2448,"y":648,"z":0},"rotation":{"x":0,"y":0,"z":-3.141592653589793},"scale":{"x":16,"y":16,"z":16}},{"class":"spike","position":{"x":-2432,"y":648,"z":0},"rotation":{"x":0,"y":0,"z":-3.141592653589793},"scale":{"x":16,"y":16,"z":16}},{"class":"spike","position":{"x":-2416,"y":648,"z":0},"rotation":{"x":0,"y":0,"z":-3.141592653589793},"scale":{"x":16,"y":16,"z":16}},{"class":"spike","position":{"x":-2400,"y":648,"z":0},"rotation":{"x":0,"y":0,"z":-3.141592653589793},"scale":{"x":16,"y":16,"z":16}},{"class":"cube","position":{"x":-1872,"y":760,"z":0},"rotation":{"x":0,"y":0,"z":0},"scale":{"x":800,"y":16,"z":16}},{"class":"gravity","position":{"x":-2136,"y":744,"z":0},"rotation":{"x":0,"y":0,"z":0},"scale":{"x":280,"y":16,"z":16}},{"class":"spike","position":{"x":-2080,"y":688,"z":0},"rotation":{"x":0,"y":0,"z":0},"scale":{"x":16,"y":16,"z":16}},{"class":"spike","position":{"x":-2064,"y":688,"z":0},"rotation":{"x":0,"y":0,"z":0},"scale":{"x":16,"y":16,"z":16}},{"class":"spike","position":{"x":-2048,"y":688,"z":0},"rotation":{"x":0,"y":0,"z":0},"scale":{"x":16,"y":16,"z":16}},{"class":"spike","position":{"x":-2032,"y":688,"z":0},"rotation":{"x":0,"y":0,"z":0},"scale":{"x":16,"y":16,"z":16}},{"class":"spike","position":{"x":-2016,"y":688,"z":0},"rotation":{"x":0,"y":0,"z":0},"scale":{"x":16,"y":16,"z":16}},{"class":"spike","position":{"x":-2000,"y":688,"z":0},"rotation":{"x":0,"y":0,"z":0},"scale":{"x":16,"y":16,"z":16}},{"class":"spike","position":{"x":-1984,"y":688,"z":0},"rotation":{"x":0,"y":0,"z":0},"scale":{"x":16,"y":16,"z":16}},{"class":"spike","position":{"x":-1968,"y":688,"z":0},"rotation":{"x":0,"y":0,"z":0},"scale":{"x":16,"y":16,"z":16}},{"class":"spike","position":{"x":-1952,"y":688,"z":0},"rotation":{"x":0,"y":0,"z":0},"scale":{"x":16,"y":16,"z":16}},{"class":"spike","position":{"x":-1936,"y":688,"z":0},"rotation":{"x":0,"y":0,"z":0},"scale":{"x":16,"y":16,"z":16}},{"class":"spike","position":{"x":-1920,"y":688,"z":0},"rotation":{"x":0,"y":0,"z":0},"scale":{"x":16,"y":16,"z":16}},{"class":"spike","position":{"x":-1904,"y":688,"z":0},"rotation":{"x":0,"y":0,"z":0},"scale":{"x":16,"y":16,"z":16}},{"class":"spike","position":{"x":-1888,"y":688,"z":0},"rotation":{"x":0,"y":0,"z":0},"scale":{"x":16,"y":16,"z":16}},{"class":"spike","position":{"x":-1872,"y":688,"z":0},"rotation":{"x":0,"y":0,"z":0},"scale":{"x":16,"y":16,"z":16}},{"class":"spike","position":{"x":-1856,"y":688,"z":0},"rotation":{"x":0,"y":0,"z":0},"scale":{"x":16,"y":16,"z":16}},{"class":"spike","position":{"x":-1840,"y":688,"z":0},"rotation":{"x":0,"y":0,"z":0},"scale":{"x":16,"y":16,"z":16}},{"class":"spike","position":{"x":-1824,"y":688,"z":0},"rotation":{"x":0,"y":0,"z":0},"scale":{"x":16,"y":16,"z":16}},{"class":"spike","position":{"x":-1808,"y":688,"z":0},"rotation":{"x":0,"y":0,"z":0},"scale":{"x":16,"y":16,"z":16}},{"class":"spike","position":{"x":-1792,"y":688,"z":0},"rotation":{"x":0,"y":0,"z":0},"scale":{"x":16,"y":16,"z":16}},{"class":"spike","position":{"x":-1792,"y":688,"z":0},"rotation":{"x":0,"y":0,"z":0},"scale":{"x":16,"y":16,"z":16}},{"class":"spike","position":{"x":-1760,"y":688,"z":0},"rotation":{"x":0,"y":0,"z":0},"scale":{"x":16,"y":16,"z":16}},{"class":"spike","position":{"x":-1744,"y":688,"z":0},"rotation":{"x":0,"y":0,"z":0},"scale":{"x":16,"y":16,"z":16}},{"class":"spike","position":{"x":-1728,"y":688,"z":0},"rotation":{"x":0,"y":0,"z":0},"scale":{"x":16,"y":16,"z":16}},{"class":"spike","position":{"x":-1712,"y":688,"z":0},"rotation":{"x":0,"y":0,"z":0},"scale":{"x":16,"y":16,"z":16}},{"class":"spike","position":{"x":-1696,"y":688,"z":0},"rotation":{"x":0,"y":0,"z":0},"scale":{"x":16,"y":16,"z":16}},{"class":"spike","position":{"x":-1680,"y":688,"z":0},"rotation":{"x":0,"y":0,"z":0},"scale":{"x":16,"y":16,"z":16}},{"class":"spike","position":{"x":-1776,"y":688,"z":0},"rotation":{"x":0,"y":0,"z":0},"scale":{"x":16,"y":16,"z":16}},{"class":"spike","position":{"x":-2088,"y":592,"z":0},"rotation":{"x":0,"y":0,"z":1.570796326794897},"scale":{"x":16,"y":16,"z":16}},{"class":"spike","position":{"x":-2088,"y":592,"z":0},"rotation":{"x":0,"y":0,"z":1.570796326794897},"scale":{"x":16,"y":16,"z":16}},{"class":"spike","position":{"x":-2088,"y":608,"z":0},"rotation":{"x":0,"y":0,"z":1.570796326794897},"scale":{"x":16,"y":16,"z":16}},{"class":"spike","position":{"x":-2088,"y":624,"z":0},"rotation":{"x":0,"y":0,"z":1.570796326794897},"scale":{"x":16,"y":16,"z":16}},{"class":"spike","position":{"x":-2088,"y":640,"z":0},"rotation":{"x":0,"y":0,"z":1.570796326794897},"scale":{"x":16,"y":16,"z":16}},{"class":"spike","position":{"x":-2088,"y":656,"z":0},"rotation":{"x":0,"y":0,"z":1.570796326794897},"scale":{"x":16,"y":16,"z":16}},{"class":"spike","position":{"x":-2088,"y":672,"z":0},"rotation":{"x":0,"y":0,"z":1.570796326794897},"scale":{"x":16,"y":16,"z":16}},{"class":"spike","position":{"x":-1664,"y":688,"z":0},"rotation":{"x":0,"y":0,"z":0},"scale":{"x":16,"y":16,"z":16}},{"class":"spike","position":{"x":-1648,"y":688,"z":0},"rotation":{"x":0,"y":0,"z":0},"scale":{"x":16,"y":16,"z":16}},{"class":"spike","position":{"x":-1632,"y":688,"z":0},"rotation":{"x":0,"y":0,"z":0},"scale":{"x":16,"y":16,"z":16}},{"class":"spike","position":{"x":-1616,"y":688,"z":0},"rotation":{"x":0,"y":0,"z":0},"scale":{"x":16,"y":16,"z":16}},{"class":"spike","position":{"x":-1600,"y":688,"z":0},"rotation":{"x":0,"y":0,"z":0},"scale":{"x":16,"y":16,"z":16}},{"class":"spike","position":{"x":-1584,"y":688,"z":0},"rotation":{"x":0,"y":0,"z":0},"scale":{"x":16,"y":16,"z":16}},{"class":"spike","position":{"x":-1568,"y":688,"z":0},"rotation":{"x":0,"y":0,"z":0},"scale":{"x":16,"y":16,"z":16}},{"class":"spike","position":{"x":-1552,"y":688,"z":0},"rotation":{"x":0,"y":0,"z":0},"scale":{"x":16,"y":16,"z":16}},{"class":"spike","position":{"x":-1536,"y":688,"z":0},"rotation":{"x":0,"y":0,"z":0},"scale":{"x":16,"y":16,"z":16}},{"class":"direction","position":{"x":-1432,"y":760,"z":0},"rotation":{"x":0,"y":0,"z":0},"scale":{"x":80,"y":16,"z":16}},{"class":"cube","position":{"x":-1384,"y":744,"z":0},"rotation":{"x":0,"y":0,"z":0},"scale":{"x":16,"y":48,"z":16}},{"class":"spike","position":{"x":-1520,"y":688,"z":0},"rotation":{"x":0,"y":0,"z":0},"scale":{"x":16,"y":16,"z":16}},{"class":"spike","position":{"x":-1504,"y":688,"z":0},"rotation":{"x":0,"y":0,"z":0},"scale":{"x":16,"y":16,"z":16}},{"class":"spike","position":{"x":-1488,"y":688,"z":0},"rotation":{"x":0,"y":0,"z":0},"scale":{"x":16,"y":16,"z":16}},{"class":"spike","position":{"x":-1472,"y":688,"z":0},"rotation":{"x":0,"y":0,"z":0},"scale":{"x":16,"y":16,"z":16}},{"class":"spike","position":{"x":-1456,"y":688,"z":0},"rotation":{"x":0,"y":0,"z":0},"scale":{"x":16,"y":16,"z":16}},{"class":"spike","position":{"x":-1440,"y":688,"z":0},"rotation":{"x":0,"y":0,"z":0},"scale":{"x":16,"y":16,"z":16}},{"class":"bounce","position":{"x":-1408,"y":544,"z":0},"rotation":{"x":0,"y":0,"z":-0.5235987755982987},"scale":{"x":72,"y":32,"z":16}},{"class":"spike","position":{"x":-1336,"y":472,"z":0},"rotation":{"x":0,"y":0,"z":0},"scale":{"x":1784,"y":24,"z":16}},{"class":"spike","position":{"x":-2368,"y":816,"z":0},"rotation":{"x":0,"y":0,"z":-3.1415926535897927},"scale":{"x":1792,"y":16,"z":16}},{"class":"cube","position":{"x":-704,"y":656,"z":0},"rotation":{"x":0,"y":0,"z":0},"scale":{"x":616,"y":16,"z":16}},{"class":"spike","position":{"x":-1264,"y":432,"z":0},"rotation":{"x":0,"y":0,"z":-3.141592653589793},"scale":{"x":2016,"y":24,"z":16}},{"class":"spike","position":{"x":-2264,"y":496,"z":0},"rotation":{"x":0,"y":0,"z":1.570796326794897},"scale":{"x":128,"y":16,"z":16}},{"class":"spike","position":{"x":-976,"y":568,"z":0},"rotation":{"x":0,"y":0,"z":1.570796326794897},"scale":{"x":160,"y":16,"z":16}},{"class":"cube","position":{"x":-400,"y":984,"z":0},"rotation":{"x":0,"y":0,"z":0},"scale":{"x":16,"y":672,"z":16}},{"class":"bounce","position":{"x":-384,"y":712,"z":0},"rotation":{"x":0,"y":0,"z":1.570796326794897},"scale":{"x":16,"y":40,"z":16}},{"class":"cube","position":{"x":-232,"y":1312,"z":0},"rotation":{"x":0,"y":0,"z":0},"scale":{"x":352,"y":16,"z":16}},{"class":"checkpoint","position":{"x":-376,"y":1336,"z":0},"rotation":{"x":0,"y":0,"z":0},"scale":{"x":16,"y":16,"z":16}},{"class":"direction","position":{"x":-376,"y":1320,"z":0},"rotation":{"x":0,"y":0,"z":0},"scale":{"x":16,"y":16,"z":16}},{"class":"bounce","position":{"x":-224,"y":1304,"z":0},"rotation":{"x":0,"y":0,"z":0},"scale":{"x":16,"y":24,"z":16}},{"class":"gravity","position":{"x":224,"y":1392,"z":0},"rotation":{"x":0,"y":0,"z":-1.570796326794897},"scale":{"x":16,"y":16,"z":16}},{"class":"control","position":{"x":232,"y":1392,"z":0},"rotation":{"x":0,"y":0,"z":0},"scale":{"x":16,"y":16,"z":16}},{"class":"cube","position":{"x":-80,"y":1280,"z":0},"rotation":{"x":0,"y":0,"z":0.2617993877991494},"scale":{"x":8,"y":64,"z":8}},{"class":"cube","position":{"x":-48,"y":1240,"z":0},"rotation":{"x":0,"y":0,"z":1.047197551196598},"scale":{"x":8,"y":64,"z":8}},{"class":"cube","position":{"x":40,"y":1224,"z":0},"rotation":{"x":0,"y":0,"z":0},"scale":{"x":152,"y":16,"z":16}},{"class":"spike","position":{"x":-24,"y":1240,"z":0},"rotation":{"x":0,"y":0,"z":0},"scale":{"x":16,"y":16,"z":16}},{"class":"spike","position":{"x":-8,"y":1240,"z":0},"rotation":{"x":0,"y":0,"z":0},"scale":{"x":16,"y":16,"z":16}},{"class":"spike","position":{"x":8,"y":1240,"z":0},"rotation":{"x":0,"y":0,"z":0},"scale":{"x":16,"y":16,"z":16}},{"class":"spike","position":{"x":24,"y":1240,"z":0},"rotation":{"x":0,"y":0,"z":0},"scale":{"x":16,"y":16,"z":16}},{"class":"spike","position":{"x":40,"y":1240,"z":0},"rotation":{"x":0,"y":0,"z":0},"scale":{"x":16,"y":16,"z":16}},{"class":"spike","position":{"x":56,"y":1240,"z":0},"rotation":{"x":0,"y":0,"z":0},"scale":{"x":16,"y":16,"z":16}},{"class":"spike","position":{"x":72,"y":1240,"z":0},"rotation":{"x":0,"y":0,"z":0},"scale":{"x":16,"y":16,"z":16}},{"class":"spike","position":{"x":88,"y":1240,"z":0},"rotation":{"x":0,"y":0,"z":0},"scale":{"x":16,"y":16,"z":16}},{"class":"spike","position":{"x":104,"y":1240,"z":0},"rotation":{"x":0,"y":0,"z":0},"scale":{"x":16,"y":16,"z":16}},{"class":"cube","position":{"x":160,"y":1240,"z":0},"rotation":{"x":0,"y":0,"z":1.8325957145940468},"scale":{"x":8,"y":96,"z":8}},{"class":"cube","position":{"x":248,"y":1280,"z":0},"rotation":{"x":0,"y":0,"z":-1.047197551196598},"scale":{"x":8,"y":120,"z":8}},{"class":"cube","position":{"x":384,"y":1528,"z":0},"rotation":{"x":0,"y":0,"z":0},"scale":{"x":16,"y":80,"z":16}},{"class":"cube","position":{"x":472,"y":1352,"z":0},"rotation":{"x":0,"y":0,"z":0},"scale":{"x":16,"y":96,"z":16}},{"class":"spike","position":{"x":112,"y":1232,"z":0},"rotation":{"x":0,"y":0,"z":-0.5235987755982987},"scale":{"x":16,"y":24,"z":16}},{"class":"cube","position":{"x":336,"y":1400,"z":1},"rotation":{"x":0,"y":0,"z":-0.5235987755982993},"scale":{"x":8,"y":208,"z":8}},{"class":"cube","position":{"x":392,"y":1336,"z":-1},"rotation":{"x":0,"y":0,"z":0.2617993877991494},"scale":{"x":168,"y":8,"z":8}},{"class":"cube","position":{"x":288,"y":1312,"z":-1},"rotation":{"x":0,"y":0,"z":0},"scale":{"x":24,"y":24,"z":16}},{"class":"bounce","position":{"x":384,"y":1488,"z":7},"rotation":{"x":0,"y":0,"z":2.617993877991495},"scale":{"x":8,"y":16,"z":8}},{"class":"spike","position":{"x":384,"y":1496,"z":6},"rotation":{"x":0,"y":0,"z":0},"scale":{"x":8,"y":16,"z":8}},{"class":"cube","position":{"x":304,"y":1312,"z":0},"rotation":{"x":0,"y":0,"z":0},"scale":{"x":16,"y":16,"z":16}},{"class":"cube","position":{"x":592,"y":1424,"z":0},"rotation":{"x":0,"y":0,"z":0},"scale":{"x":16,"y":112,"z":16}},{"class":"spike","position":{"x":608,"y":1376,"z":0},"rotation":{"x":0,"y":0,"z":-1.570796326794897},"scale":{"x":16,"y":16,"z":16}},{"class":"spike","position":{"x":608,"y":1392,"z":0},"rotation":{"x":0,"y":0,"z":-1.570796326794897},"scale":{"x":16,"y":16,"z":16}},{"class":"spike","position":{"x":608,"y":1408,"z":0},"rotation":{"x":0,"y":0,"z":-1.570796326794897},"scale":{"x":16,"y":16,"z":16}},{"class":"spike","position":{"x":608,"y":1424,"z":0},"rotation":{"x":0,"y":0,"z":-1.570796326794897},"scale":{"x":16,"y":16,"z":16}},{"class":"spike","position":{"x":608,"y":1440,"z":0},"rotation":{"x":0,"y":0,"z":-1.570796326794897},"scale":{"x":16,"y":16,"z":16}},{"class":"spike","position":{"x":608,"y":1456,"z":0},"rotation":{"x":0,"y":0,"z":-1.570796326794897},"scale":{"x":16,"y":16,"z":16}},{"class":"spike","position":{"x":608,"y":1472,"z":0},"rotation":{"x":0,"y":0,"z":-1.570796326794897},"scale":{"x":16,"y":16,"z":16}},{"class":"gravity","position":{"x":608,"y":1568,"z":0},"rotation":{"x":0,"y":0,"z":0},"scale":{"x":16,"y":16,"z":16}},{"class":"bounce","position":{"x":720,"y":1552,"z":0},"rotation":{"x":0,"y":0,"z":0},"scale":{"x":48,"y":32,"z":16}},{"class":"spike","position":{"x":752,"y":1984,"z":0},"rotation":{"x":0,"y":0,"z":0},"scale":{"x":16,"y":16,"z":16}},{"class":"spike","position":{"x":736,"y":1984,"z":0},"rotation":{"x":0,"y":0,"z":0},"scale":{"x":16,"y":16,"z":16}},{"class":"spike","position":{"x":800,"y":1984,"z":0},"rotation":{"x":0,"y":0,"z":0},"scale":{"x":16,"y":16,"z":16}},{"class":"spike","position":{"x":656,"y":1984,"z":0},"rotation":{"x":0,"y":0,"z":-3.141592653589793},"scale":{"x":16,"y":16,"z":16}},{"class":"spike","position":{"x":888,"y":1984,"z":0},"rotation":{"x":0,"y":0,"z":3.141592653589793},"scale":{"x":16,"y":16,"z":16}},{"class":"spike","position":{"x":720,"y":1984,"z":0},"rotation":{"x":0,"y":0,"z":0},"scale":{"x":16,"y":16,"z":16}},{"class":"spike","position":{"x":816,"y":1984,"z":0},"rotation":{"x":0,"y":0,"z":0},"scale":{"x":16,"y":16,"z":16}},{"class":"spike","position":{"x":688,"y":1984,"z":0},"rotation":{"x":0,"y":0,"z":0},"scale":{"x":16,"y":16,"z":16}},{"class":"spike","position":{"x":704,"y":1984,"z":0},"rotation":{"x":0,"y":0,"z":0},"scale":{"x":16,"y":16,"z":16}},{"class":"spike","position":{"x":824,"y":1984,"z":0},"rotation":{"x":0,"y":0,"z":0},"scale":{"x":16,"y":16,"z":16}},{"class":"spike","position":{"x":840,"y":1984,"z":0},"rotation":{"x":0,"y":0,"z":0},"scale":{"x":16,"y":16,"z":16}},{"class":"spike","position":{"x":824,"y":728,"z":0},"rotation":{"x":0,"y":0,"z":0},"scale":{"x":1640,"y":56,"z":16}},{"class":"spike","position":{"x":1752,"y":720,"z":0},"rotation":{"x":0,"y":0,"z":0},"scale":{"x":1640,"y":56,"z":16}},{"class":"direction","position":{"x":-2312,"y":624,"z":8},"rotation":{"x":0,"y":0,"z":0.7853981633974482},"scale":{"x":16,"y":16,"z":1}},{"class":"direction","position":{"x":-2272,"y":656,"z":8},"rotation":{"x":0,"y":0,"z":0.7853981633974482},"scale":{"x":16,"y":16,"z":1}},{"class":"direction","position":{"x":-2240,"y":688,"z":8},"rotation":{"x":0,"y":0,"z":0.7853981633974482},"scale":{"x":16,"y":16,"z":1}},{"class":"direction","position":{"x":-2136,"y":696,"z":8},"rotation":{"x":0,"y":0,"z":1.570796326794897},"scale":{"x":16,"y":16,"z":1}},{"class":"direction","position":{"x":-2768,"y":616,"z":8},"rotation":{"x":0,"y":0,"z":-0.5235987755982986},"scale":{"x":16,"y":16,"z":1}},{"class":"direction","position":{"x":-936,"y":-48,"z":8},"rotation":{"x":0,"y":0,"z":1.570796326794897},"scale":{"x":16,"y":16,"z":1}},{"class":"direction","position":{"x":-1400,"y":688,"z":8},"rotation":{"x":0,"y":0,"z":-1.5707963267948961},"scale":{"x":16,"y":16,"z":1}},{"class":"direction","position":{"x":72,"y":1368,"z":8},"rotation":{"x":0,"y":0,"z":0.2617993877991501},"scale":{"x":16,"y":16,"z":1}},{"class":"direction","position":{"x":0,"y":1344,"z":8},"rotation":{"x":0,"y":0,"z":0.5235987755982995},"scale":{"x":16,"y":16,"z":1}},{"class":"direction","position":{"x":152,"y":1384,"z":8},"rotation":{"x":0,"y":0,"z":6.661338147750939e-16},"scale":{"x":16,"y":16,"z":1}},{"class":"direction","position":{"x":416,"y":1456,"z":8},"rotation":{"x":0,"y":0,"z":1.0471975511965987},"scale":{"x":16,"y":16,"z":1}},{"class":"direction","position":{"x":488,"y":1464,"z":8},"rotation":{"x":0,"y":0,"z":-0.7853981633974472},"scale":{"x":16,"y":16,"z":1}},{"class":"direction","position":{"x":728,"y":1640,"z":8},"rotation":{"x":0,"y":0,"z":1.570796326794898},"scale":{"x":16,"y":16,"z":1}},{"class":"reset","position":{"x":208,"y":1392,"z":0},"rotation":{"x":0,"y":0,"z":0},"scale":{"x":16,"y":16,"z":16}},{"class":"spike","position":{"x":752,"y":1984,"z":0},"rotation":{"x":0,"y":0,"z":1.570796326794897},"scale":{"x":16,"y":16,"z":16}},{"class":"spike","position":{"x":800,"y":1984,"z":0},"rotation":{"x":0,"y":0,"z":-1.570796326794897},"scale":{"x":16,"y":16,"z":16}},{"class":"spike","position":{"x":672,"y":1984,"z":0},"rotation":{"x":0,"y":0,"z":0},"scale":{"x":16,"y":16,"z":16}},{"class":"spike","position":{"x":856,"y":1984,"z":0},"rotation":{"x":0,"y":0,"z":0},"scale":{"x":16,"y":16,"z":16}},{"class":"spike","position":{"x":872,"y":1984,"z":0},"rotation":{"x":0,"y":0,"z":0},"scale":{"x":16,"y":16,"z":16}},{"class":"cube","position":{"x":528,"y":2048,"z":0},"rotation":{"x":0,"y":0,"z":0},"scale":{"x":104,"y":16,"z":16}},{"class":"control","position":{"x":528,"y":2064,"z":0},"rotation":{"x":0,"y":0,"z":0},"scale":{"x":16,"y":16,"z":16}},{"class":"checkpoint","position":{"x":528,"y":2064,"z":0},"rotation":{"x":0,"y":0,"z":0},"scale":{"x":16,"y":16,"z":16}},{"class":"cube","position":{"x":496,"y":2168,"z":0},"rotation":{"x":0,"y":0,"z":-0.7853981633974484},"scale":{"x":40,"y":40,"z":32}},{"class":"cube","position":{"x":592,"y":2232,"z":0},"rotation":{"x":0,"y":0,"z":-0.7853981633974484},"scale":{"x":40,"y":40,"z":32}},{"class":"cube","position":{"x":576,"y":2352,"z":0},"rotation":{"x":0,"y":0,"z":-0.7853981633974484},"scale":{"x":40,"y":40,"z":32}},{"class":"cube","position":{"x":472,"y":2400,"z":0},"rotation":{"x":0,"y":0,"z":-0.7853981633974484},"scale":{"x":40,"y":40,"z":32}},{"class":"cube","position":{"x":384,"y":2456,"z":0},"rotation":{"x":0,"y":0,"z":-0.26179938779914963},"scale":{"x":40,"y":40,"z":32}},{"class":"cube","position":{"x":480,"y":2552,"z":0},"rotation":{"x":0,"y":0,"z":-1.047197551196598},"scale":{"x":40,"y":40,"z":32}},{"class":"cube","position":{"x":616,"y":2608,"z":0},"rotation":{"x":0,"y":0,"z":-0.26179938779914985},"scale":{"x":40,"y":40,"z":32}},{"class":"cube","position":{"x":800,"y":2632,"z":0},"rotation":{"x":0,"y":0,"z":0},"scale":{"x":160,"y":16,"z":16}},{"class":"gravity","position":{"x":888,"y":2784,"z":0},"rotation":{"x":0,"y":0,"z":-3.141592653589793},"scale":{"x":16,"y":328,"z":16}},{"class":"cube","position":{"x":1032,"y":2728,"z":0},"rotation":{"x":0,"y":0,"z":0},"scale":{"x":432,"y":16,"z":16}},{"class":"cube","position":{"x":1264,"y":2616,"z":0},"rotation":{"x":0,"y":0,"z":-0.7853981633974484},"scale":{"x":40,"y":40,"z":32}},{"class":"cube","position":{"x":1208,"y":2536,"z":0},"rotation":{"x":0,"y":0,"z":-0.7853981633974484},"scale":{"x":40,"y":40,"z":32}},{"class":"cube","position":{"x":1320,"y":2456,"z":0},"rotation":{"x":0,"y":0,"z":-0.7853981633974484},"scale":{"x":40,"y":40,"z":32}},{"class":"cube","position":{"x":1328,"y":2328,"z":0},"rotation":{"x":0,"y":0,"z":-0.7853981633974484},"scale":{"x":40,"y":40,"z":32}},{"class":"cube","position":{"x":1496,"y":2304,"z":0},"rotation":{"x":0,"y":0,"z":-0.7853981633974484},"scale":{"x":40,"y":40,"z":32}},{"class":"cube","position":{"x":1640,"y":2352,"z":0},"rotation":{"x":0,"y":0,"z":-0.7853981633974484},"scale":{"x":40,"y":40,"z":32}},{"class":"cube","position":{"x":1792,"y":2496,"z":0},"rotation":{"x":0,"y":0,"z":0.7853981633974484},"scale":{"x":392,"y":16,"z":16}},{"class":"cube","position":{"x":2016,"y":2632,"z":0},"rotation":{"x":0,"y":0,"z":0},"scale":{"x":192,"y":16,"z":16}},{"class":"checkpoint","position":{"x":2128,"y":2616,"z":0},"rotation":{"x":0,"y":0,"z":0},"scale":{"x":16,"y":16,"z":16}},{"class":"spike","position":{"x":2184,"y":2632,"z":0},"rotation":{"x":0,"y":0,"z":1.570796326794897},"scale":{"x":16,"y":16,"z":16}},{"class":"spike","position":{"x":2184,"y":2584,"z":0},"rotation":{"x":0,"y":0,"z":1.570796326794897},"scale":{"x":16,"y":16,"z":16}},{"class":"spike","position":{"x":2184,"y":2600,"z":0},"rotation":{"x":0,"y":0,"z":1.570796326794897},"scale":{"x":16,"y":16,"z":16}},{"class":"spike","position":{"x":2184,"y":2616,"z":0},"rotation":{"x":0,"y":0,"z":1.570796326794897},"scale":{"x":16,"y":16,"z":16}},{"class":"spike","position":{"x":2184,"y":2648,"z":0},"rotation":{"x":0,"y":0,"z":1.570796326794897},"scale":{"x":16,"y":16,"z":16}},{"class":"spike","position":{"x":2184,"y":2568,"z":0},"rotation":{"x":0,"y":0,"z":1.570796326794897},"scale":{"x":16,"y":16,"z":16}},{"class":"spike","position":{"x":640,"y":1984,"z":0},"rotation":{"x":0,"y":0,"z":3.141592653589793},"scale":{"x":16,"y":16,"z":16}},{"class":"spike","position":{"x":904,"y":1984,"z":0},"rotation":{"x":0,"y":0,"z":3.141592653589793},"scale":{"x":16,"y":16,"z":16}},{"class":"gravity","position":{"x":2128,"y":2616,"z":0},"rotation":{"x":0,"y":0,"z":-3.141592653589793},"scale":{"x":16,"y":16,"z":16}},{"class":"finish","position":{"x":2128,"y":3440,"z":0},"rotation":{"x":0,"y":0,"z":0},"scale":{"x":16,"y":16,"z":16}},{"class":"cube","position":{"x":436,"y":2148,"z":-33},"rotation":{"x":0,"y":0,"z":2.3291959268074285},"scale":{"x":22,"y":22,"z":22}},{"class":"cube","position":{"x":555,"y":2198,"z":-63},"rotation":{"x":0,"y":0,"z":0.35712463978390807},"scale":{"x":37,"y":37,"z":37}},{"class":"cube","position":{"x":461,"y":2197,"z":7},"rotation":{"x":0,"y":0,"z":1.0763521054663714},"scale":{"x":25,"y":25,"z":25}},{"class":"cube","position":{"x":487,"y":2142,"z":16},"rotation":{"x":0,"y":0,"z":0.47861417657919714},"scale":{"x":31,"y":31,"z":31}},{"class":"cube","position":{"x":435,"y":2143,"z":50},"rotation":{"x":0,"y":0,"z":2.4885716100771673},"scale":{"x":19,"y":19,"z":19}},{"class":"cube","position":{"x":525,"y":2157,"z":-44},"rotation":{"x":0,"y":0,"z":0.42539866578211855},"scale":{"x":26,"y":26,"z":26}},{"class":"cube","position":{"x":557,"y":2137,"z":-43},"rotation":{"x":0,"y":0,"z":1.3302339260852516},"scale":{"x":25,"y":25,"z":25}},{"class":"cube","position":{"x":459,"y":2135,"z":20},"rotation":{"x":0,"y":0,"z":2.803213686829591},"scale":{"x":4,"y":4,"z":4}},{"class":"cube","position":{"x":542,"y":2151,"z":61},"rotation":{"x":0,"y":0,"z":0.9378129505701377},"scale":{"x":34,"y":34,"z":34}},{"class":"cube","position":{"x":545,"y":2218,"z":24},"rotation":{"x":0,"y":0,"z":2.4685031411532137},"scale":{"x":23,"y":23,"z":23}},{"class":"cube","position":{"x":463,"y":2104,"z":44},"rotation":{"x":0,"y":0,"z":2.352568564885743},"scale":{"x":11,"y":11,"z":11}},{"class":"cube","position":{"x":481,"y":2183,"z":31},"rotation":{"x":0,"y":0,"z":0.3983783937534737},"scale":{"x":14,"y":14,"z":14}},{"class":"cube","position":{"x":556,"y":2191,"z":-30},"rotation":{"x":0,"y":0,"z":2.3927901660652036},"scale":{"x":2,"y":2,"z":2}},{"class":"cube","position":{"x":546,"y":2159,"z":24},"rotation":{"x":0,"y":0,"z":0.5890649954702446},"scale":{"x":9,"y":9,"z":9}},{"class":"cube","position":{"x":505,"y":2116,"z":-11},"rotation":{"x":0,"y":0,"z":0.09327815779617608},"scale":{"x":11,"y":11,"z":11}},{"class":"cube","position":{"x":516,"y":2138,"z":11},"rotation":{"x":0,"y":0,"z":2.481613836097373},"scale":{"x":22,"y":22,"z":22}},{"class":"cube","position":{"x":519,"y":2230,"z":17},"rotation":{"x":0,"y":0,"z":0.7585523046995212},"scale":{"x":13,"y":13,"z":13}},{"class":"cube","position":{"x":500,"y":2148,"z":26},"rotation":{"x":0,"y":0,"z":2.8109298189887224},"scale":{"x":24,"y":24,"z":24}},{"class":"cube","position":{"x":541,"y":2197,"z":-45},"rotation":{"x":0,"y":0,"z":2.5563517056879195},"scale":{"x":34,"y":34,"z":34}},{"class":"cube","position":{"x":475,"y":2198,"z":-10},"rotation":{"x":0,"y":0,"z":2.2284305739789305},"scale":{"x":16,"y":16,"z":16}},{"class":"cube","position":{"x":626,"y":2193,"z":22},"rotation":{"x":0,"y":0,"z":0.16339529017547175},"scale":{"x":38,"y":38,"z":38}},{"class":"cube","position":{"x":627,"y":2294,"z":-36},"rotation":{"x":0,"y":0,"z":0.2233267262374934},"scale":{"x":38,"y":38,"z":38}},{"class":"cube","position":{"x":620,"y":2261,"z":44},"rotation":{"x":0,"y":0,"z":1.4555303136483764},"scale":{"x":39,"y":39,"z":39}},{"class":"cube","position":{"x":549,"y":2252,"z":12},"rotation":{"x":0,"y":0,"z":2.372761516540793},"scale":{"x":28,"y":28,"z":28}},{"class":"cube","position":{"x":616,"y":2199,"z":49},"rotation":{"x":0,"y":0,"z":0.8531167890979358},"scale":{"x":3,"y":3,"z":3}},{"class":"cube","position":{"x":653,"y":2230,"z":-32},"rotation":{"x":0,"y":0,"z":2.1829410855709823},"scale":{"x":1,"y":1,"z":1}},{"class":"cube","position":{"x":570,"y":2272,"z":38},"rotation":{"x":0,"y":0,"z":2.1609129919879444},"scale":{"x":25,"y":25,"z":25}},{"class":"cube","position":{"x":545,"y":2216,"z":-1},"rotation":{"x":0,"y":0,"z":0.6538911381030671},"scale":{"x":28,"y":28,"z":28}},{"class":"cube","position":{"x":591,"y":2245,"z":-34},"rotation":{"x":0,"y":0,"z":0.5190230425225709},"scale":{"x":11,"y":11,"z":11}},{"class":"cube","position":{"x":554,"y":2282,"z":-15},"rotation":{"x":0,"y":0,"z":1.2356373211827472},"scale":{"x":7,"y":7,"z":7}},{"class":"cube","position":{"x":547,"y":2203,"z":-56},"rotation":{"x":0,"y":0,"z":1.981632902501153},"scale":{"x":40,"y":40,"z":40}},{"class":"cube","position":{"x":529,"y":2176,"z":-2},"rotation":{"x":0,"y":0,"z":2.6290920820960166},"scale":{"x":19,"y":19,"z":19}},{"class":"cube","position":{"x":606,"y":2220,"z":-32},"rotation":{"x":0,"y":0,"z":3.05837695140457},"scale":{"x":35,"y":35,"z":35}},{"class":"cube","position":{"x":624,"y":2175,"z":-57},"rotation":{"x":0,"y":0,"z":0.673934309568974},"scale":{"x":39,"y":39,"z":39}},{"class":"cube","position":{"x":640,"y":2232,"z":27},"rotation":{"x":0,"y":0,"z":0.9852704352477474},"scale":{"x":28,"y":28,"z":28}},{"class":"cube","position":{"x":634,"y":2252,"z":-41},"rotation":{"x":0,"y":0,"z":2.756628029258635},"scale":{"x":23,"y":23,"z":23}},{"class":"cube","position":{"x":655,"y":2220,"z":51},"rotation":{"x":0,"y":0,"z":1.3370022527827956},"scale":{"x":38,"y":38,"z":38}},{"class":"cube","position":{"x":599,"y":2270,"z":-19},"rotation":{"x":0,"y":0,"z":2.944378913146177},"scale":{"x":34,"y":34,"z":34}},{"class":"cube","position":{"x":541,"y":2195,"z":-1},"rotation":{"x":0,"y":0,"z":2.279018376151533},"scale":{"x":4,"y":4,"z":4}},{"class":"cube","position":{"x":605,"y":2232,"z":59},"rotation":{"x":0,"y":0,"z":0.8240386744405482},"scale":{"x":12,"y":12,"z":12}},{"class":"cube","position":{"x":550,"y":2332,"z":-59},"rotation":{"x":0,"y":0,"z":1.5878899239846789},"scale":{"x":16,"y":16,"z":16}},{"class":"cube","position":{"x":572,"y":2340,"z":57},"rotation":{"x":0,"y":0,"z":1.0941393190497573},"scale":{"x":34,"y":34,"z":34}},{"class":"cube","position":{"x":627,"y":2351,"z":-36},"rotation":{"x":0,"y":0,"z":1.4533079715021144},"scale":{"x":5,"y":5,"z":5}},{"class":"cube","position":{"x":558,"y":2388,"z":27},"rotation":{"x":0,"y":0,"z":0.7077085661991953},"scale":{"x":21,"y":21,"z":21}},{"class":"cube","position":{"x":584,"y":2395,"z":16},"rotation":{"x":0,"y":0,"z":1.6216199621067753},"scale":{"x":9,"y":9,"z":9}},{"class":"cube","position":{"x":546,"y":2362,"z":-19},"rotation":{"x":0,"y":0,"z":0.9905390582168778},"scale":{"x":18,"y":18,"z":18}},{"class":"cube","position":{"x":619,"y":2354,"z":-37},"rotation":{"x":0,"y":0,"z":2.2708497337408966},"scale":{"x":36,"y":36,"z":36}},{"class":"cube","position":{"x":623,"y":2389,"z":15},"rotation":{"x":0,"y":0,"z":1.1628599550169585},"scale":{"x":20,"y":20,"z":20}},{"class":"cube","position":{"x":602,"y":2352,"z":-21},"rotation":{"x":0,"y":0,"z":2.4440846844573336},"scale":{"x":32,"y":32,"z":32}},{"class":"cube","position":{"x":570,"y":2295,"z":8},"rotation":{"x":0,"y":0,"z":1.7230257685189843},"scale":{"x":23,"y":23,"z":23}},{"class":"cube","position":{"x":549,"y":2396,"z":-1},"rotation":{"x":0,"y":0,"z":2.2805429544861378},"scale":{"x":30,"y":30,"z":30}},{"class":"cube","position":{"x":569,"y":2326,"z":-15},"rotation":{"x":0,"y":0,"z":2.4037550570080195},"scale":{"x":30,"y":30,"z":30}},{"class":"cube","position":{"x":634,"y":2349,"z":-17},"rotation":{"x":0,"y":0,"z":1.9015361473338224},"scale":{"x":4,"y":4,"z":4}},{"class":"cube","position":{"x":597,"y":2358,"z":-18},"rotation":{"x":0,"y":0,"z":1.4972629911529336},"scale":{"x":35,"y":35,"z":35}},{"class":"cube","position":{"x":603,"y":2350,"z":44},"rotation":{"x":0,"y":0,"z":2.5602604445274846},"scale":{"x":9,"y":9,"z":9}},{"class":"cube","position":{"x":579,"y":2387,"z":47},"rotation":{"x":0,"y":0,"z":1.6206869294268835},"scale":{"x":35,"y":35,"z":35}},{"class":"cube","position":{"x":636,"y":2410,"z":33},"rotation":{"x":0,"y":0,"z":2.9203385752164834},"scale":{"x":13,"y":13,"z":13}},{"class":"cube","position":{"x":588,"y":2410,"z":13},"rotation":{"x":0,"y":0,"z":2.70950563002172},"scale":{"x":20,"y":20,"z":20}},{"class":"cube","position":{"x":581,"y":2346,"z":-1},"rotation":{"x":0,"y":0,"z":0.7643709327832919},"scale":{"x":33,"y":33,"z":33}},{"class":"cube","position":{"x":629,"y":2308,"z":-12},"rotation":{"x":0,"y":0,"z":1.2652214913776778},"scale":{"x":6,"y":6,"z":6}},{"class":"cube","position":{"x":514,"y":2425,"z":42},"rotation":{"x":0,"y":0,"z":2.4484304509155064},"scale":{"x":11,"y":11,"z":11}},{"class":"cube","position":{"x":454,"y":2401,"z":26},"rotation":{"x":0,"y":0,"z":1.3955372599741047},"scale":{"x":21,"y":21,"z":21}},{"class":"cube","position":{"x":432,"y":2359,"z":50},"rotation":{"x":0,"y":0,"z":2.298739920427977},"scale":{"x":19,"y":19,"z":19}},{"class":"cube","position":{"x":502,"y":2344,"z":-8},"rotation":{"x":0,"y":0,"z":2.2002683750565515},"scale":{"x":18,"y":18,"z":18}},{"class":"cube","position":{"x":489,"y":2459,"z":-35},"rotation":{"x":0,"y":0,"z":2.462193352853212},"scale":{"x":11,"y":11,"z":11}},{"class":"cube","position":{"x":435,"y":2410,"z":-50},"rotation":{"x":0,"y":0,"z":1.2940259898056823},"scale":{"x":8,"y":8,"z":8}},{"class":"cube","position":{"x":494,"y":2436,"z":-38},"rotation":{"x":0,"y":0,"z":3.10245907413269},"scale":{"x":26,"y":26,"z":26}},{"class":"cube","position":{"x":491,"y":2405,"z":-57},"rotation":{"x":0,"y":0,"z":2.513977427825918},"scale":{"x":24,"y":24,"z":24}},{"class":"cube","position":{"x":461,"y":2346,"z":47},"rotation":{"x":0,"y":0,"z":2.7606655913466156},"scale":{"x":15,"y":15,"z":15}},{"class":"cube","position":{"x":463,"y":2414,"z":-23},"rotation":{"x":0,"y":0,"z":1.2236196868753677},"scale":{"x":32,"y":32,"z":32}},{"class":"cube","position":{"x":437,"y":2442,"z":-56},"rotation":{"x":0,"y":0,"z":1.3435783278797468},"scale":{"x":26,"y":26,"z":26}},{"class":"cube","position":{"x":423,"y":2338,"z":-18},"rotation":{"x":0,"y":0,"z":1.1333353697875215},"scale":{"x":36,"y":36,"z":36}},{"class":"cube","position":{"x":442,"y":2403,"z":55},"rotation":{"x":0,"y":0,"z":0.33283419897983085},"scale":{"x":34,"y":34,"z":34}},{"class":"cube","position":{"x":431,"y":2380,"z":-49},"rotation":{"x":0,"y":0,"z":1.3620996659562636},"scale":{"x":18,"y":18,"z":18}},{"class":"cube","position":{"x":450,"y":2450,"z":-7},"rotation":{"x":0,"y":0,"z":1.9450256692813088},"scale":{"x":16,"y":16,"z":16}},{"class":"cube","position":{"x":518,"y":2462,"z":-6},"rotation":{"x":0,"y":0,"z":2.8054755466838692},"scale":{"x":18,"y":18,"z":18}},{"class":"cube","position":{"x":511,"y":2378,"z":56},"rotation":{"x":0,"y":0,"z":0.15569219165723724},"scale":{"x":31,"y":31,"z":31}},{"class":"cube","position":{"x":504,"y":2385,"z":-59},"rotation":{"x":0,"y":0,"z":1.109108665497812},"scale":{"x":4,"y":4,"z":4}},{"class":"cube","position":{"x":488,"y":2408,"z":-3},"rotation":{"x":0,"y":0,"z":1.897912112334927},"scale":{"x":35,"y":35,"z":35}},{"class":"cube","position":{"x":522,"y":2381,"z":6},"rotation":{"x":0,"y":0,"z":0.06684215024176234},"scale":{"x":33,"y":33,"z":33}},{"class":"cube","position":{"x":384,"y":2413,"z":55},"rotation":{"x":0,"y":0,"z":0.5154819682655157},"scale":{"x":30,"y":30,"z":30}},{"class":"cube","position":{"x":396,"y":2408,"z":4},"rotation":{"x":0,"y":0,"z":2.8364333091277705},"scale":{"x":38,"y":38,"z":38}},{"class":"cube","position":{"x":372,"y":2482,"z":45},"rotation":{"x":0,"y":0,"z":2.7547566725399917},"scale":{"x":30,"y":30,"z":30}},{"class":"cube","position":{"x":429,"y":2397,"z":14},"rotation":{"x":0,"y":0,"z":0.011439342335334559},"scale":{"x":22,"y":22,"z":22}},{"class":"cube","position":{"x":376,"y":2481,"z":-37},"rotation":{"x":0,"y":0,"z":0.4800179489927494},"scale":{"x":31,"y":31,"z":31}},{"class":"cube","position":{"x":406,"y":2478,"z":16},"rotation":{"x":0,"y":0,"z":0.44801525533621345},"scale":{"x":18,"y":18,"z":18}},{"class":"cube","position":{"x":326,"y":2514,"z":14},"rotation":{"x":0,"y":0,"z":2.7648177594152674},"scale":{"x":5,"y":5,"z":5}},{"class":"cube","position":{"x":361,"y":2512,"z":19},"rotation":{"x":0,"y":0,"z":3.015339094077482},"scale":{"x":39,"y":39,"z":39}},{"class":"cube","position":{"x":420,"y":2456,"z":16},"rotation":{"x":0,"y":0,"z":0.6198415784352248},"scale":{"x":8,"y":8,"z":8}},{"class":"cube","position":{"x":406,"y":2436,"z":10},"rotation":{"x":0,"y":0,"z":2.2795253314113073},"scale":{"x":39,"y":39,"z":39}},{"class":"cube","position":{"x":345,"y":2513,"z":-9},"rotation":{"x":0,"y":0,"z":0.8798059398942363},"scale":{"x":14,"y":14,"z":14}},{"class":"cube","position":{"x":434,"y":2410,"z":-61},"rotation":{"x":0,"y":0,"z":0.9163086792126683},"scale":{"x":18,"y":18,"z":18}},{"class":"cube","position":{"x":353,"y":2495,"z":-13},"rotation":{"x":0,"y":0,"z":2.300660430719075},"scale":{"x":35,"y":35,"z":35}},{"class":"cube","position":{"x":443,"y":2469,"z":-9},"rotation":{"x":0,"y":0,"z":0.5621505578092942},"scale":{"x":6,"y":6,"z":6}},{"class":"cube","position":{"x":378,"y":2446,"z":-38},"rotation":{"x":0,"y":0,"z":1.4335700619689702},"scale":{"x":35,"y":35,"z":35}},{"class":"cube","position":{"x":376,"y":2423,"z":-20},"rotation":{"x":0,"y":0,"z":0.3350202629628642},"scale":{"x":4,"y":4,"z":4}},{"class":"cube","position":{"x":336,"y":2421,"z":42},"rotation":{"x":0,"y":0,"z":1.8669390703177589},"scale":{"x":32,"y":32,"z":32}},{"class":"cube","position":{"x":378,"y":2487,"z":33},"rotation":{"x":0,"y":0,"z":1.5386651304357477},"scale":{"x":29,"y":29,"z":29}},{"class":"cube","position":{"x":431,"y":2474,"z":-42},"rotation":{"x":0,"y":0,"z":2.5635548939293242},"scale":{"x":1,"y":1,"z":1}},{"class":"cube","position":{"x":391,"y":2470,"z":39},"rotation":{"x":0,"y":0,"z":1.533556631208899},"scale":{"x":35,"y":35,"z":35}},{"class":"cube","position":{"x":540,"y":2538,"z":54},"rotation":{"x":0,"y":0,"z":2.956630300598819},"scale":{"x":33,"y":33,"z":33}},{"class":"cube","position":{"x":453,"y":2533,"z":-44},"rotation":{"x":0,"y":0,"z":3.0990698008828406},"scale":{"x":27,"y":27,"z":27}},{"class":"cube","position":{"x":430,"y":2584,"z":33},"rotation":{"x":0,"y":0,"z":1.968723688615137},"scale":{"x":2,"y":2,"z":2}},{"class":"cube","position":{"x":513,"y":2523,"z":-23},"rotation":{"x":0,"y":0,"z":0.13862444866732476},"scale":{"x":23,"y":23,"z":23}},{"class":"cube","position":{"x":486,"y":2515,"z":-44},"rotation":{"x":0,"y":0,"z":0.1291897034278183},"scale":{"x":19,"y":19,"z":19}},{"class":"cube","position":{"x":428,"y":2544,"z":-7},"rotation":{"x":0,"y":0,"z":0.03834926492214526},"scale":{"x":6,"y":6,"z":6}},{"class":"cube","position":{"x":519,"y":2529,"z":6},"rotation":{"x":0,"y":0,"z":1.595124915238848},"scale":{"x":27,"y":27,"z":27}},{"class":"cube","position":{"x":502,"y":2593,"z":5},"rotation":{"x":0,"y":0,"z":0.6740510869442674},"scale":{"x":5,"y":5,"z":5}},{"class":"cube","position":{"x":520,"y":2589,"z":-49},"rotation":{"x":0,"y":0,"z":2.2996384777716066},"scale":{"x":34,"y":34,"z":34}},{"class":"cube","position":{"x":458,"y":2569,"z":-22},"rotation":{"x":0,"y":0,"z":2.3163479548913752},"scale":{"x":14,"y":14,"z":14}},{"class":"cube","position":{"x":530,"y":2615,"z":-31},"rotation":{"x":0,"y":0,"z":0.5786341330755836},"scale":{"x":3,"y":3,"z":3}},{"class":"cube","position":{"x":432,"y":2523,"z":7},"rotation":{"x":0,"y":0,"z":1.2091197910547185},"scale":{"x":11,"y":11,"z":11}},{"class":"cube","position":{"x":451,"y":2570,"z":-6},"rotation":{"x":0,"y":0,"z":2.7664716832631413},"scale":{"x":9,"y":9,"z":9}},{"class":"cube","position":{"x":517,"y":2526,"z":62},"rotation":{"x":0,"y":0,"z":1.0540737201859638},"scale":{"x":36,"y":36,"z":36}},{"class":"cube","position":{"x":466,"y":2501,"z":-58},"rotation":{"x":0,"y":0,"z":0.34249587110937313},"scale":{"x":24,"y":24,"z":24}},{"class":"cube","position":{"x":486,"y":2596,"z":-29},"rotation":{"x":0,"y":0,"z":0.8147414852267294},"scale":{"x":34,"y":34,"z":34}},{"class":"cube","position":{"x":460,"y":2524,"z":59},"rotation":{"x":0,"y":0,"z":2.3419835336463426},"scale":{"x":18,"y":18,"z":18}},{"class":"cube","position":{"x":487,"y":2530,"z":22},"rotation":{"x":0,"y":0,"z":2.182491905116191},"scale":{"x":19,"y":19,"z":19}},{"class":"cube","position":{"x":540,"y":2595,"z":-41},"rotation":{"x":0,"y":0,"z":2.022175904121137},"scale":{"x":31,"y":31,"z":31}},{"class":"cube","position":{"x":536,"y":2499,"z":57},"rotation":{"x":0,"y":0,"z":0.022029065224139846},"scale":{"x":18,"y":18,"z":18}},{"class":"cube","position":{"x":660,"y":2662,"z":-1},"rotation":{"x":0,"y":0,"z":0.6146949716069332},"scale":{"x":1,"y":1,"z":1}},{"class":"cube","position":{"x":620,"y":2599,"z":6},"rotation":{"x":0,"y":0,"z":0.9980787640628473},"scale":{"x":2,"y":2,"z":2}},{"class":"cube","position":{"x":619,"y":2605,"z":-13},"rotation":{"x":0,"y":0,"z":2.916392653852232},"scale":{"x":26,"y":26,"z":26}},{"class":"cube","position":{"x":640,"y":2558,"z":3},"rotation":{"x":0,"y":0,"z":3.0100544241348195},"scale":{"x":34,"y":34,"z":34}},{"class":"cube","position":{"x":671,"y":2664,"z":50},"rotation":{"x":0,"y":0,"z":2.592098339338838},"scale":{"x":32,"y":32,"z":32}},{"class":"cube","position":{"x":570,"y":2646,"z":57},"rotation":{"x":0,"y":0,"z":0.26898205506273354},"scale":{"x":12,"y":12,"z":12}},{"class":"cube","position":{"x":580,"y":2571,"z":60},"rotation":{"x":0,"y":0,"z":1.6100810327762876},"scale":{"x":16,"y":16,"z":16}},{"class":"cube","position":{"x":598,"y":2586,"z":55},"rotation":{"x":0,"y":0,"z":2.7303900425250918},"scale":{"x":20,"y":20,"z":20}},{"class":"cube","position":{"x":630,"y":2550,"z":-61},"rotation":{"x":0,"y":0,"z":2.777182318456129},"scale":{"x":3,"y":3,"z":3}},{"class":"cube","position":{"x":609,"y":2601,"z":14},"rotation":{"x":0,"y":0,"z":2.9318169439295048},"scale":{"x":28,"y":28,"z":28}},{"class":"cube","position":{"x":600,"y":2608,"z":51},"rotation":{"x":0,"y":0,"z":2.3550364840694265},"scale":{"x":28,"y":28,"z":28}},{"class":"cube","position":{"x":608,"y":2585,"z":31},"rotation":{"x":0,"y":0,"z":0.9316162328326978},"scale":{"x":37,"y":37,"z":37}},{"class":"cube","position":{"x":608,"y":2657,"z":-2},"rotation":{"x":0,"y":0,"z":1.8565982472688247},"scale":{"x":10,"y":10,"z":10}},{"class":"cube","position":{"x":558,"y":2644,"z":-57},"rotation":{"x":0,"y":0,"z":2.100565752033604},"scale":{"x":27,"y":27,"z":27}},{"class":"cube","position":{"x":661,"y":2547,"z":48},"rotation":{"x":0,"y":0,"z":1.3503483750207113},"scale":{"x":12,"y":12,"z":12}},{"class":"cube","position":{"x":673,"y":2637,"z":45},"rotation":{"x":0,"y":0,"z":2.5681090627669696},"scale":{"x":17,"y":17,"z":17}},{"class":"cube","position":{"x":622,"y":2614,"z":-23},"rotation":{"x":0,"y":0,"z":2.2248298313774693},"scale":{"x":31,"y":31,"z":31}},{"class":"cube","position":{"x":577,"y":2661,"z":31},"rotation":{"x":0,"y":0,"z":1.7200961909767625},"scale":{"x":9,"y":9,"z":9}},{"class":"cube","position":{"x":666,"y":2587,"z":42},"rotation":{"x":0,"y":0,"z":1.1203586000118757},"scale":{"x":3,"y":3,"z":3}},{"class":"cube","position":{"x":585,"y":2598,"z":-57},"rotation":{"x":0,"y":0,"z":0.3182103986536113},"scale":{"x":5,"y":5,"z":5}},{"class":"cube","position":{"x":1321,"y":2637,"z":41},"rotation":{"x":0,"y":0,"z":2.725776219927001},"scale":{"x":15,"y":15,"z":15}},{"class":"cube","position":{"x":1270,"y":2610,"z":-55},"rotation":{"x":0,"y":0,"z":0.9367112072888185},"scale":{"x":32,"y":32,"z":32}},{"class":"cube","position":{"x":1327,"y":2612,"z":9},"rotation":{"x":0,"y":0,"z":1.0712304706998184},"scale":{"x":1,"y":1,"z":1}},{"class":"cube","position":{"x":1325,"y":2619,"z":-20},"rotation":{"x":0,"y":0,"z":1.6670584240645148},"scale":{"x":1,"y":1,"z":1}},{"class":"cube","position":{"x":1324,"y":2562,"z":11},"rotation":{"x":0,"y":0,"z":0.13387613202058976},"scale":{"x":17,"y":17,"z":17}},{"class":"cube","position":{"x":1318,"y":2571,"z":48},"rotation":{"x":0,"y":0,"z":2.538638653709335},"scale":{"x":10,"y":10,"z":10}},{"class":"cube","position":{"x":1249,"y":2572,"z":55},"rotation":{"x":0,"y":0,"z":1.9522227764594462},"scale":{"x":16,"y":16,"z":16}},{"class":"cube","position":{"x":1223,"y":2604,"z":-2},"rotation":{"x":0,"y":0,"z":2.587202304232641},"scale":{"x":4,"y":4,"z":4}},{"class":"cube","position":{"x":1301,"y":2664,"z":7},"rotation":{"x":0,"y":0,"z":1.5804836770155286},"scale":{"x":40,"y":40,"z":40}},{"class":"cube","position":{"x":1225,"y":2668,"z":22},"rotation":{"x":0,"y":0,"z":0.29138337050853164},"scale":{"x":25,"y":25,"z":25}},{"class":"cube","position":{"x":1306,"y":2645,"z":-10},"rotation":{"x":0,"y":0,"z":1.9217992190556001},"scale":{"x":9,"y":9,"z":9}},{"class":"cube","position":{"x":1323,"y":2567,"z":-10},"rotation":{"x":0,"y":0,"z":0.4998973509449577},"scale":{"x":3,"y":3,"z":3}},{"class":"cube","position":{"x":1281,"y":2639,"z":47},"rotation":{"x":0,"y":0,"z":2.4988914026989706},"scale":{"x":37,"y":37,"z":37}},{"class":"cube","position":{"x":1327,"y":2559,"z":-50},"rotation":{"x":0,"y":0,"z":1.0020800746364869},"scale":{"x":0,"y":0,"z":0}},{"class":"cube","position":{"x":1309,"y":2599,"z":-61},"rotation":{"x":0,"y":0,"z":1.786500298734285},"scale":{"x":13,"y":13,"z":13}},{"class":"cube","position":{"x":1267,"y":2629,"z":10},"rotation":{"x":0,"y":0,"z":1.3951566936076765},"scale":{"x":40,"y":40,"z":40}},{"class":"cube","position":{"x":1325,"y":2667,"z":1},"rotation":{"x":0,"y":0,"z":2.377485563470218},"scale":{"x":27,"y":27,"z":27}},{"class":"cube","position":{"x":1249,"y":2649,"z":20},"rotation":{"x":0,"y":0,"z":3.026762253460878},"scale":{"x":33,"y":33,"z":33}},{"class":"cube","position":{"x":1303,"y":2651,"z":-46},"rotation":{"x":0,"y":0,"z":1.3712466440952147},"scale":{"x":11,"y":11,"z":11}},{"class":"cube","position":{"x":1313,"y":2556,"z":2},"rotation":{"x":0,"y":0,"z":2.241810124045957},"scale":{"x":28,"y":28,"z":28}},{"class":"cube","position":{"x":1193,"y":2574,"z":45},"rotation":{"x":0,"y":0,"z":2.3819893988830745},"scale":{"x":37,"y":37,"z":37}},{"class":"cube","position":{"x":1237,"y":2523,"z":-31},"rotation":{"x":0,"y":0,"z":1.7508289882758807},"scale":{"x":31,"y":31,"z":31}},{"class":"cube","position":{"x":1231,"y":2523,"z":-2},"rotation":{"x":0,"y":0,"z":2.510111482897134},"scale":{"x":5,"y":5,"z":5}},{"class":"cube","position":{"x":1200,"y":2514,"z":-40},"rotation":{"x":0,"y":0,"z":2.5527544879631185},"scale":{"x":3,"y":3,"z":3}},{"class":"cube","position":{"x":1198,"y":2573,"z":-36},"rotation":{"x":0,"y":0,"z":0.4256657243980924},"scale":{"x":35,"y":35,"z":35}},{"class":"cube","position":{"x":1164,"y":2572,"z":24},"rotation":{"x":0,"y":0,"z":1.5607619616244346},"scale":{"x":26,"y":26,"z":26}},{"class":"cube","position":{"x":1247,"y":2538,"z":54},"rotation":{"x":0,"y":0,"z":1.2049628584212217},"scale":{"x":19,"y":19,"z":19}},{"class":"cube","position":{"x":1267,"y":2511,"z":30},"rotation":{"x":0,"y":0,"z":2.2947283462962567},"scale":{"x":21,"y":21,"z":21}},{"class":"cube","position":{"x":1260,"y":2517,"z":-61},"rotation":{"x":0,"y":0,"z":2.381853170288741},"scale":{"x":38,"y":38,"z":38}},{"class":"cube","position":{"x":1172,"y":2523,"z":42},"rotation":{"x":0,"y":0,"z":0.44197795351652425},"scale":{"x":29,"y":29,"z":29}},{"class":"cube","position":{"x":1149,"y":2581,"z":28},"rotation":{"x":0,"y":0,"z":1.5033316619254082},"scale":{"x":27,"y":27,"z":27}},{"class":"cube","position":{"x":1170,"y":2535,"z":-41},"rotation":{"x":0,"y":0,"z":2.7927663414814807},"scale":{"x":30,"y":30,"z":30}},{"class":"cube","position":{"x":1162,"y":2480,"z":14},"rotation":{"x":0,"y":0,"z":1.0987796900797557},"scale":{"x":34,"y":34,"z":34}},{"class":"cube","position":{"x":1267,"y":2498,"z":-53},"rotation":{"x":0,"y":0,"z":3.1136036410189067},"scale":{"x":22,"y":22,"z":22}},{"class":"cube","position":{"x":1158,"y":2504,"z":47},"rotation":{"x":0,"y":0,"z":2.457823900940769},"scale":{"x":23,"y":23,"z":23}},{"class":"cube","position":{"x":1227,"y":2570,"z":-38},"rotation":{"x":0,"y":0,"z":3.1346923020587214},"scale":{"x":5,"y":5,"z":5}},{"class":"cube","position":{"x":1144,"y":2563,"z":13},"rotation":{"x":0,"y":0,"z":2.9375408491839305},"scale":{"x":37,"y":37,"z":37}},{"class":"cube","position":{"x":1202,"y":2473,"z":57},"rotation":{"x":0,"y":0,"z":1.8347026465517573},"scale":{"x":36,"y":36,"z":36}},{"class":"cube","position":{"x":1232,"y":2524,"z":-46},"rotation":{"x":0,"y":0,"z":1.3901992827959417},"scale":{"x":26,"y":26,"z":26}},{"class":"cube","position":{"x":1187,"y":2600,"z":-27},"rotation":{"x":0,"y":0,"z":3.044226685058344},"scale":{"x":4,"y":4,"z":4}},{"class":"cube","position":{"x":1351,"y":2509,"z":4},"rotation":{"x":0,"y":0,"z":0.4664729120499081},"scale":{"x":22,"y":22,"z":22}},{"class":"cube","position":{"x":1378,"y":2462,"z":-35},"rotation":{"x":0,"y":0,"z":0.9723239588631531},"scale":{"x":24,"y":24,"z":24}},{"class":"cube","position":{"x":1364,"y":2397,"z":62},"rotation":{"x":0,"y":0,"z":0.1484803360572221},"scale":{"x":8,"y":8,"z":8}},{"class":"cube","position":{"x":1261,"y":2460,"z":34},"rotation":{"x":0,"y":0,"z":2.542384829394484},"scale":{"x":7,"y":7,"z":7}},{"class":"cube","position":{"x":1335,"y":2399,"z":-29},"rotation":{"x":0,"y":0,"z":1.9370772299761847},"scale":{"x":3,"y":3,"z":3}},{"class":"cube","position":{"x":1275,"y":2443,"z":-37},"rotation":{"x":0,"y":0,"z":1.4802693545334045},"scale":{"x":29,"y":29,"z":29}},{"class":"cube","position":{"x":1336,"y":2499,"z":-53},"rotation":{"x":0,"y":0,"z":1.3748783708953198},"scale":{"x":2,"y":2,"z":2}},{"class":"cube","position":{"x":1294,"y":2449,"z":21},"rotation":{"x":0,"y":0,"z":0.1523277458852373},"scale":{"x":25,"y":25,"z":25}},{"class":"cube","position":{"x":1259,"y":2472,"z":36},"rotation":{"x":0,"y":0,"z":3.0510054172650984},"scale":{"x":8,"y":8,"z":8}},{"class":"cube","position":{"x":1276,"y":2406,"z":-36},"rotation":{"x":0,"y":0,"z":0.9674501050815839},"scale":{"x":24,"y":24,"z":24}},{"class":"cube","position":{"x":1360,"y":2457,"z":33},"rotation":{"x":0,"y":0,"z":2.408356584803182},"scale":{"x":0,"y":0,"z":0}},{"class":"cube","position":{"x":1357,"y":2516,"z":1},"rotation":{"x":0,"y":0,"z":0.19593585847068207},"scale":{"x":37,"y":37,"z":37}},{"class":"cube","position":{"x":1289,"y":2489,"z":-56},"rotation":{"x":0,"y":0,"z":0.06879908948421222},"scale":{"x":26,"y":26,"z":26}},{"class":"cube","position":{"x":1288,"y":2393,"z":-55},"rotation":{"x":0,"y":0,"z":2.9240176630409156},"scale":{"x":28,"y":28,"z":28}},{"class":"cube","position":{"x":1300,"y":2409,"z":4},"rotation":{"x":0,"y":0,"z":1.7552928980296485},"scale":{"x":20,"y":20,"z":20}},{"class":"cube","position":{"x":1384,"y":2508,"z":38},"rotation":{"x":0,"y":0,"z":2.3764097480713215},"scale":{"x":14,"y":14,"z":14}},{"class":"cube","position":{"x":1331,"y":2428,"z":59},"rotation":{"x":0,"y":0,"z":2.251794605610693},"scale":{"x":24,"y":24,"z":24}},{"class":"cube","position":{"x":1296,"y":2436,"z":52},"rotation":{"x":0,"y":0,"z":1.3263939671626028},"scale":{"x":40,"y":40,"z":40}},{"class":"cube","position":{"x":1383,"y":2403,"z":22},"rotation":{"x":0,"y":0,"z":1.603027163415413},"scale":{"x":6,"y":6,"z":6}},{"class":"cube","position":{"x":1350,"y":2432,"z":1},"rotation":{"x":0,"y":0,"z":0.4768969259394931},"scale":{"x":21,"y":21,"z":21}},{"class":"cube","position":{"x":1360,"y":2275,"z":34},"rotation":{"x":0,"y":0,"z":1.122233317907014},"scale":{"x":38,"y":38,"z":38}},{"class":"cube","position":{"x":1287,"y":2322,"z":-12},"rotation":{"x":0,"y":0,"z":1.0353897763220339},"scale":{"x":37,"y":37,"z":37}},{"class":"cube","position":{"x":1284,"y":2291,"z":10},"rotation":{"x":0,"y":0,"z":1.4439483373295896},"scale":{"x":22,"y":22,"z":22}},{"class":"cube","position":{"x":1272,"y":2303,"z":15},"rotation":{"x":0,"y":0,"z":3.108862642667456},"scale":{"x":18,"y":18,"z":18}},{"class":"cube","position":{"x":1290,"y":2389,"z":38},"rotation":{"x":0,"y":0,"z":1.438136310839914},"scale":{"x":13,"y":13,"z":13}},{"class":"cube","position":{"x":1280,"y":2297,"z":47},"rotation":{"x":0,"y":0,"z":0.2631767774662953},"scale":{"x":10,"y":10,"z":10}},{"class":"cube","position":{"x":1372,"y":2300,"z":2},"rotation":{"x":0,"y":0,"z":1.271143966733387},"scale":{"x":34,"y":34,"z":34}},{"class":"cube","position":{"x":1283,"y":2314,"z":60},"rotation":{"x":0,"y":0,"z":1.3999709275297378},"scale":{"x":18,"y":18,"z":18}},{"class":"cube","position":{"x":1339,"y":2359,"z":14},"rotation":{"x":0,"y":0,"z":1.2087882110712425},"scale":{"x":29,"y":29,"z":29}},{"class":"cube","position":{"x":1343,"y":2359,"z":20},"rotation":{"x":0,"y":0,"z":1.9527691391923772},"scale":{"x":32,"y":32,"z":32}},{"class":"cube","position":{"x":1355,"y":2367,"z":63},"rotation":{"x":0,"y":0,"z":0.5108390968746938},"scale":{"x":16,"y":16,"z":16}},{"class":"cube","position":{"x":1274,"y":2382,"z":25},"rotation":{"x":0,"y":0,"z":1.5023315834836124},"scale":{"x":32,"y":32,"z":32}},{"class":"cube","position":{"x":1369,"y":2347,"z":50},"rotation":{"x":0,"y":0,"z":1.7618630470216818},"scale":{"x":21,"y":21,"z":21}},{"class":"cube","position":{"x":1349,"y":2339,"z":-46},"rotation":{"x":0,"y":0,"z":2.181445473959905},"scale":{"x":27,"y":27,"z":27}},{"class":"cube","position":{"x":1385,"y":2330,"z":-56},"rotation":{"x":0,"y":0,"z":1.931288992411636},"scale":{"x":30,"y":30,"z":30}},{"class":"cube","position":{"x":1381,"y":2303,"z":32},"rotation":{"x":0,"y":0,"z":2.2408226367344994},"scale":{"x":32,"y":32,"z":32}},{"class":"cube","position":{"x":1359,"y":2339,"z":-33},"rotation":{"x":0,"y":0,"z":2.3971636993321037},"scale":{"x":38,"y":38,"z":38}},{"class":"cube","position":{"x":1375,"y":2339,"z":17},"rotation":{"x":0,"y":0,"z":0.7163235545056245},"scale":{"x":29,"y":29,"z":29}},{"class":"cube","position":{"x":1370,"y":2390,"z":1},"rotation":{"x":0,"y":0,"z":0.572399474095422},"scale":{"x":19,"y":19,"z":19}},{"class":"cube","position":{"x":1390,"y":2302,"z":5},"rotation":{"x":0,"y":0,"z":2.2471017956458965},"scale":{"x":1,"y":1,"z":1}},{"class":"cube","position":{"x":1480,"y":2307,"z":26},"rotation":{"x":0,"y":0,"z":2.8219933244872304},"scale":{"x":3,"y":3,"z":3}},{"class":"cube","position":{"x":1522,"y":2327,"z":-57},"rotation":{"x":0,"y":0,"z":1.3987522829003818},"scale":{"x":21,"y":21,"z":21}},{"class":"cube","position":{"x":1509,"y":2340,"z":16},"rotation":{"x":0,"y":0,"z":2.706525637104841},"scale":{"x":15,"y":15,"z":15}},{"class":"cube","position":{"x":1433,"y":2335,"z":55},"rotation":{"x":0,"y":0,"z":2.15569679643742},"scale":{"x":38,"y":38,"z":38}},{"class":"cube","position":{"x":1540,"y":2284,"z":-3},"rotation":{"x":0,"y":0,"z":0.9910362587697382},"scale":{"x":10,"y":10,"z":10}},{"class":"cube","position":{"x":1540,"y":2285,"z":-35},"rotation":{"x":0,"y":0,"z":1.8407065715032251},"scale":{"x":29,"y":29,"z":29}},{"class":"cube","position":{"x":1532,"y":2297,"z":-64},"rotation":{"x":0,"y":0,"z":0.8569285883007023},"scale":{"x":26,"y":26,"z":26}},{"class":"cube","position":{"x":1526,"y":2284,"z":-48},"rotation":{"x":0,"y":0,"z":1.0856586951233984},"scale":{"x":40,"y":40,"z":40}},{"class":"cube","position":{"x":1501,"y":2284,"z":-28},"rotation":{"x":0,"y":0,"z":2.363875610265425},"scale":{"x":19,"y":19,"z":19}},{"class":"cube","position":{"x":1459,"y":2312,"z":64},"rotation":{"x":0,"y":0,"z":0.9041528489149915},"scale":{"x":28,"y":28,"z":28}},{"class":"cube","position":{"x":1555,"y":2342,"z":-36},"rotation":{"x":0,"y":0,"z":1.2807331892910492},"scale":{"x":10,"y":10,"z":10}},{"class":"cube","position":{"x":1445,"y":2263,"z":-7},"rotation":{"x":0,"y":0,"z":2.5653608733239186},"scale":{"x":24,"y":24,"z":24}},{"class":"cube","position":{"x":1520,"y":2304,"z":-31},"rotation":{"x":0,"y":0,"z":2.8102963064438855},"scale":{"x":22,"y":22,"z":22}},{"class":"cube","position":{"x":1472,"y":2295,"z":4},"rotation":{"x":0,"y":0,"z":0.8159229301752867},"scale":{"x":11,"y":11,"z":11}},{"class":"cube","position":{"x":1542,"y":2321,"z":-4},"rotation":{"x":0,"y":0,"z":1.902121219557544},"scale":{"x":37,"y":37,"z":37}},{"class":"cube","position":{"x":1504,"y":2327,"z":-30},"rotation":{"x":0,"y":0,"z":0.8002617413137337},"scale":{"x":16,"y":16,"z":16}},{"class":"cube","position":{"x":1519,"y":2289,"z":37},"rotation":{"x":0,"y":0,"z":2.9308982672852335},"scale":{"x":25,"y":25,"z":25}},{"class":"cube","position":{"x":1518,"y":2287,"z":58},"rotation":{"x":0,"y":0,"z":1.7421569752347814},"scale":{"x":10,"y":10,"z":10}},{"class":"cube","position":{"x":1441,"y":2251,"z":-40},"rotation":{"x":0,"y":0,"z":0.31315489244917244},"scale":{"x":31,"y":31,"z":31}},{"class":"cube","position":{"x":1497,"y":2313,"z":62},"rotation":{"x":0,"y":0,"z":1.335578005737942},"scale":{"x":37,"y":37,"z":37}},{"class":"cube","position":{"x":1622,"y":2388,"z":-31},"rotation":{"x":0,"y":0,"z":0.21883619456823886},"scale":{"x":1,"y":1,"z":1}},{"class":"cube","position":{"x":1587,"y":2412,"z":-6},"rotation":{"x":0,"y":0,"z":1.5762309727068167},"scale":{"x":20,"y":20,"z":20}},{"class":"cube","position":{"x":1698,"y":2352,"z":59},"rotation":{"x":0,"y":0,"z":3.061012791447579},"scale":{"x":22,"y":22,"z":22}},{"class":"cube","position":{"x":1585,"y":2363,"z":-47},"rotation":{"x":0,"y":0,"z":2.1290550947442384},"scale":{"x":7,"y":7,"z":7}},{"class":"cube","position":{"x":1597,"y":2384,"z":14},"rotation":{"x":0,"y":0,"z":2.2915672769120015},"scale":{"x":32,"y":32,"z":32}},{"class":"cube","position":{"x":1627,"y":2409,"z":40},"rotation":{"x":0,"y":0,"z":0.304745401575401},"scale":{"x":31,"y":31,"z":31}},{"class":"cube","position":{"x":1641,"y":2324,"z":-59},"rotation":{"x":0,"y":0,"z":2.7509367902881188},"scale":{"x":6,"y":6,"z":6}},{"class":"cube","position":{"x":1651,"y":2295,"z":63},"rotation":{"x":0,"y":0,"z":0.09830000115205494},"scale":{"x":24,"y":24,"z":24}},{"class":"cube","position":{"x":1698,"y":2368,"z":-42},"rotation":{"x":0,"y":0,"z":1.4721301611210311},"scale":{"x":29,"y":29,"z":29}},{"class":"cube","position":{"x":1657,"y":2411,"z":-8},"rotation":{"x":0,"y":0,"z":0.7340061351963857},"scale":{"x":19,"y":19,"z":19}},{"class":"cube","position":{"x":1584,"y":2398,"z":-40},"rotation":{"x":0,"y":0,"z":0.763552134052535},"scale":{"x":8,"y":8,"z":8}},{"class":"cube","position":{"x":1643,"y":2351,"z":-13},"rotation":{"x":0,"y":0,"z":1.6626151797248934},"scale":{"x":18,"y":18,"z":18}},{"class":"cube","position":{"x":1677,"y":2368,"z":-20},"rotation":{"x":0,"y":0,"z":1.2953622924051023},"scale":{"x":13,"y":13,"z":13}},{"class":"cube","position":{"x":1655,"y":2300,"z":13},"rotation":{"x":0,"y":0,"z":0.7771086703777031},"scale":{"x":8,"y":8,"z":8}},{"class":"cube","position":{"x":1604,"y":2297,"z":40},"rotation":{"x":0,"y":0,"z":0.7681397296889635},"scale":{"x":0,"y":0,"z":0}},{"class":"cube","position":{"x":1631,"y":2339,"z":33},"rotation":{"x":0,"y":0,"z":2.347005389648206},"scale":{"x":1,"y":1,"z":1}},{"class":"cube","position":{"x":1685,"y":2353,"z":-23},"rotation":{"x":0,"y":0,"z":0.8103030530295118},"scale":{"x":16,"y":16,"z":16}},{"class":"cube","position":{"x":1600,"y":2301,"z":39},"rotation":{"x":0,"y":0,"z":2.1415419396478845},"scale":{"x":34,"y":34,"z":34}},{"class":"cube","position":{"x":1636,"y":2319,"z":27},"rotation":{"x":0,"y":0,"z":1.2054973634846282},"scale":{"x":40,"y":40,"z":40}},{"class":"cube","position":{"x":1678,"y":2381,"z":-8},"rotation":{"x":0,"y":0,"z":1.0918685429204835},"scale":{"x":8,"y":8,"z":8}},{"class":"cube","position":{"x":-376,"y":1288,"z":0},"rotation":{"x":0,"y":0,"z":-0.7853981633974483},"scale":{"x":8,"y":64,"z":8}},{"class":"spike","position":{"x":-1488,"y":1976,"z":0},"rotation":{"x":0,"y":0,"z":-1.570796326794897},"scale":{"x":1784,"y":208,"z":16}},{"class":"spike","position":{"x":1856,"y":4688,"z":0},"rotation":{"x":0,"y":0,"z":-3.141592653589793},"scale":{"x":30496,"y":464,"z":16}},{"class":"bounce","position":{"x":-620,"y":1205,"z":58},"rotation":{"x":0,"y":0,"z":0.27143235657502074},"scale":{"x":7,"y":7,"z":7}},{"class":"finish","position":{"x":-353,"y":929,"z":-23},"rotation":{"x":0,"y":0,"z":0.7326724195349069},"scale":{"x":5,"y":5,"z":5}},{"class":"tip","position":{"x":-497,"y":1302,"z":-55},"rotation":{"x":0,"y":0,"z":5.520001558667594},"scale":{"x":7,"y":7,"z":7},"text":"Do not touch the spikes!"},{"class":"finish","position":{"x":-477,"y":695,"z":31},"rotation":{"x":0,"y":0,"z":4.073594271449225},"scale":{"x":6,"y":6,"z":6}},{"class":"reset","position":{"x":-587,"y":1283,"z":-60},"rotation":{"x":0,"y":0,"z":0.5321236722386273},"scale":{"x":5,"y":5,"z":5}},{"class":"bounce","position":{"x":-552,"y":942,"z":-40},"rotation":{"x":0,"y":0,"z":6.041586199751569},"scale":{"x":4,"y":4,"z":4}},{"class":"grapple","position":{"x":-498,"y":812,"z":1},"rotation":{"x":0,"y":0,"z":1.4941581148187235},"scale":{"x":6,"y":6,"z":6}},{"class":"reset","position":{"x":-437,"y":1397,"z":-27},"rotation":{"x":0,"y":0,"z":1.0864981830301594},"scale":{"x":5,"y":5,"z":5}},{"class":"control","position":{"x":-596,"y":1315,"z":6},"rotation":{"x":0,"y":0,"z":4.290948096746402},"scale":{"x":4,"y":4,"z":4}},{"class":"reset","position":{"x":-963,"y":792,"z":13},"rotation":{"x":0,"y":0,"z":0.00919510501850803},"scale":{"x":7,"y":7,"z":7}},{"class":"grapple","position":{"x":-822,"y":614,"z":-33},"rotation":{"x":0,"y":0,"z":0.605934938787616},"scale":{"x":6,"y":6,"z":6}},{"class":"resize","position":{"x":-699,"y":1177,"z":-61},"rotation":{"x":0,"y":0,"z":0.049808230945223485},"scale":{"x":6,"y":6,"z":6}},{"class":"tip","position":{"x":-790,"y":738,"z":1},"rotation":{"x":0,"y":0,"z":1.4575066870614166},"scale":{"x":8,"y":8,"z":8},"text":"Do not touch the spikes!"},{"class":"checkpoint","position":{"x":-684,"y":714,"z":-20},"rotation":{"x":0,"y":0,"z":5.588799869596531},"scale":{"x":7,"y":7,"z":7}},{"class":"finish","position":{"x":-671,"y":715,"z":-28},"rotation":{"x":0,"y":0,"z":0.45224549514569745},"scale":{"x":8,"y":8,"z":8}},{"class":"checkpoint","position":{"x":-403,"y":1370,"z":2},"rotation":{"x":0,"y":0,"z":3.0661990277780986},"scale":{"x":5,"y":5,"z":5}},{"class":"tip","position":{"x":-658,"y":959,"z":3},"rotation":{"x":0,"y":0,"z":1.238588766573585},"scale":{"x":5,"y":5,"z":5},"text":"Do not touch the spikes!"},{"class":"bounce","position":{"x":-664,"y":1246,"z":-7},"rotation":{"x":0,"y":0,"z":0.1589111143121395},"scale":{"x":4,"y":4,"z":4}},{"class":"control","position":{"x":-738,"y":617,"z":-15},"rotation":{"x":0,"y":0,"z":2.2243304326907256},"scale":{"x":8,"y":8,"z":8}},{"class":"finish","position":{"x":-620,"y":788,"z":-31},"rotation":{"x":0,"y":0,"z":0.569650626428008},"scale":{"x":7,"y":7,"z":7}},{"class":"grapple","position":{"x":-639,"y":1173,"z":-10},"rotation":{"x":0,"y":0,"z":1.556533241847394},"scale":{"x":7,"y":7,"z":7}},{"class":"checkpoint","position":{"x":-358,"y":812,"z":-27},"rotation":{"x":0,"y":0,"z":6.06681304519182},"scale":{"x":5,"y":5,"z":5}},{"class":"reset","position":{"x":-517,"y":1056,"z":-1},"rotation":{"x":0,"y":0,"z":4.0056379940466265},"scale":{"x":5,"y":5,"z":5}},{"class":"gravity","position":{"x":-653,"y":634,"z":-46},"rotation":{"x":0,"y":0,"z":1.8603822549034412},"scale":{"x":7,"y":7,"z":7}},{"class":"grapple","position":{"x":-355,"y":897,"z":-5},"rotation":{"x":0,"y":0,"z":2.1388642213635727},"scale":{"x":8,"y":8,"z":8}},{"class":"grapple","position":{"x":-387,"y":1431,"z":-59},"rotation":{"x":0,"y":0,"z":0.36231052557657123},"scale":{"x":6,"y":6,"z":6}},{"class":"reset","position":{"x":-558,"y":683,"z":51},"rotation":{"x":0,"y":0,"z":4.975003409761394},"scale":{"x":5,"y":5,"z":5}},{"class":"grapple","position":{"x":-768,"y":788,"z":-26},"rotation":{"x":0,"y":0,"z":5.249433124920269},"scale":{"x":8,"y":8,"z":8}},{"class":"checkpoint","position":{"x":-597,"y":1363,"z":-16},"rotation":{"x":0,"y":0,"z":1.5911603014289972},"scale":{"x":7,"y":7,"z":7}},{"class":"control","position":{"x":-668,"y":1200,"z":24},"rotation":{"x":0,"y":0,"z":6.247854259792931},"scale":{"x":7,"y":7,"z":7}},{"class":"direction","position":{"x":-467,"y":600,"z":-49},"rotation":{"x":0,"y":0,"z":3.5461039612843632},"scale":{"x":7,"y":7,"z":7}},{"class":"tip","position":{"x":-682,"y":1129,"z":-40},"rotation":{"x":0,"y":0,"z":0.6835709898023661},"scale":{"x":6,"y":6,"z":6},"text":"Do not touch the spikes!"},{"class":"tip","position":{"x":-374,"y":1311,"z":3},"rotation":{"x":0,"y":0,"z":1.8746871684323863},"scale":{"x":8,"y":8,"z":8},"text":"Do not touch the spikes!"},{"class":"resize","position":{"x":-915,"y":613,"z":-5},"rotation":{"x":0,"y":0,"z":5.029036289873858},"scale":{"x":6,"y":6,"z":6}},{"class":"checkpoint","position":{"x":-636,"y":1214,"z":-41},"rotation":{"x":0,"y":0,"z":5.7902552600681805},"scale":{"x":4,"y":4,"z":4}},{"class":"reset","position":{"x":-677,"y":828,"z":39},"rotation":{"x":0,"y":0,"z":5.341401005653311},"scale":{"x":7,"y":7,"z":7}},{"class":"gravity","position":{"x":-790,"y":632,"z":-1},"rotation":{"x":0,"y":0,"z":4.777896573071562},"scale":{"x":7,"y":7,"z":7}},{"class":"direction","position":{"x":-901,"y":725,"z":-14},"rotation":{"x":0,"y":0,"z":3.859915807451014},"scale":{"x":4,"y":4,"z":4}},{"class":"grapple","position":{"x":-349,"y":730,"z":42},"rotation":{"x":0,"y":0,"z":4.709260789786136},"scale":{"x":6,"y":6,"z":6}},{"class":"control","position":{"x":-416,"y":596,"z":7},"rotation":{"x":0,"y":0,"z":5.46163461188061},"scale":{"x":6,"y":6,"z":6}},{"class":"bounce","position":{"x":-476,"y":698,"z":-64},"rotation":{"x":0,"y":0,"z":1.6964687058973091},"scale":{"x":8,"y":8,"z":8}},{"class":"finish","position":{"x":-444,"y":967,"z":56},"rotation":{"x":0,"y":0,"z":3.62810721632058},"scale":{"x":6,"y":6,"z":6}},{"class":"bounce","position":{"x":-430,"y":763,"z":8},"rotation":{"x":0,"y":0,"z":3.8455726456300545},"scale":{"x":6,"y":6,"z":6}},{"class":"resize","position":{"x":-348,"y":688,"z":50},"rotation":{"x":0,"y":0,"z":1.5336180807259645},"scale":{"x":4,"y":4,"z":4}},{"class":"bounce","position":{"x":-567,"y":796,"z":-58},"rotation":{"x":0,"y":0,"z":0.19477898273724092},"scale":{"x":5,"y":5,"z":5}},{"class":"control","position":{"x":-702,"y":742,"z":-11},"rotation":{"x":0,"y":0,"z":4.458985304221412},"scale":{"x":6,"y":6,"z":6}},{"class":"bounce","position":{"x":-729,"y":623,"z":-3},"rotation":{"x":0,"y":0,"z":6.027241735638051},"scale":{"x":5,"y":5,"z":5}},{"class":"control","position":{"x":-454,"y":574,"z":16},"rotation":{"x":0,"y":0,"z":0.8164380795809869},"scale":{"x":6,"y":6,"z":6}},{"class":"direction","position":{"x":-485,"y":1436,"z":-19},"rotation":{"x":0,"y":0,"z":1.6750139959756363},"scale":{"x":7,"y":7,"z":7}},{"class":"resize","position":{"x":-624,"y":1372,"z":-14},"rotation":{"x":0,"y":0,"z":4.175372343698961},"scale":{"x":6,"y":6,"z":6}},{"class":"checkpoint","position":{"x":-523,"y":1068,"z":-33},"rotation":{"x":0,"y":0,"z":5.802547229324414},"scale":{"x":6,"y":6,"z":6}},{"class":"resize","position":{"x":-634,"y":1413,"z":-60},"rotation":{"x":0,"y":0,"z":4.108617115752795},"scale":{"x":6,"y":6,"z":6}},{"class":"resize","position":{"x":-985,"y":786,"z":-54},"rotation":{"x":0,"y":0,"z":4.973073682199254},"scale":{"x":8,"y":8,"z":8}},{"class":"control","position":{"x":-799,"y":754,"z":13},"rotation":{"x":0,"y":0,"z":1.6163618528259316},"scale":{"x":7,"y":7,"z":7}},{"class":"gravity","position":{"x":-527,"y":825,"z":24},"rotation":{"x":0,"y":0,"z":2.467426334429872},"scale":{"x":6,"y":6,"z":6}},{"class":"control","position":{"x":-474,"y":1033,"z":-26},"rotation":{"x":0,"y":0,"z":0.7784607313129303},"scale":{"x":7,"y":7,"z":7}},{"class":"bounce","position":{"x":-946,"y":600,"z":3},"rotation":{"x":0,"y":0,"z":5.880860367569505},"scale":{"x":7,"y":7,"z":7}},{"class":"finish","position":{"x":-420,"y":1023,"z":-50},"rotation":{"x":0,"y":0,"z":1.7122965510635453},"scale":{"x":4,"y":4,"z":4}},{"class":"finish","position":{"x":-400,"y":667,"z":-25},"rotation":{"x":0,"y":0,"z":1.1108850926853864},"scale":{"x":7,"y":7,"z":7}},{"class":"tip","position":{"x":-461,"y":656,"z":-29},"rotation":{"x":0,"y":0,"z":2.9893238316693562},"scale":{"x":6,"y":6,"z":6},"text":"Do not touch the spikes!"},{"class":"finish","position":{"x":-914,"y":616,"z":43},"rotation":{"x":0,"y":0,"z":1.3582051845985041},"scale":{"x":8,"y":8,"z":8}},{"class":"reset","position":{"x":-360,"y":721,"z":-63},"rotation":{"x":0,"y":0,"z":4.935875490015609},"scale":{"x":6,"y":6,"z":6}},{"class":"bounce","position":{"x":-542,"y":799,"z":28},"rotation":{"x":0,"y":0,"z":5.285696565493853},"scale":{"x":8,"y":8,"z":8}},{"class":"control","position":{"x":-775,"y":786,"z":-2},"rotation":{"x":0,"y":0,"z":3.5418353805425142},"scale":{"x":6,"y":6,"z":6}},{"class":"bounce","position":{"x":-646,"y":1440,"z":47},"rotation":{"x":0,"y":0,"z":3.3610223373986865},"scale":{"x":5,"y":5,"z":5}},{"class":"finish","position":{"x":-681,"y":1243,"z":-64},"rotation":{"x":0,"y":0,"z":0.7229056628405878},"scale":{"x":8,"y":8,"z":8}},{"class":"bounce","position":{"x":-574,"y":846,"z":63},"rotation":{"x":0,"y":0,"z":3.746786179532299},"scale":{"x":7,"y":7,"z":7}},{"class":"checkpoint","position":{"x":-915,"y":821,"z":18},"rotation":{"x":0,"y":0,"z":1.4443327162942776},"scale":{"x":6,"y":6,"z":6}},{"class":"finish","position":{"x":-340,"y":927,"z":-8},"rotation":{"x":0,"y":0,"z":4.711655812030034},"scale":{"x":8,"y":8,"z":8}},{"class":"control","position":{"x":-303,"y":1288,"z":29},"rotation":{"x":0,"y":0,"z":1.3839371974430255},"scale":{"x":4,"y":4,"z":4}},{"class":"grapple","position":{"x":-880,"y":822,"z":45},"rotation":{"x":0,"y":0,"z":2.714870682314475},"scale":{"x":7,"y":7,"z":7}},{"class":"direction","position":{"x":-506,"y":1311,"z":-61},"rotation":{"x":0,"y":0,"z":2.368090312476424},"scale":{"x":6,"y":6,"z":6}},{"class":"direction","position":{"x":-355,"y":801,"z":53},"rotation":{"x":0,"y":0,"z":2.4205282275707627},"scale":{"x":7,"y":7,"z":7}},{"class":"checkpoint","position":{"x":-533,"y":1445,"z":-48},"rotation":{"x":0,"y":0,"z":0.8848991647238243},"scale":{"x":6,"y":6,"z":6}},{"class":"gravity","position":{"x":-940,"y":808,"z":-50},"rotation":{"x":0,"y":0,"z":2.843315826046891},"scale":{"x":6,"y":6,"z":6}},{"class":"finish","position":{"x":-604,"y":684,"z":-62},"rotation":{"x":0,"y":0,"z":1.4340148676046307},"scale":{"x":6,"y":6,"z":6}},{"class":"tip","position":{"x":-478,"y":960,"z":13},"rotation":{"x":0,"y":0,"z":0.7681460162965451},"scale":{"x":5,"y":5,"z":5},"text":"Do not touch the spikes!"},{"class":"resize","position":{"x":-399,"y":1142,"z":-57},"rotation":{"x":0,"y":0,"z":4.990533175131305},"scale":{"x":7,"y":7,"z":7}},{"class":"tip","position":{"x":2128,"y":3336,"z":0},"rotation":{"x":0,"y":0,"z":0},"scale":{"x":64,"y":192,"z":16},"text":"<h3>Strawberry Jam</h3><p>By Charlieee1</p><p>Author Time: 83.093</p>"}]}