{"name":"The Bonce House","children":[{"class":"player","position":{"x":0.14261974267600228,"y":-48,"z":0},"rotation":{"x":0,"y":0,"z":-0.016534106881012974},"scale":{"x":16,"y":16,"z":16},"isStatic":false,"friction":0},{"class":"tip","position":{"x":0,"y":-72,"z":0},"rotation":{"x":0,"y":0,"z":0},"scale":{"x":16,"y":16,"z":16},"text":"Do you trust me?"},{"class":"finish","position":{"x":0,"y":-24,"z":8},"rotation":{"x":0,"y":0,"z":0},"scale":{"x":16,"y":16,"z":8}},{"class":"spike","position":{"x":0,"y":-24,"z":0},"rotation":{"x":0,"y":0,"z":-3.141592653589793},"scale":{"x":8,"y":8,"z":8}},{"class":"direction","position":{"x":0,"y":-152,"z":0},"rotation":{"x":0,"y":0,"z":0},"scale":{"x":16,"y":16,"z":16}},{"class":"cube","position":{"x":360,"y":-152,"z":0},"rotation":{"x":0,"y":0,"z":0},"scale":{"x":704,"y":16,"z":16}},{"class":"tip","position":{"x":520,"y":-136,"z":0},"rotation":{"x":0,"y":0,"z":0},"scale":{"x":16,"y":16,"z":16},"text":"That was your first mistake."},{"class":"tip","position":{"x":544,"y":-136,"z":0},"rotation":{"x":0,"y":0,"z":0},"scale":{"x":16,"y":16,"z":16},"text":"Have fuuuuuuuuuunn!"},{"class":"spike","position":{"x":496,"y":-80,"z":0},"rotation":{"x":0,"y":0,"z":1.570796326794897},"scale":{"x":88,"y":16,"z":16}},{"class":"spike","position":{"x":496,"y":16,"z":0},"rotation":{"x":0,"y":0,"z":1.570796326794897},"scale":{"x":88,"y":16,"z":16}},{"class":"spike","position":{"x":544,"y":-112,"z":0},"rotation":{"x":0,"y":0,"z":-3.1415926535897927},"scale":{"x":88,"y":16,"z":16}},{"class":"cube","position":{"x":704,"y":-824,"z":0},"rotation":{"x":0,"y":0,"z":0},"scale":{"x":88,"y":1352,"z":16}},{"class":"cube","position":{"x":1416,"y":-960,"z":0},"rotation":{"x":0,"y":0,"z":-1.5707963267948963},"scale":{"x":88,"y":1352,"z":16}},{"class":"cube","position":{"x":2160,"y":-256,"z":0},"rotation":{"x":0,"y":0,"z":0},"scale":{"x":136,"y":1352,"z":16}},{"class":"cube","position":{"x":704,"y":560,"z":0},"rotation":{"x":0,"y":0,"z":0},"scale":{"x":88,"y":1352,"z":16}},{"class":"direction","position":{"x":728,"y":-152,"z":0},"rotation":{"x":0,"y":0,"z":-1.5707963267948963},"scale":{"x":16,"y":32,"z":16}},{"class":"cube","position":{"x":1424,"y":456,"z":0},"rotation":{"x":0,"y":0,"z":-1.5707963267948963},"scale":{"x":112,"y":1352,"z":16}},{"class":"finish","position":{"x":1424,"y":-280,"z":-40},"rotation":{"x":0,"y":0,"z":-1.5707963267948963},"scale":{"x":1408,"y":1392,"z":16}},{"class":"bounce","position":{"x":1432,"y":-976,"z":0},"rotation":{"x":0,"y":0,"z":0},"scale":{"x":1480,"y":184,"z":16}},{"class":"bounce","position":{"x":2144,"y":-296,"z":0},"rotation":{"x":0,"y":0,"z":1.5707963267948963},"scale":{"x":1480,"y":184,"z":24}},{"class":"bounce","position":{"x":1464,"y":464,"z":0},"rotation":{"x":0,"y":0,"z":3.1415926535897927},"scale":{"x":1480,"y":184,"z":16}},{"class":"finish","position":{"x":1784,"y":128,"z":0},"rotation":{"x":0,"y":0,"z":0},"scale":{"x":16,"y":16,"z":16},"isStatic":false,"friction":0},{"class":"bounce","position":{"x":1016,"y":-648,"z":0},"rotation":{"x":0,"y":0,"z":0},"scale":{"x":16,"y":16,"z":16},"isStatic":false,"friction":0},{"class":"bounce","position":{"x":1016,"y":-208,"z":0},"rotation":{"x":0,"y":0,"z":0},"scale":{"x":16,"y":16,"z":16},"isStatic":false,"friction":0},{"class":"bounce","position":{"x":1240,"y":-192,"z":0},"rotation":{"x":0,"y":0,"z":0},"scale":{"x":16,"y":16,"z":16},"isStatic":false,"friction":0},{"class":"bounce","position":{"x":1240,"y":80,"z":0},"rotation":{"x":0,"y":0,"z":0},"scale":{"x":16,"y":16,"z":16},"isStatic":false,"friction":0},{"class":"bounce","position":{"x":1064,"y":96,"z":0},"rotation":{"x":0,"y":0,"z":0},"scale":{"x":16,"y":16,"z":16},"isStatic":false,"friction":0},{"class":"bounce","position":{"x":880,"y":112,"z":0},"rotation":{"x":0,"y":0,"z":0},"scale":{"x":16,"y":16,"z":16},"isStatic":false,"friction":0},{"class":"bounce","position":{"x":880,"y":-56,"z":0},"rotation":{"x":0,"y":0,"z":0},"scale":{"x":16,"y":16,"z":16},"isStatic":false,"friction":0},{"class":"bounce","position":{"x":1584,"y":-40,"z":0},"rotation":{"x":0,"y":0,"z":0},"scale":{"x":16,"y":16,"z":16},"isStatic":false,"friction":0},{"class":"bounce","position":{"x":1584,"y":256,"z":0},"rotation":{"x":0,"y":0,"z":0},"scale":{"x":16,"y":16,"z":16},"isStatic":false,"friction":0},{"class":"bounce","position":{"x":1800,"y":272,"z":0},"rotation":{"x":0,"y":0,"z":0},"scale":{"x":16,"y":16,"z":16},"isStatic":false,"friction":0},{"class":"bounce","position":{"x":1944,"y":288,"z":0},"rotation":{"x":0,"y":0,"z":0},"scale":{"x":16,"y":16,"z":16},"isStatic":false,"friction":0},{"class":"bounce","position":{"x":1944,"y":-784,"z":0},"rotation":{"x":0,"y":0,"z":0},"scale":{"x":16,"y":16,"z":16},"isStatic":false,"friction":0},{"class":"bounce","position":{"x":1944,"y":-552,"z":0},"rotation":{"x":0,"y":0,"z":0},"scale":{"x":16,"y":16,"z":16},"isStatic":false,"friction":0},{"class":"bounce","position":{"x":888,"y":-536,"z":0},"rotation":{"x":0,"y":0,"z":0},"scale":{"x":16,"y":16,"z":16},"isStatic":false,"friction":0},{"class":"bounce","position":{"x":888,"y":-392,"z":0},"rotation":{"x":0,"y":0,"z":0},"scale":{"x":16,"y":16,"z":16},"isStatic":false,"friction":0},{"class":"bounce","position":{"x":1176,"y":-376,"z":0},"rotation":{"x":0,"y":0,"z":0},"scale":{"x":16,"y":16,"z":16},"isStatic":false,"friction":0},{"class":"bounce","position":{"x":1512,"y":-360,"z":0},"rotation":{"x":0,"y":0,"z":0},"scale":{"x":16,"y":16,"z":16},"isStatic":false,"friction":0},{"class":"bounce","position":{"x":1512,"y":-208,"z":0},"rotation":{"x":0,"y":0,"z":0},"scale":{"x":16,"y":16,"z":16},"isStatic":false,"friction":0},{"class":"bounce","position":{"x":1360,"y":-192,"z":0},"rotation":{"x":0,"y":0,"z":0},"scale":{"x":16,"y":16,"z":16},"isStatic":false,"friction":0},{"class":"bounce","position":{"x":1360,"y":-56,"z":0},"rotation":{"x":0,"y":0,"z":0},"scale":{"x":16,"y":16,"z":16},"isStatic":false,"friction":0},{"class":"bounce","position":{"x":1360,"y":264,"z":0},"rotation":{"x":0,"y":0,"z":0},"scale":{"x":16,"y":16,"z":16},"isStatic":false,"friction":0},{"class":"bounce","position":{"x":1032,"y":280,"z":0},"rotation":{"x":0,"y":0,"z":0},"scale":{"x":16,"y":16,"z":16},"isStatic":false,"friction":0},{"class":"bounce","position":{"x":1472,"y":296,"z":0},"rotation":{"x":0,"y":0,"z":0},"scale":{"x":16,"y":16,"z":16},"isStatic":false,"friction":0},{"class":"bounce","position":{"x":1856,"y":312,"z":0},"rotation":{"x":0,"y":0,"z":0},"scale":{"x":16,"y":16,"z":16},"isStatic":false,"friction":0},{"class":"bounce","position":{"x":1856,"y":120,"z":0},"rotation":{"x":0,"y":0,"z":0},"scale":{"x":16,"y":16,"z":16},"isStatic":false,"friction":0},{"class":"bounce","position":{"x":1800,"y":104,"z":0},"rotation":{"x":0,"y":0,"z":0},"scale":{"x":16,"y":16,"z":16},"isStatic":false,"friction":0},{"class":"bounce","position":{"x":1632,"y":120,"z":0},"rotation":{"x":0,"y":0,"z":0},"scale":{"x":16,"y":16,"z":16},"isStatic":false,"friction":0},{"class":"bounce","position":{"x":1632,"y":-192,"z":0},"rotation":{"x":0,"y":0,"z":0},"scale":{"x":16,"y":16,"z":16},"isStatic":false,"friction":0},{"class":"bounce","position":{"x":1832,"y":-176,"z":0},"rotation":{"x":0,"y":0,"z":0},"scale":{"x":16,"y":16,"z":16},"isStatic":false,"friction":0},{"class":"bounce","position":{"x":1832,"y":-160,"z":0},"rotation":{"x":0,"y":0,"z":0},"scale":{"x":16,"y":16,"z":16},"isStatic":false,"friction":0},{"class":"bounce","position":{"x":1832,"y":-432,"z":0},"rotation":{"x":0,"y":0,"z":0},"scale":{"x":16,"y":16,"z":16},"isStatic":false,"friction":0},{"class":"bounce","position":{"x":1744,"y":-416,"z":0},"rotation":{"x":0,"y":0,"z":0},"scale":{"x":16,"y":16,"z":16},"isStatic":false,"friction":0},{"class":"bounce","position":{"x":1600,"y":-400,"z":0},"rotation":{"x":0,"y":0,"z":0},"scale":{"x":16,"y":16,"z":16},"isStatic":false,"friction":0},{"class":"bounce","position":{"x":1600,"y":-784,"z":0},"rotation":{"x":0,"y":0,"z":0},"scale":{"x":16,"y":16,"z":16},"isStatic":false,"friction":0},{"class":"bounce","position":{"x":1352,"y":-768,"z":0},"rotation":{"x":0,"y":0,"z":0},"scale":{"x":16,"y":16,"z":16},"isStatic":false,"friction":0},{"class":"finish","position":{"x":824,"y":232,"z":0},"rotation":{"x":0,"y":0,"z":0},"scale":{"x":8,"y":8,"z":16}},{"class":"bounce","position":{"x":720,"y":232,"z":0},"rotation":{"x":0,"y":0,"z":-1.5707963267948963},"scale":{"x":688,"y":88,"z":16}},{"class":"bounce","position":{"x":720,"y":-568,"z":0},"rotation":{"x":0,"y":0,"z":-1.5707963267948963},"scale":{"x":688,"y":88,"z":16}},{"class":"cube","position":{"x":1640,"y":-1096,"z":0},"rotation":{"x":0,"y":0,"z":0},"scale":{"x":16,"y":16,"z":16}},{"class":"bounce","position":{"x":1400,"y":160,"z":0},"rotation":{"x":0,"y":0,"z":0},"scale":{"x":16,"y":16,"z":16},"isStatic":false,"friction":0},{"class":"bounce","position":{"x":1912,"y":-80,"z":0},"rotation":{"x":0,"y":0,"z":0},"scale":{"x":16,"y":16,"z":16},"isStatic":false,"friction":0},{"class":"bounce","position":{"x":880,"y":248,"z":0},"rotation":{"x":0,"y":0,"z":0},"scale":{"x":16,"y":16,"z":16},"isStatic":false,"friction":0},{"class":"bounce","position":{"x":1168,"y":264,"z":0},"rotation":{"x":0,"y":0,"z":0},"scale":{"x":16,"y":16,"z":16},"isStatic":false,"friction":0},{"class":"bounce","position":{"x":1168,"y":-96,"z":0},"rotation":{"x":0,"y":0,"z":0},"scale":{"x":16,"y":16,"z":16},"isStatic":false,"friction":0},{"class":"bounce","position":{"x":1168,"y":-616,"z":0},"rotation":{"x":0,"y":0,"z":0},"scale":{"x":16,"y":16,"z":16},"isStatic":false,"friction":0},{"class":"bounce","position":{"x":1312,"y":-600,"z":0},"rotation":{"x":0,"y":0,"z":0},"scale":{"x":16,"y":16,"z":16},"isStatic":false,"friction":0},{"class":"bounce","position":{"x":1312,"y":-368,"z":0},"rotation":{"x":0,"y":0,"z":0},"scale":{"x":16,"y":16,"z":16},"isStatic":false,"friction":0},{"class":"bounce","position":{"x":1896,"y":-352,"z":0},"rotation":{"x":0,"y":0,"z":0},"scale":{"x":16,"y":16,"z":16},"isStatic":false,"friction":0},{"class":"bounce","position":{"x":832,"y":-336,"z":0},"rotation":{"x":0,"y":0,"z":0},"scale":{"x":16,"y":16,"z":16},"isStatic":false,"friction":0},{"class":"bounce","position":{"x":832,"y":-720,"z":0},"rotation":{"x":0,"y":0,"z":0},"scale":{"x":16,"y":16,"z":16},"isStatic":false,"friction":0},{"class":"bounce","position":{"x":1472,"y":-704,"z":0},"rotation":{"x":0,"y":0,"z":0},"scale":{"x":16,"y":16,"z":16},"isStatic":false,"friction":0},{"class":"bounce","position":{"x":2008,"y":-688,"z":0},"rotation":{"x":0,"y":0,"z":0},"scale":{"x":16,"y":16,"z":16},"isStatic":false,"friction":0},{"class":"bounce","position":{"x":2008,"y":-40,"z":0},"rotation":{"x":0,"y":0,"z":0},"scale":{"x":16,"y":16,"z":16},"isStatic":false,"friction":0},{"class":"bounce","position":{"x":1696,"y":-24,"z":0},"rotation":{"x":0,"y":0,"z":0},"scale":{"x":16,"y":16,"z":16},"isStatic":false,"friction":0},{"class":"bounce","position":{"x":1696,"y":-536,"z":0},"rotation":{"x":0,"y":0,"z":0},"scale":{"x":16,"y":16,"z":16},"isStatic":false,"friction":0},{"class":"bounce","position":{"x":1384,"y":-416,"z":0},"rotation":{"x":0,"y":0,"z":0},"scale":{"x":16,"y":16,"z":16},"isStatic":false,"friction":0},{"class":"bounce","position":{"x":1384,"y":-616,"z":0},"rotation":{"x":0,"y":0,"z":0},"scale":{"x":16,"y":16,"z":16},"isStatic":false,"friction":0},{"class":"bounce","position":{"x":1816,"y":-600,"z":0},"rotation":{"x":0,"y":0,"z":0},"scale":{"x":16,"y":16,"z":16},"isStatic":false,"friction":0},{"class":"bounce","position":{"x":1736,"y":-776,"z":0},"rotation":{"x":0,"y":0,"z":0},"scale":{"x":16,"y":16,"z":16},"isStatic":false,"friction":0},{"class":"bounce","position":{"x":1000,"y":-456,"z":0},"rotation":{"x":0,"y":0,"z":0},"scale":{"x":16,"y":16,"z":16},"isStatic":false,"friction":0},{"class":"bounce","position":{"x":1096,"y":-784,"z":0},"rotation":{"x":0,"y":0,"z":0},"scale":{"x":16,"y":16,"z":16},"isStatic":false,"friction":0},{"class":"bounce","position":{"x":1520,"y":96,"z":0},"rotation":{"x":0,"y":0,"z":0},"scale":{"x":16,"y":16,"z":16},"isStatic":false,"friction":0},{"class":"bounce","position":{"x":1024,"y":-64,"z":0},"rotation":{"x":0,"y":0,"z":0},"scale":{"x":16,"y":16,"z":16},"isStatic":false,"friction":0},{"class":"bounce","position":{"x":1024,"y":-328,"z":0},"rotation":{"x":0,"y":0,"z":0},"scale":{"x":16,"y":16,"z":16},"isStatic":false,"friction":0},{"class":"bounce","position":{"x":840,"y":-200,"z":0},"rotation":{"x":0,"y":0,"z":0},"scale":{"x":16,"y":16,"z":16},"isStatic":false,"friction":0},{"class":"bounce","position":{"x":1960,"y":-184,"z":0},"rotation":{"x":0,"y":0,"z":0},"scale":{"x":16,"y":16,"z":16},"isStatic":false,"friction":0},{"class":"bounce","position":{"x":1960,"y":0,"z":0},"rotation":{"x":0,"y":0,"z":0},"scale":{"x":16,"y":16,"z":16},"isStatic":false,"friction":0},{"class":"bounce","position":{"x":1960,"y":176,"z":0},"rotation":{"x":0,"y":0,"z":0},"scale":{"x":16,"y":16,"z":16},"isStatic":false,"friction":0},{"class":"bounce","position":{"x":1240,"y":-496,"z":0},"rotation":{"x":0,"y":0,"z":0},"scale":{"x":16,"y":16,"z":16},"isStatic":false,"friction":0},{"class":"bounce","position":{"x":1272,"y":176,"z":0},"rotation":{"x":0,"y":0,"z":0},"scale":{"x":16,"y":16,"z":16},"isStatic":false,"friction":0},{"class":"bounce","position":{"x":1080,"y":192,"z":0},"rotation":{"x":0,"y":0,"z":0},"scale":{"x":16,"y":16,"z":16},"isStatic":false,"friction":0},{"class":"bounce","position":{"x":968,"y":208,"z":0},"rotation":{"x":0,"y":0,"z":0},"scale":{"x":16,"y":16,"z":16},"isStatic":false,"friction":0},{"class":"bounce","position":{"x":968,"y":32,"z":0},"rotation":{"x":0,"y":0,"z":0},"scale":{"x":16,"y":16,"z":16},"isStatic":false,"friction":0},{"class":"bounce","position":{"x":1376,"y":48,"z":0},"rotation":{"x":0,"y":0,"z":0},"scale":{"x":16,"y":16,"z":16},"isStatic":false,"friction":0},{"class":"bounce","position":{"x":1728,"y":-312,"z":0},"rotation":{"x":0,"y":0,"z":0},"scale":{"x":16,"y":16,"z":16},"isStatic":false,"friction":0},{"class":"tip","position":{"x":2288,"y":-56,"z":0},"rotation":{"x":0,"y":0,"z":0},"scale":{"x":16,"y":16,"z":16},"text":"Here's the missing \"u\""},{"class":"finish","position":{"x":2000,"y":224,"z":0},"rotation":{"x":0,"y":0,"z":0},"scale":{"x":8,"y":8,"z":16},"text":""}]}