{"name":"The Arcadium","children":[{"class":"player","position":{"x":-88,"y":-8,"z":0},"rotation":{"x":0,"y":0,"z":-0.000981884488896353},"scale":{"x":16,"y":16,"z":64},"isStatic":false,"friction":0},{"class":"direction","position":{"x":-64,"y":-64,"z":0},"rotation":{"x":0,"y":0,"z":0},"scale":{"x":120,"y":16,"z":16}},{"class":"spike","position":{"x":1368,"y":-320,"z":0},"rotation":{"x":0,"y":0,"z":0},"scale":{"x":-6920,"y":16,"z":16}},{"class":"spike","position":{"x":392,"y":-88,"z":0},"rotation":{"x":0,"y":0,"z":0},"scale":{"x":16,"y":32,"z":32}},{"class":"spike","position":{"x":392,"y":56,"z":0},"rotation":{"x":0,"y":0,"z":3.141592653589793},"scale":{"x":16,"y":32,"z":32}},{"class":"spike","position":{"x":400,"y":-304,"z":0},"rotation":{"x":0,"y":0,"z":1.5707963267948963},"scale":{"x":16,"y":32,"z":32}},{"class":"spike","position":{"x":400,"y":-288,"z":0},"rotation":{"x":0,"y":0,"z":1.5707963267948963},"scale":{"x":16,"y":32,"z":32}},{"class":"spike","position":{"x":400,"y":-272,"z":0},"rotation":{"x":0,"y":0,"z":1.5707963267948963},"scale":{"x":16,"y":32,"z":32}},{"class":"spike","position":{"x":400,"y":-256,"z":0},"rotation":{"x":0,"y":0,"z":1.5707963267948963},"scale":{"x":16,"y":32,"z":32}},{"class":"spike","position":{"x":400,"y":-240,"z":0},"rotation":{"x":0,"y":0,"z":1.5707963267948963},"scale":{"x":16,"y":32,"z":32}},{"class":"spike","position":{"x":400,"y":-224,"z":0},"rotation":{"x":0,"y":0,"z":1.5707963267948963},"scale":{"x":16,"y":32,"z":32}},{"class":"spike","position":{"x":400,"y":-208,"z":0},"rotation":{"x":0,"y":0,"z":1.5707963267948963},"scale":{"x":16,"y":32,"z":32}},{"class":"spike","position":{"x":400,"y":-192,"z":0},"rotation":{"x":0,"y":0,"z":1.5707963267948963},"scale":{"x":16,"y":32,"z":32}},{"class":"spike","position":{"x":400,"y":-176,"z":0},"rotation":{"x":0,"y":0,"z":1.5707963267948963},"scale":{"x":16,"y":32,"z":32}},{"class":"spike","position":{"x":400,"y":-160,"z":0},"rotation":{"x":0,"y":0,"z":1.5707963267948963},"scale":{"x":16,"y":32,"z":32}},{"class":"spike","position":{"x":400,"y":-144,"z":0},"rotation":{"x":0,"y":0,"z":1.5707963267948963},"scale":{"x":16,"y":32,"z":32}},{"class":"spike","position":{"x":400,"y":-128,"z":0},"rotation":{"x":0,"y":0,"z":1.5707963267948963},"scale":{"x":16,"y":32,"z":32}},{"class":"spike","position":{"x":400,"y":-112,"z":0},"rotation":{"x":0,"y":0,"z":1.5707963267948963},"scale":{"x":16,"y":32,"z":32}},{"class":"spike","position":{"x":400,"y":-96,"z":0},"rotation":{"x":0,"y":0,"z":1.5707963267948963},"scale":{"x":16,"y":32,"z":32}},{"class":"spike","position":{"x":400,"y":-80,"z":0},"rotation":{"x":0,"y":0,"z":1.5707963267948963},"scale":{"x":16,"y":32,"z":32}},{"class":"spike","position":{"x":400,"y":48,"z":0},"rotation":{"x":0,"y":0,"z":1.5707963267948963},"scale":{"x":16,"y":32,"z":32}},{"class":"spike","position":{"x":400,"y":64,"z":0},"rotation":{"x":0,"y":0,"z":1.5707963267948963},"scale":{"x":16,"y":32,"z":32}},{"class":"spike","position":{"x":400,"y":80,"z":0},"rotation":{"x":0,"y":0,"z":1.5707963267948963},"scale":{"x":16,"y":32,"z":32}},{"class":"spike","position":{"x":400,"y":96,"z":0},"rotation":{"x":0,"y":0,"z":1.5707963267948963},"scale":{"x":16,"y":32,"z":32}},{"class":"spike","position":{"x":400,"y":112,"z":0},"rotation":{"x":0,"y":0,"z":1.5707963267948963},"scale":{"x":16,"y":32,"z":32}},{"class":"spike","position":{"x":400,"y":128,"z":0},"rotation":{"x":0,"y":0,"z":1.5707963267948963},"scale":{"x":16,"y":32,"z":32}},{"class":"spike","position":{"x":400,"y":144,"z":0},"rotation":{"x":0,"y":0,"z":1.5707963267948963},"scale":{"x":16,"y":32,"z":32}},{"class":"spike","position":{"x":400,"y":160,"z":0},"rotation":{"x":0,"y":0,"z":1.5707963267948963},"scale":{"x":16,"y":32,"z":32}},{"class":"spike","position":{"x":400,"y":176,"z":0},"rotation":{"x":0,"y":0,"z":1.5707963267948963},"scale":{"x":16,"y":32,"z":32}},{"class":"spike","position":{"x":400,"y":192,"z":0},"rotation":{"x":0,"y":0,"z":1.5707963267948963},"scale":{"x":16,"y":32,"z":32}},{"class":"spike","position":{"x":400,"y":208,"z":0},"rotation":{"x":0,"y":0,"z":1.5707963267948963},"scale":{"x":16,"y":32,"z":32}},{"class":"spike","position":{"x":400,"y":224,"z":0},"rotation":{"x":0,"y":0,"z":1.5707963267948963},"scale":{"x":16,"y":32,"z":32}},{"class":"spike","position":{"x":616,"y":-304,"z":0},"rotation":{"x":0,"y":0,"z":1.5707963267948963},"scale":{"x":16,"y":32,"z":32}},{"class":"spike","position":{"x":616,"y":-288,"z":0},"rotation":{"x":0,"y":0,"z":1.5707963267948963},"scale":{"x":16,"y":32,"z":32}},{"class":"spike","position":{"x":616,"y":-272,"z":0},"rotation":{"x":0,"y":0,"z":1.5707963267948963},"scale":{"x":16,"y":32,"z":32}},{"class":"spike","position":{"x":616,"y":-256,"z":0},"rotation":{"x":0,"y":0,"z":1.5707963267948963},"scale":{"x":16,"y":32,"z":32}},{"class":"spike","position":{"x":616,"y":-240,"z":0},"rotation":{"x":0,"y":0,"z":1.5707963267948963},"scale":{"x":16,"y":32,"z":32}},{"class":"spike","position":{"x":616,"y":-224,"z":0},"rotation":{"x":0,"y":0,"z":1.5707963267948963},"scale":{"x":16,"y":32,"z":32}},{"class":"spike","position":{"x":616,"y":-80,"z":0},"rotation":{"x":0,"y":0,"z":1.5707963267948963},"scale":{"x":16,"y":32,"z":32}},{"class":"spike","position":{"x":616,"y":-64,"z":0},"rotation":{"x":0,"y":0,"z":1.5707963267948963},"scale":{"x":16,"y":32,"z":32}},{"class":"spike","position":{"x":616,"y":-48,"z":0},"rotation":{"x":0,"y":0,"z":1.5707963267948963},"scale":{"x":16,"y":32,"z":32}},{"class":"spike","position":{"x":616,"y":-32,"z":0},"rotation":{"x":0,"y":0,"z":1.5707963267948963},"scale":{"x":16,"y":32,"z":32}},{"class":"spike","position":{"x":616,"y":-16,"z":0},"rotation":{"x":0,"y":0,"z":1.5707963267948963},"scale":{"x":16,"y":32,"z":32}},{"class":"spike","position":{"x":616,"y":0,"z":0},"rotation":{"x":0,"y":0,"z":1.5707963267948963},"scale":{"x":16,"y":32,"z":32}},{"class":"spike","position":{"x":616,"y":16,"z":0},"rotation":{"x":0,"y":0,"z":1.5707963267948963},"scale":{"x":16,"y":32,"z":32}},{"class":"spike","position":{"x":616,"y":32,"z":0},"rotation":{"x":0,"y":0,"z":1.5707963267948963},"scale":{"x":16,"y":32,"z":32}},{"class":"spike","position":{"x":616,"y":48,"z":0},"rotation":{"x":0,"y":0,"z":1.5707963267948963},"scale":{"x":16,"y":32,"z":32}},{"class":"spike","position":{"x":616,"y":64,"z":0},"rotation":{"x":0,"y":0,"z":1.5707963267948963},"scale":{"x":16,"y":32,"z":32}},{"class":"spike","position":{"x":616,"y":80,"z":0},"rotation":{"x":0,"y":0,"z":1.5707963267948963},"scale":{"x":16,"y":32,"z":32}},{"class":"spike","position":{"x":616,"y":96,"z":0},"rotation":{"x":0,"y":0,"z":1.5707963267948963},"scale":{"x":16,"y":32,"z":32}},{"class":"spike","position":{"x":616,"y":112,"z":0},"rotation":{"x":0,"y":0,"z":1.5707963267948963},"scale":{"x":16,"y":32,"z":32}},{"class":"spike","position":{"x":616,"y":128,"z":0},"rotation":{"x":0,"y":0,"z":1.5707963267948963},"scale":{"x":16,"y":32,"z":32}},{"class":"spike","position":{"x":616,"y":144,"z":0},"rotation":{"x":0,"y":0,"z":1.5707963267948963},"scale":{"x":16,"y":32,"z":32}},{"class":"spike","position":{"x":616,"y":160,"z":0},"rotation":{"x":0,"y":0,"z":1.5707963267948963},"scale":{"x":16,"y":32,"z":32}},{"class":"spike","position":{"x":616,"y":176,"z":0},"rotation":{"x":0,"y":0,"z":1.5707963267948963},"scale":{"x":16,"y":32,"z":32}},{"class":"spike","position":{"x":616,"y":192,"z":0},"rotation":{"x":0,"y":0,"z":1.5707963267948963},"scale":{"x":16,"y":32,"z":32}},{"class":"spike","position":{"x":616,"y":208,"z":0},"rotation":{"x":0,"y":0,"z":1.5707963267948963},"scale":{"x":16,"y":32,"z":32}},{"class":"spike","position":{"x":616,"y":224,"z":0},"rotation":{"x":0,"y":0,"z":1.5707963267948963},"scale":{"x":16,"y":32,"z":32}},{"class":"spike","position":{"x":608,"y":-200,"z":0},"rotation":{"x":0,"y":0,"z":0},"scale":{"x":16,"y":32,"z":32}},{"class":"spike","position":{"x":608,"y":-72,"z":0},"rotation":{"x":0,"y":0,"z":-3.141592653589793},"scale":{"x":16,"y":32,"z":32}},{"class":"spike","position":{"x":832,"y":-304,"z":0},"rotation":{"x":0,"y":0,"z":1.5707963267948963},"scale":{"x":16,"y":32,"z":32}},{"class":"spike","position":{"x":832,"y":-288,"z":0},"rotation":{"x":0,"y":0,"z":1.5707963267948963},"scale":{"x":16,"y":32,"z":32}},{"class":"spike","position":{"x":832,"y":-272,"z":0},"rotation":{"x":0,"y":0,"z":1.5707963267948963},"scale":{"x":16,"y":32,"z":32}},{"class":"spike","position":{"x":832,"y":-256,"z":0},"rotation":{"x":0,"y":0,"z":1.5707963267948963},"scale":{"x":16,"y":32,"z":32}},{"class":"spike","position":{"x":832,"y":-240,"z":0},"rotation":{"x":0,"y":0,"z":1.5707963267948963},"scale":{"x":16,"y":32,"z":32}},{"class":"spike","position":{"x":832,"y":-224,"z":0},"rotation":{"x":0,"y":0,"z":1.5707963267948963},"scale":{"x":16,"y":32,"z":32}},{"class":"spike","position":{"x":832,"y":-208,"z":0},"rotation":{"x":0,"y":0,"z":1.5707963267948963},"scale":{"x":16,"y":32,"z":32}},{"class":"spike","position":{"x":832,"y":-192,"z":0},"rotation":{"x":0,"y":0,"z":1.5707963267948963},"scale":{"x":16,"y":32,"z":32}},{"class":"spike","position":{"x":832,"y":-176,"z":0},"rotation":{"x":0,"y":0,"z":1.5707963267948963},"scale":{"x":16,"y":32,"z":32}},{"class":"spike","position":{"x":832,"y":-160,"z":0},"rotation":{"x":0,"y":0,"z":1.5707963267948963},"scale":{"x":16,"y":32,"z":32}},{"class":"spike","position":{"x":832,"y":-144,"z":0},"rotation":{"x":0,"y":0,"z":1.5707963267948963},"scale":{"x":16,"y":32,"z":32}},{"class":"spike","position":{"x":832,"y":-128,"z":0},"rotation":{"x":0,"y":0,"z":1.5707963267948963},"scale":{"x":16,"y":32,"z":32}},{"class":"spike","position":{"x":832,"y":-112,"z":0},"rotation":{"x":0,"y":0,"z":1.5707963267948963},"scale":{"x":16,"y":32,"z":32}},{"class":"spike","position":{"x":832,"y":-96,"z":0},"rotation":{"x":0,"y":0,"z":1.5707963267948963},"scale":{"x":16,"y":32,"z":32}},{"class":"spike","position":{"x":832,"y":-80,"z":0},"rotation":{"x":0,"y":0,"z":1.5707963267948963},"scale":{"x":16,"y":32,"z":32}},{"class":"spike","position":{"x":832,"y":-64,"z":0},"rotation":{"x":0,"y":0,"z":1.5707963267948963},"scale":{"x":16,"y":32,"z":32}},{"class":"spike","position":{"x":832,"y":-48,"z":0},"rotation":{"x":0,"y":0,"z":1.5707963267948963},"scale":{"x":16,"y":32,"z":32}},{"class":"spike","position":{"x":832,"y":-32,"z":0},"rotation":{"x":0,"y":0,"z":1.5707963267948963},"scale":{"x":16,"y":32,"z":32}},{"class":"spike","position":{"x":832,"y":112,"z":0},"rotation":{"x":0,"y":0,"z":1.5707963267948963},"scale":{"x":16,"y":32,"z":32}},{"class":"spike","position":{"x":832,"y":128,"z":0},"rotation":{"x":0,"y":0,"z":1.5707963267948963},"scale":{"x":16,"y":32,"z":32}},{"class":"spike","position":{"x":832,"y":144,"z":0},"rotation":{"x":0,"y":0,"z":1.5707963267948963},"scale":{"x":16,"y":32,"z":32}},{"class":"spike","position":{"x":832,"y":160,"z":0},"rotation":{"x":0,"y":0,"z":1.5707963267948963},"scale":{"x":16,"y":32,"z":32}},{"class":"spike","position":{"x":832,"y":176,"z":0},"rotation":{"x":0,"y":0,"z":1.5707963267948963},"scale":{"x":16,"y":32,"z":32}},{"class":"spike","position":{"x":832,"y":192,"z":0},"rotation":{"x":0,"y":0,"z":1.5707963267948963},"scale":{"x":16,"y":32,"z":32}},{"class":"spike","position":{"x":832,"y":208,"z":0},"rotation":{"x":0,"y":0,"z":1.5707963267948963},"scale":{"x":16,"y":32,"z":32}},{"class":"spike","position":{"x":824,"y":120,"z":0},"rotation":{"x":0,"y":0,"z":-3.141592653589793},"scale":{"x":16,"y":32,"z":32}},{"class":"spike","position":{"x":824,"y":-8,"z":0},"rotation":{"x":0,"y":0,"z":0},"scale":{"x":16,"y":32,"z":32}},{"class":"spike","position":{"x":1048,"y":-304,"z":0},"rotation":{"x":0,"y":0,"z":1.5707963267948963},"scale":{"x":16,"y":32,"z":32}},{"class":"spike","position":{"x":1264,"y":-304,"z":0},"rotation":{"x":0,"y":0,"z":1.5707963267948963},"scale":{"x":16,"y":32,"z":32}},{"class":"spike","position":{"x":1480,"y":-304,"z":0},"rotation":{"x":0,"y":0,"z":1.5707963267948963},"scale":{"x":16,"y":32,"z":32}},{"class":"spike","position":{"x":1696,"y":-304,"z":0},"rotation":{"x":0,"y":0,"z":1.5707963267948963},"scale":{"x":16,"y":32,"z":32}},{"class":"spike","position":{"x":1912,"y":-304,"z":0},"rotation":{"x":0,"y":0,"z":1.5707963267948963},"scale":{"x":16,"y":32,"z":32}},{"class":"spike","position":{"x":2128,"y":-304,"z":0},"rotation":{"x":0,"y":0,"z":1.5707963267948963},"scale":{"x":16,"y":32,"z":32}},{"class":"spike","position":{"x":2344,"y":-304,"z":0},"rotation":{"x":0,"y":0,"z":1.5707963267948963},"scale":{"x":16,"y":32,"z":32}},{"class":"spike","position":{"x":1048,"y":-304,"z":0},"rotation":{"x":0,"y":0,"z":1.5707963267948963},"scale":{"x":16,"y":32,"z":32}},{"class":"spike","position":{"x":1048,"y":-288,"z":0},"rotation":{"x":0,"y":0,"z":1.5707963267948963},"scale":{"x":16,"y":32,"z":32}},{"class":"spike","position":{"x":1048,"y":-272,"z":0},"rotation":{"x":0,"y":0,"z":1.5707963267948963},"scale":{"x":16,"y":32,"z":32}},{"class":"spike","position":{"x":1048,"y":-256,"z":0},"rotation":{"x":0,"y":0,"z":1.5707963267948963},"scale":{"x":16,"y":32,"z":32}},{"class":"spike","position":{"x":1048,"y":-240,"z":0},"rotation":{"x":0,"y":0,"z":1.5707963267948963},"scale":{"x":16,"y":32,"z":32}},{"class":"spike","position":{"x":1048,"y":-224,"z":0},"rotation":{"x":0,"y":0,"z":1.5707963267948963},"scale":{"x":16,"y":32,"z":32}},{"class":"spike","position":{"x":1048,"y":-208,"z":0},"rotation":{"x":0,"y":0,"z":1.5707963267948963},"scale":{"x":16,"y":32,"z":32}},{"class":"spike","position":{"x":1048,"y":-192,"z":0},"rotation":{"x":0,"y":0,"z":1.5707963267948963},"scale":{"x":16,"y":32,"z":32}},{"class":"spike","position":{"x":1048,"y":-176,"z":0},"rotation":{"x":0,"y":0,"z":1.5707963267948963},"scale":{"x":16,"y":32,"z":32}},{"class":"spike","position":{"x":1048,"y":-160,"z":0},"rotation":{"x":0,"y":0,"z":1.5707963267948963},"scale":{"x":16,"y":32,"z":32}},{"class":"spike","position":{"x":1048,"y":-144,"z":0},"rotation":{"x":0,"y":0,"z":1.5707963267948963},"scale":{"x":16,"y":32,"z":32}},{"class":"spike","position":{"x":1048,"y":-128,"z":0},"rotation":{"x":0,"y":0,"z":1.5707963267948963},"scale":{"x":16,"y":32,"z":32}},{"class":"spike","position":{"x":1048,"y":-112,"z":0},"rotation":{"x":0,"y":0,"z":1.5707963267948963},"scale":{"x":16,"y":32,"z":32}},{"class":"spike","position":{"x":1048,"y":-96,"z":0},"rotation":{"x":0,"y":0,"z":1.5707963267948963},"scale":{"x":16,"y":32,"z":32}},{"class":"spike","position":{"x":1048,"y":-80,"z":0},"rotation":{"x":0,"y":0,"z":1.5707963267948963},"scale":{"x":16,"y":32,"z":32}},{"class":"spike","position":{"x":1048,"y":-64,"z":0},"rotation":{"x":0,"y":0,"z":1.5707963267948963},"scale":{"x":16,"y":32,"z":32}},{"class":"spike","position":{"x":1048,"y":-48,"z":0},"rotation":{"x":0,"y":0,"z":1.5707963267948963},"scale":{"x":16,"y":32,"z":32}},{"class":"spike","position":{"x":1048,"y":-32,"z":0},"rotation":{"x":0,"y":0,"z":1.5707963267948963},"scale":{"x":16,"y":32,"z":32}},{"class":"spike","position":{"x":1048,"y":-16,"z":0},"rotation":{"x":0,"y":0,"z":1.5707963267948963},"scale":{"x":16,"y":32,"z":32}},{"class":"spike","position":{"x":616,"y":224,"z":0},"rotation":{"x":0,"y":0,"z":1.5707963267948963},"scale":{"x":16,"y":32,"z":32}},{"class":"spike","position":{"x":832,"y":208,"z":0},"rotation":{"x":0,"y":0,"z":1.5707963267948963},"scale":{"x":16,"y":32,"z":32}},{"class":"spike","position":{"x":832,"y":224,"z":0},"rotation":{"x":0,"y":0,"z":1.5707963267948963},"scale":{"x":16,"y":32,"z":32}},{"class":"spike","position":{"x":1048,"y":96,"z":0},"rotation":{"x":0,"y":0,"z":1.5707963267948963},"scale":{"x":16,"y":32,"z":32}},{"class":"spike","position":{"x":1048,"y":112,"z":0},"rotation":{"x":0,"y":0,"z":1.5707963267948963},"scale":{"x":16,"y":32,"z":32}},{"class":"spike","position":{"x":1048,"y":128,"z":0},"rotation":{"x":0,"y":0,"z":1.5707963267948963},"scale":{"x":16,"y":32,"z":32}},{"class":"spike","position":{"x":1048,"y":144,"z":0},"rotation":{"x":0,"y":0,"z":1.5707963267948963},"scale":{"x":16,"y":32,"z":32}},{"class":"spike","position":{"x":1048,"y":160,"z":0},"rotation":{"x":0,"y":0,"z":1.5707963267948963},"scale":{"x":16,"y":32,"z":32}},{"class":"spike","position":{"x":1048,"y":176,"z":0},"rotation":{"x":0,"y":0,"z":1.5707963267948963},"scale":{"x":16,"y":32,"z":32}},{"class":"spike","position":{"x":1048,"y":192,"z":0},"rotation":{"x":0,"y":0,"z":1.5707963267948963},"scale":{"x":16,"y":32,"z":32}},{"class":"spike","position":{"x":1048,"y":208,"z":0},"rotation":{"x":0,"y":0,"z":1.5707963267948963},"scale":{"x":16,"y":32,"z":32}},{"class":"spike","position":{"x":1048,"y":224,"z":0},"rotation":{"x":0,"y":0,"z":1.5707963267948963},"scale":{"x":16,"y":32,"z":32}},{"class":"spike","position":{"x":1040,"y":-24,"z":0},"rotation":{"x":0,"y":0,"z":0},"scale":{"x":16,"y":32,"z":32}},{"class":"spike","position":{"x":1040,"y":104,"z":0},"rotation":{"x":0,"y":0,"z":-3.141592653589793},"scale":{"x":16,"y":32,"z":32}},{"class":"spike","position":{"x":616,"y":-208,"z":0},"rotation":{"x":0,"y":0,"z":1.5707963267948963},"scale":{"x":16,"y":32,"z":32}},{"class":"spike","position":{"x":832,"y":-16,"z":0},"rotation":{"x":0,"y":0,"z":1.5707963267948963},"scale":{"x":16,"y":32,"z":32}},{"class":"spike","position":{"x":1264,"y":-304,"z":0},"rotation":{"x":0,"y":0,"z":1.5707963267948963},"scale":{"x":16,"y":32,"z":32}},{"class":"spike","position":{"x":1264,"y":-288,"z":0},"rotation":{"x":0,"y":0,"z":1.5707963267948963},"scale":{"x":16,"y":32,"z":32}},{"class":"spike","position":{"x":1264,"y":-272,"z":0},"rotation":{"x":0,"y":0,"z":1.5707963267948963},"scale":{"x":16,"y":32,"z":32}},{"class":"spike","position":{"x":1264,"y":-256,"z":0},"rotation":{"x":0,"y":0,"z":1.5707963267948963},"scale":{"x":16,"y":32,"z":32}},{"class":"spike","position":{"x":1264,"y":-240,"z":0},"rotation":{"x":0,"y":0,"z":1.5707963267948963},"scale":{"x":16,"y":32,"z":32}},{"class":"spike","position":{"x":1264,"y":-224,"z":0},"rotation":{"x":0,"y":0,"z":1.5707963267948963},"scale":{"x":16,"y":32,"z":32}},{"class":"spike","position":{"x":1264,"y":-208,"z":0},"rotation":{"x":0,"y":0,"z":1.5707963267948963},"scale":{"x":16,"y":32,"z":32}},{"class":"spike","position":{"x":1264,"y":-192,"z":0},"rotation":{"x":0,"y":0,"z":1.5707963267948963},"scale":{"x":16,"y":32,"z":32}},{"class":"spike","position":{"x":1264,"y":-176,"z":0},"rotation":{"x":0,"y":0,"z":1.5707963267948963},"scale":{"x":16,"y":32,"z":32}},{"class":"spike","position":{"x":1264,"y":-160,"z":0},"rotation":{"x":0,"y":0,"z":1.5707963267948963},"scale":{"x":16,"y":32,"z":32}},{"class":"spike","position":{"x":1264,"y":-144,"z":0},"rotation":{"x":0,"y":0,"z":1.5707963267948963},"scale":{"x":16,"y":32,"z":32}},{"class":"spike","position":{"x":1264,"y":-128,"z":0},"rotation":{"x":0,"y":0,"z":1.5707963267948963},"scale":{"x":16,"y":32,"z":32}},{"class":"spike","position":{"x":1264,"y":0,"z":0},"rotation":{"x":0,"y":0,"z":1.5707963267948963},"scale":{"x":16,"y":32,"z":32}},{"class":"spike","position":{"x":1264,"y":16,"z":0},"rotation":{"x":0,"y":0,"z":1.5707963267948963},"scale":{"x":16,"y":32,"z":32}},{"class":"spike","position":{"x":1264,"y":32,"z":0},"rotation":{"x":0,"y":0,"z":1.5707963267948963},"scale":{"x":16,"y":32,"z":32}},{"class":"spike","position":{"x":1264,"y":48,"z":0},"rotation":{"x":0,"y":0,"z":1.5707963267948963},"scale":{"x":16,"y":32,"z":32}},{"class":"spike","position":{"x":1264,"y":64,"z":0},"rotation":{"x":0,"y":0,"z":1.5707963267948963},"scale":{"x":16,"y":32,"z":32}},{"class":"spike","position":{"x":1264,"y":80,"z":0},"rotation":{"x":0,"y":0,"z":1.5707963267948963},"scale":{"x":16,"y":32,"z":32}},{"class":"spike","position":{"x":1264,"y":96,"z":0},"rotation":{"x":0,"y":0,"z":1.5707963267948963},"scale":{"x":16,"y":32,"z":32}},{"class":"spike","position":{"x":1264,"y":112,"z":0},"rotation":{"x":0,"y":0,"z":1.5707963267948963},"scale":{"x":16,"y":32,"z":32}},{"class":"spike","position":{"x":1264,"y":128,"z":0},"rotation":{"x":0,"y":0,"z":1.5707963267948963},"scale":{"x":16,"y":32,"z":32}},{"class":"spike","position":{"x":1264,"y":144,"z":0},"rotation":{"x":0,"y":0,"z":1.5707963267948963},"scale":{"x":16,"y":32,"z":32}},{"class":"spike","position":{"x":1264,"y":160,"z":0},"rotation":{"x":0,"y":0,"z":1.5707963267948963},"scale":{"x":16,"y":32,"z":32}},{"class":"spike","position":{"x":1264,"y":176,"z":0},"rotation":{"x":0,"y":0,"z":1.5707963267948963},"scale":{"x":16,"y":32,"z":32}},{"class":"spike","position":{"x":1264,"y":192,"z":0},"rotation":{"x":0,"y":0,"z":1.5707963267948963},"scale":{"x":16,"y":32,"z":32}},{"class":"spike","position":{"x":1264,"y":208,"z":0},"rotation":{"x":0,"y":0,"z":1.5707963267948963},"scale":{"x":16,"y":32,"z":32}},{"class":"spike","position":{"x":1256,"y":-136,"z":0},"rotation":{"x":0,"y":0,"z":0},"scale":{"x":16,"y":32,"z":32}},{"class":"spike","position":{"x":1256,"y":8,"z":0},"rotation":{"x":0,"y":0,"z":-3.141592653589793},"scale":{"x":16,"y":32,"z":32}},{"class":"spike","position":{"x":2344,"y":-304,"z":0},"rotation":{"x":0,"y":0,"z":1.5707963267948963},"scale":{"x":16,"y":32,"z":32}},{"class":"spike","position":{"x":2344,"y":-288,"z":0},"rotation":{"x":0,"y":0,"z":1.5707963267948963},"scale":{"x":16,"y":32,"z":32}},{"class":"spike","position":{"x":2344,"y":-272,"z":0},"rotation":{"x":0,"y":0,"z":1.5707963267948963},"scale":{"x":16,"y":32,"z":32}},{"class":"spike","position":{"x":2344,"y":-256,"z":0},"rotation":{"x":0,"y":0,"z":1.5707963267948963},"scale":{"x":16,"y":32,"z":32}},{"class":"spike","position":{"x":2344,"y":-240,"z":0},"rotation":{"x":0,"y":0,"z":1.5707963267948963},"scale":{"x":16,"y":32,"z":32}},{"class":"spike","position":{"x":2344,"y":-224,"z":0},"rotation":{"x":0,"y":0,"z":1.5707963267948963},"scale":{"x":16,"y":32,"z":32}},{"class":"spike","position":{"x":2344,"y":-208,"z":0},"rotation":{"x":0,"y":0,"z":1.5707963267948963},"scale":{"x":16,"y":32,"z":32}},{"class":"spike","position":{"x":2344,"y":-192,"z":0},"rotation":{"x":0,"y":0,"z":1.5707963267948963},"scale":{"x":16,"y":32,"z":32}},{"class":"spike","position":{"x":2344,"y":-176,"z":0},"rotation":{"x":0,"y":0,"z":1.5707963267948963},"scale":{"x":16,"y":32,"z":32}},{"class":"spike","position":{"x":2344,"y":-160,"z":0},"rotation":{"x":0,"y":0,"z":1.5707963267948963},"scale":{"x":16,"y":32,"z":32}},{"class":"spike","position":{"x":2344,"y":-144,"z":0},"rotation":{"x":0,"y":0,"z":1.5707963267948963},"scale":{"x":16,"y":32,"z":32}},{"class":"spike","position":{"x":2344,"y":-128,"z":0},"rotation":{"x":0,"y":0,"z":1.5707963267948963},"scale":{"x":16,"y":32,"z":32}},{"class":"spike","position":{"x":2344,"y":-112,"z":0},"rotation":{"x":0,"y":0,"z":1.5707963267948963},"scale":{"x":16,"y":32,"z":32}},{"class":"spike","position":{"x":2344,"y":-96,"z":0},"rotation":{"x":0,"y":0,"z":1.5707963267948963},"scale":{"x":16,"y":32,"z":32}},{"class":"spike","position":{"x":2344,"y":-80,"z":0},"rotation":{"x":0,"y":0,"z":1.5707963267948963},"scale":{"x":16,"y":32,"z":32}},{"class":"spike","position":{"x":2344,"y":-64,"z":0},"rotation":{"x":0,"y":0,"z":1.5707963267948963},"scale":{"x":16,"y":32,"z":32}},{"class":"spike","position":{"x":2344,"y":-48,"z":0},"rotation":{"x":0,"y":0,"z":1.5707963267948963},"scale":{"x":16,"y":32,"z":32}},{"class":"spike","position":{"x":2344,"y":-32,"z":0},"rotation":{"x":0,"y":0,"z":1.5707963267948963},"scale":{"x":16,"y":32,"z":32}},{"class":"spike","position":{"x":2344,"y":64,"z":0},"rotation":{"x":0,"y":0,"z":1.5707963267948963},"scale":{"x":16,"y":32,"z":32}},{"class":"spike","position":{"x":2344,"y":80,"z":0},"rotation":{"x":0,"y":0,"z":1.5707963267948963},"scale":{"x":16,"y":32,"z":32}},{"class":"spike","position":{"x":2344,"y":96,"z":0},"rotation":{"x":0,"y":0,"z":1.5707963267948963},"scale":{"x":16,"y":32,"z":32}},{"class":"spike","position":{"x":2344,"y":112,"z":0},"rotation":{"x":0,"y":0,"z":1.5707963267948963},"scale":{"x":16,"y":32,"z":32}},{"class":"spike","position":{"x":2344,"y":128,"z":0},"rotation":{"x":0,"y":0,"z":1.5707963267948963},"scale":{"x":16,"y":32,"z":32}},{"class":"spike","position":{"x":2344,"y":144,"z":0},"rotation":{"x":0,"y":0,"z":1.5707963267948963},"scale":{"x":16,"y":32,"z":32}},{"class":"spike","position":{"x":2344,"y":160,"z":0},"rotation":{"x":0,"y":0,"z":1.5707963267948963},"scale":{"x":16,"y":32,"z":32}},{"class":"spike","position":{"x":2344,"y":176,"z":0},"rotation":{"x":0,"y":0,"z":1.5707963267948963},"scale":{"x":16,"y":32,"z":32}},{"class":"spike","position":{"x":2344,"y":192,"z":0},"rotation":{"x":0,"y":0,"z":1.5707963267948963},"scale":{"x":16,"y":32,"z":32}},{"class":"spike","position":{"x":2344,"y":208,"z":0},"rotation":{"x":0,"y":0,"z":1.5707963267948963},"scale":{"x":16,"y":32,"z":32}},{"class":"spike","position":{"x":2128,"y":-304,"z":0},"rotation":{"x":0,"y":0,"z":1.5707963267948963},"scale":{"x":16,"y":32,"z":32}},{"class":"spike","position":{"x":2128,"y":-288,"z":0},"rotation":{"x":0,"y":0,"z":1.5707963267948963},"scale":{"x":16,"y":32,"z":32}},{"class":"spike","position":{"x":2128,"y":-272,"z":0},"rotation":{"x":0,"y":0,"z":1.5707963267948963},"scale":{"x":16,"y":32,"z":32}},{"class":"spike","position":{"x":2128,"y":-256,"z":0},"rotation":{"x":0,"y":0,"z":1.5707963267948963},"scale":{"x":16,"y":32,"z":32}},{"class":"spike","position":{"x":2128,"y":-240,"z":0},"rotation":{"x":0,"y":0,"z":1.5707963267948963},"scale":{"x":16,"y":32,"z":32}},{"class":"spike","position":{"x":2128,"y":-224,"z":0},"rotation":{"x":0,"y":0,"z":1.5707963267948963},"scale":{"x":16,"y":32,"z":32}},{"class":"spike","position":{"x":2128,"y":-208,"z":0},"rotation":{"x":0,"y":0,"z":1.5707963267948963},"scale":{"x":16,"y":32,"z":32}},{"class":"spike","position":{"x":2128,"y":-192,"z":0},"rotation":{"x":0,"y":0,"z":1.5707963267948963},"scale":{"x":16,"y":32,"z":32}},{"class":"spike","position":{"x":2128,"y":-176,"z":0},"rotation":{"x":0,"y":0,"z":1.5707963267948963},"scale":{"x":16,"y":32,"z":32}},{"class":"spike","position":{"x":2128,"y":-160,"z":0},"rotation":{"x":0,"y":0,"z":1.5707963267948963},"scale":{"x":16,"y":32,"z":32}},{"class":"spike","position":{"x":2128,"y":-144,"z":0},"rotation":{"x":0,"y":0,"z":1.5707963267948963},"scale":{"x":16,"y":32,"z":32}},{"class":"spike","position":{"x":2128,"y":-128,"z":0},"rotation":{"x":0,"y":0,"z":1.5707963267948963},"scale":{"x":16,"y":32,"z":32}},{"class":"spike","position":{"x":2128,"y":-112,"z":0},"rotation":{"x":0,"y":0,"z":1.5707963267948963},"scale":{"x":16,"y":32,"z":32}},{"class":"spike","position":{"x":2128,"y":-96,"z":0},"rotation":{"x":0,"y":0,"z":1.5707963267948963},"scale":{"x":16,"y":32,"z":32}},{"class":"spike","position":{"x":2128,"y":-80,"z":0},"rotation":{"x":0,"y":0,"z":1.5707963267948963},"scale":{"x":16,"y":32,"z":32}},{"class":"spike","position":{"x":2128,"y":-64,"z":0},"rotation":{"x":0,"y":0,"z":1.5707963267948963},"scale":{"x":16,"y":32,"z":32}},{"class":"spike","position":{"x":2128,"y":-48,"z":0},"rotation":{"x":0,"y":0,"z":1.5707963267948963},"scale":{"x":16,"y":32,"z":32}},{"class":"spike","position":{"x":2128,"y":-32,"z":0},"rotation":{"x":0,"y":0,"z":1.5707963267948963},"scale":{"x":16,"y":32,"z":32}},{"class":"spike","position":{"x":2128,"y":-16,"z":0},"rotation":{"x":0,"y":0,"z":1.5707963267948963},"scale":{"x":16,"y":32,"z":32}},{"class":"spike","position":{"x":2128,"y":0,"z":0},"rotation":{"x":0,"y":0,"z":1.5707963267948963},"scale":{"x":16,"y":32,"z":32}},{"class":"spike","position":{"x":2128,"y":128,"z":0},"rotation":{"x":0,"y":0,"z":1.5707963267948963},"scale":{"x":16,"y":32,"z":32}},{"class":"spike","position":{"x":2128,"y":144,"z":0},"rotation":{"x":0,"y":0,"z":1.5707963267948963},"scale":{"x":16,"y":32,"z":32}},{"class":"spike","position":{"x":2128,"y":160,"z":0},"rotation":{"x":0,"y":0,"z":1.5707963267948963},"scale":{"x":16,"y":32,"z":32}},{"class":"spike","position":{"x":2128,"y":176,"z":0},"rotation":{"x":0,"y":0,"z":1.5707963267948963},"scale":{"x":16,"y":32,"z":32}},{"class":"spike","position":{"x":2128,"y":192,"z":0},"rotation":{"x":0,"y":0,"z":1.5707963267948963},"scale":{"x":16,"y":32,"z":32}},{"class":"spike","position":{"x":2128,"y":208,"z":0},"rotation":{"x":0,"y":0,"z":1.5707963267948963},"scale":{"x":16,"y":32,"z":32}},{"class":"spike","position":{"x":1912,"y":-304,"z":0},"rotation":{"x":0,"y":0,"z":1.5707963267948963},"scale":{"x":16,"y":32,"z":32}},{"class":"spike","position":{"x":1912,"y":-288,"z":0},"rotation":{"x":0,"y":0,"z":1.5707963267948963},"scale":{"x":16,"y":32,"z":32}},{"class":"spike","position":{"x":1912,"y":-272,"z":0},"rotation":{"x":0,"y":0,"z":1.5707963267948963},"scale":{"x":16,"y":32,"z":32}},{"class":"spike","position":{"x":1912,"y":-160,"z":0},"rotation":{"x":0,"y":0,"z":1.5707963267948963},"scale":{"x":16,"y":32,"z":32}},{"class":"spike","position":{"x":1912,"y":-144,"z":0},"rotation":{"x":0,"y":0,"z":1.5707963267948963},"scale":{"x":16,"y":32,"z":32}},{"class":"spike","position":{"x":1912,"y":-128,"z":0},"rotation":{"x":0,"y":0,"z":1.5707963267948963},"scale":{"x":16,"y":32,"z":32}},{"class":"spike","position":{"x":1912,"y":-112,"z":0},"rotation":{"x":0,"y":0,"z":1.5707963267948963},"scale":{"x":16,"y":32,"z":32}},{"class":"spike","position":{"x":1912,"y":-96,"z":0},"rotation":{"x":0,"y":0,"z":1.5707963267948963},"scale":{"x":16,"y":32,"z":32}},{"class":"spike","position":{"x":1912,"y":-80,"z":0},"rotation":{"x":0,"y":0,"z":1.5707963267948963},"scale":{"x":16,"y":32,"z":32}},{"class":"spike","position":{"x":1912,"y":-64,"z":0},"rotation":{"x":0,"y":0,"z":1.5707963267948963},"scale":{"x":16,"y":32,"z":32}},{"class":"spike","position":{"x":1912,"y":-48,"z":0},"rotation":{"x":0,"y":0,"z":1.5707963267948963},"scale":{"x":16,"y":32,"z":32}},{"class":"spike","position":{"x":1912,"y":-32,"z":0},"rotation":{"x":0,"y":0,"z":1.5707963267948963},"scale":{"x":16,"y":32,"z":32}},{"class":"spike","position":{"x":1912,"y":-16,"z":0},"rotation":{"x":0,"y":0,"z":1.5707963267948963},"scale":{"x":16,"y":32,"z":32}},{"class":"spike","position":{"x":1912,"y":0,"z":0},"rotation":{"x":0,"y":0,"z":1.5707963267948963},"scale":{"x":16,"y":32,"z":32}},{"class":"spike","position":{"x":1912,"y":16,"z":0},"rotation":{"x":0,"y":0,"z":1.5707963267948963},"scale":{"x":16,"y":32,"z":32}},{"class":"spike","position":{"x":1912,"y":32,"z":0},"rotation":{"x":0,"y":0,"z":1.5707963267948963},"scale":{"x":16,"y":32,"z":32}},{"class":"spike","position":{"x":1912,"y":48,"z":0},"rotation":{"x":0,"y":0,"z":1.5707963267948963},"scale":{"x":16,"y":32,"z":32}},{"class":"spike","position":{"x":1912,"y":64,"z":0},"rotation":{"x":0,"y":0,"z":1.5707963267948963},"scale":{"x":16,"y":32,"z":32}},{"class":"spike","position":{"x":1912,"y":80,"z":0},"rotation":{"x":0,"y":0,"z":1.5707963267948963},"scale":{"x":16,"y":32,"z":32}},{"class":"spike","position":{"x":1912,"y":96,"z":0},"rotation":{"x":0,"y":0,"z":1.5707963267948963},"scale":{"x":16,"y":32,"z":32}},{"class":"spike","position":{"x":1912,"y":112,"z":0},"rotation":{"x":0,"y":0,"z":1.5707963267948963},"scale":{"x":16,"y":32,"z":32}},{"class":"spike","position":{"x":1912,"y":128,"z":0},"rotation":{"x":0,"y":0,"z":1.5707963267948963},"scale":{"x":16,"y":32,"z":32}},{"class":"spike","position":{"x":1912,"y":144,"z":0},"rotation":{"x":0,"y":0,"z":1.5707963267948963},"scale":{"x":16,"y":32,"z":32}},{"class":"spike","position":{"x":1912,"y":160,"z":0},"rotation":{"x":0,"y":0,"z":1.5707963267948963},"scale":{"x":16,"y":32,"z":32}},{"class":"spike","position":{"x":1912,"y":176,"z":0},"rotation":{"x":0,"y":0,"z":1.5707963267948963},"scale":{"x":16,"y":32,"z":32}},{"class":"spike","position":{"x":1912,"y":192,"z":0},"rotation":{"x":0,"y":0,"z":1.5707963267948963},"scale":{"x":16,"y":32,"z":32}},{"class":"spike","position":{"x":1912,"y":208,"z":0},"rotation":{"x":0,"y":0,"z":1.5707963267948963},"scale":{"x":16,"y":32,"z":32}},{"class":"spike","position":{"x":1696,"y":-304,"z":0},"rotation":{"x":0,"y":0,"z":1.5707963267948963},"scale":{"x":16,"y":32,"z":32}},{"class":"spike","position":{"x":1696,"y":-288,"z":0},"rotation":{"x":0,"y":0,"z":1.5707963267948963},"scale":{"x":16,"y":32,"z":32}},{"class":"spike","position":{"x":1696,"y":-272,"z":0},"rotation":{"x":0,"y":0,"z":1.5707963267948963},"scale":{"x":16,"y":32,"z":32}},{"class":"spike","position":{"x":1696,"y":-256,"z":0},"rotation":{"x":0,"y":0,"z":1.5707963267948963},"scale":{"x":16,"y":32,"z":32}},{"class":"spike","position":{"x":1696,"y":-240,"z":0},"rotation":{"x":0,"y":0,"z":1.5707963267948963},"scale":{"x":16,"y":32,"z":32}},{"class":"spike","position":{"x":1696,"y":-224,"z":0},"rotation":{"x":0,"y":0,"z":1.5707963267948963},"scale":{"x":16,"y":32,"z":32}},{"class":"spike","position":{"x":1696,"y":-208,"z":0},"rotation":{"x":0,"y":0,"z":1.5707963267948963},"scale":{"x":16,"y":32,"z":32}},{"class":"spike","position":{"x":1696,"y":-192,"z":0},"rotation":{"x":0,"y":0,"z":1.5707963267948963},"scale":{"x":16,"y":32,"z":32}},{"class":"spike","position":{"x":1696,"y":-176,"z":0},"rotation":{"x":0,"y":0,"z":1.5707963267948963},"scale":{"x":16,"y":32,"z":32}},{"class":"spike","position":{"x":1696,"y":-160,"z":0},"rotation":{"x":0,"y":0,"z":1.5707963267948963},"scale":{"x":16,"y":32,"z":32}},{"class":"spike","position":{"x":1696,"y":-144,"z":0},"rotation":{"x":0,"y":0,"z":1.5707963267948963},"scale":{"x":16,"y":32,"z":32}},{"class":"spike","position":{"x":1696,"y":-32,"z":0},"rotation":{"x":0,"y":0,"z":1.5707963267948963},"scale":{"x":16,"y":32,"z":32}},{"class":"spike","position":{"x":1696,"y":-16,"z":0},"rotation":{"x":0,"y":0,"z":1.5707963267948963},"scale":{"x":16,"y":32,"z":32}},{"class":"spike","position":{"x":1696,"y":0,"z":0},"rotation":{"x":0,"y":0,"z":1.5707963267948963},"scale":{"x":16,"y":32,"z":32}},{"class":"spike","position":{"x":1696,"y":16,"z":0},"rotation":{"x":0,"y":0,"z":1.5707963267948963},"scale":{"x":16,"y":32,"z":32}},{"class":"spike","position":{"x":1696,"y":32,"z":0},"rotation":{"x":0,"y":0,"z":1.5707963267948963},"scale":{"x":16,"y":32,"z":32}},{"class":"spike","position":{"x":1696,"y":48,"z":0},"rotation":{"x":0,"y":0,"z":1.5707963267948963},"scale":{"x":16,"y":32,"z":32}},{"class":"spike","position":{"x":1696,"y":64,"z":0},"rotation":{"x":0,"y":0,"z":1.5707963267948963},"scale":{"x":16,"y":32,"z":32}},{"class":"spike","position":{"x":1696,"y":80,"z":0},"rotation":{"x":0,"y":0,"z":1.5707963267948963},"scale":{"x":16,"y":32,"z":32}},{"class":"spike","position":{"x":1696,"y":96,"z":0},"rotation":{"x":0,"y":0,"z":1.5707963267948963},"scale":{"x":16,"y":32,"z":32}},{"class":"spike","position":{"x":1696,"y":112,"z":0},"rotation":{"x":0,"y":0,"z":1.5707963267948963},"scale":{"x":16,"y":32,"z":32}},{"class":"spike","position":{"x":1696,"y":128,"z":0},"rotation":{"x":0,"y":0,"z":1.5707963267948963},"scale":{"x":16,"y":32,"z":32}},{"class":"spike","position":{"x":1696,"y":144,"z":0},"rotation":{"x":0,"y":0,"z":1.5707963267948963},"scale":{"x":16,"y":32,"z":32}},{"class":"spike","position":{"x":1696,"y":160,"z":0},"rotation":{"x":0,"y":0,"z":1.5707963267948963},"scale":{"x":16,"y":32,"z":32}},{"class":"spike","position":{"x":1696,"y":176,"z":0},"rotation":{"x":0,"y":0,"z":1.5707963267948963},"scale":{"x":16,"y":32,"z":32}},{"class":"spike","position":{"x":1696,"y":192,"z":0},"rotation":{"x":0,"y":0,"z":1.5707963267948963},"scale":{"x":16,"y":32,"z":32}},{"class":"spike","position":{"x":1696,"y":208,"z":0},"rotation":{"x":0,"y":0,"z":1.5707963267948963},"scale":{"x":16,"y":32,"z":32}},{"class":"spike","position":{"x":1480,"y":-304,"z":0},"rotation":{"x":0,"y":0,"z":1.5707963267948963},"scale":{"x":16,"y":32,"z":32}},{"class":"spike","position":{"x":1480,"y":-288,"z":0},"rotation":{"x":0,"y":0,"z":1.5707963267948963},"scale":{"x":16,"y":32,"z":32}},{"class":"spike","position":{"x":1480,"y":-272,"z":0},"rotation":{"x":0,"y":0,"z":1.5707963267948963},"scale":{"x":16,"y":32,"z":32}},{"class":"spike","position":{"x":1480,"y":-256,"z":0},"rotation":{"x":0,"y":0,"z":1.5707963267948963},"scale":{"x":16,"y":32,"z":32}},{"class":"spike","position":{"x":1480,"y":-240,"z":0},"rotation":{"x":0,"y":0,"z":1.5707963267948963},"scale":{"x":16,"y":32,"z":32}},{"class":"spike","position":{"x":1480,"y":-224,"z":0},"rotation":{"x":0,"y":0,"z":1.5707963267948963},"scale":{"x":16,"y":32,"z":32}},{"class":"spike","position":{"x":1480,"y":-208,"z":0},"rotation":{"x":0,"y":0,"z":1.5707963267948963},"scale":{"x":16,"y":32,"z":32}},{"class":"spike","position":{"x":1480,"y":-192,"z":0},"rotation":{"x":0,"y":0,"z":1.5707963267948963},"scale":{"x":16,"y":32,"z":32}},{"class":"spike","position":{"x":1480,"y":-176,"z":0},"rotation":{"x":0,"y":0,"z":1.5707963267948963},"scale":{"x":16,"y":32,"z":32}},{"class":"spike","position":{"x":1480,"y":-160,"z":0},"rotation":{"x":0,"y":0,"z":1.5707963267948963},"scale":{"x":16,"y":32,"z":32}},{"class":"spike","position":{"x":1480,"y":-144,"z":0},"rotation":{"x":0,"y":0,"z":1.5707963267948963},"scale":{"x":16,"y":32,"z":32}},{"class":"spike","position":{"x":1480,"y":-128,"z":0},"rotation":{"x":0,"y":0,"z":1.5707963267948963},"scale":{"x":16,"y":32,"z":32}},{"class":"spike","position":{"x":1480,"y":-112,"z":0},"rotation":{"x":0,"y":0,"z":1.5707963267948963},"scale":{"x":16,"y":32,"z":32}},{"class":"spike","position":{"x":1480,"y":-96,"z":0},"rotation":{"x":0,"y":0,"z":1.5707963267948963},"scale":{"x":16,"y":32,"z":32}},{"class":"spike","position":{"x":1480,"y":-80,"z":0},"rotation":{"x":0,"y":0,"z":1.5707963267948963},"scale":{"x":16,"y":32,"z":32}},{"class":"spike","position":{"x":1480,"y":-64,"z":0},"rotation":{"x":0,"y":0,"z":1.5707963267948963},"scale":{"x":16,"y":32,"z":32}},{"class":"spike","position":{"x":1480,"y":-48,"z":0},"rotation":{"x":0,"y":0,"z":1.5707963267948963},"scale":{"x":16,"y":32,"z":32}},{"class":"spike","position":{"x":1480,"y":64,"z":0},"rotation":{"x":0,"y":0,"z":1.5707963267948963},"scale":{"x":16,"y":32,"z":32}},{"class":"spike","position":{"x":1480,"y":80,"z":0},"rotation":{"x":0,"y":0,"z":1.5707963267948963},"scale":{"x":16,"y":32,"z":32}},{"class":"spike","position":{"x":1480,"y":96,"z":0},"rotation":{"x":0,"y":0,"z":1.5707963267948963},"scale":{"x":16,"y":32,"z":32}},{"class":"spike","position":{"x":1480,"y":112,"z":0},"rotation":{"x":0,"y":0,"z":1.5707963267948963},"scale":{"x":16,"y":32,"z":32}},{"class":"spike","position":{"x":1480,"y":128,"z":0},"rotation":{"x":0,"y":0,"z":1.5707963267948963},"scale":{"x":16,"y":32,"z":32}},{"class":"spike","position":{"x":1480,"y":144,"z":0},"rotation":{"x":0,"y":0,"z":1.5707963267948963},"scale":{"x":16,"y":32,"z":32}},{"class":"spike","position":{"x":1480,"y":160,"z":0},"rotation":{"x":0,"y":0,"z":1.5707963267948963},"scale":{"x":16,"y":32,"z":32}},{"class":"spike","position":{"x":1480,"y":176,"z":0},"rotation":{"x":0,"y":0,"z":1.5707963267948963},"scale":{"x":16,"y":32,"z":32}},{"class":"spike","position":{"x":1480,"y":192,"z":0},"rotation":{"x":0,"y":0,"z":1.5707963267948963},"scale":{"x":16,"y":32,"z":32}},{"class":"spike","position":{"x":1480,"y":208,"z":0},"rotation":{"x":0,"y":0,"z":1.5707963267948963},"scale":{"x":16,"y":32,"z":32}},{"class":"spike","position":{"x":1264,"y":224,"z":0},"rotation":{"x":0,"y":0,"z":1.5707963267948963},"scale":{"x":16,"y":32,"z":32}},{"class":"spike","position":{"x":1480,"y":224,"z":0},"rotation":{"x":0,"y":0,"z":1.5707963267948963},"scale":{"x":16,"y":32,"z":32}},{"class":"spike","position":{"x":1696,"y":224,"z":0},"rotation":{"x":0,"y":0,"z":1.5707963267948963},"scale":{"x":16,"y":32,"z":32}},{"class":"spike","position":{"x":1912,"y":224,"z":0},"rotation":{"x":0,"y":0,"z":1.5707963267948963},"scale":{"x":16,"y":32,"z":32}},{"class":"spike","position":{"x":2128,"y":224,"z":0},"rotation":{"x":0,"y":0,"z":1.5707963267948963},"scale":{"x":16,"y":32,"z":32}},{"class":"spike","position":{"x":2344,"y":224,"z":0},"rotation":{"x":0,"y":0,"z":1.5707963267948963},"scale":{"x":16,"y":32,"z":32}},{"class":"reset","position":{"x":1296,"y":-304,"z":0},"rotation":{"x":0,"y":0,"z":0},"scale":{"x":2600,"y":16,"z":16}},{"class":"reset","position":{"x":1296,"y":-280,"z":0},"rotation":{"x":0,"y":0,"z":0},"scale":{"x":2600,"y":16,"z":16}},{"class":"reset","position":{"x":1296,"y":-256,"z":0},"rotation":{"x":0,"y":0,"z":0},"scale":{"x":2600,"y":16,"z":16}},{"class":"reset","position":{"x":1296,"y":-232,"z":0},"rotation":{"x":0,"y":0,"z":0},"scale":{"x":2600,"y":16,"z":16}},{"class":"reset","position":{"x":1296,"y":-208,"z":0},"rotation":{"x":0,"y":0,"z":0},"scale":{"x":2600,"y":16,"z":16}},{"class":"reset","position":{"x":1296,"y":-184,"z":0},"rotation":{"x":0,"y":0,"z":0},"scale":{"x":2600,"y":16,"z":16}},{"class":"reset","position":{"x":1296,"y":-160,"z":0},"rotation":{"x":0,"y":0,"z":0},"scale":{"x":2600,"y":16,"z":16}},{"class":"reset","position":{"x":1296,"y":-136,"z":0},"rotation":{"x":0,"y":0,"z":0},"scale":{"x":2600,"y":16,"z":16}},{"class":"reset","position":{"x":1296,"y":-112,"z":0},"rotation":{"x":0,"y":0,"z":0},"scale":{"x":2600,"y":16,"z":16}},{"class":"reset","position":{"x":1296,"y":-88,"z":0},"rotation":{"x":0,"y":0,"z":0},"scale":{"x":2600,"y":16,"z":16}},{"class":"reset","position":{"x":1296,"y":-64,"z":0},"rotation":{"x":0,"y":0,"z":0},"scale":{"x":2600,"y":16,"z":16}},{"class":"reset","position":{"x":1296,"y":-40,"z":0},"rotation":{"x":0,"y":0,"z":0},"scale":{"x":2600,"y":16,"z":16}},{"class":"reset","position":{"x":1296,"y":-16,"z":0},"rotation":{"x":0,"y":0,"z":0},"scale":{"x":2600,"y":16,"z":16}},{"class":"reset","position":{"x":1296,"y":8,"z":0},"rotation":{"x":0,"y":0,"z":0},"scale":{"x":2600,"y":16,"z":16}},{"class":"reset","position":{"x":1296,"y":32,"z":0},"rotation":{"x":0,"y":0,"z":0},"scale":{"x":2600,"y":16,"z":16}},{"class":"reset","position":{"x":1296,"y":56,"z":0},"rotation":{"x":0,"y":0,"z":0},"scale":{"x":2600,"y":16,"z":16}},{"class":"reset","position":{"x":1296,"y":80,"z":0},"rotation":{"x":0,"y":0,"z":0},"scale":{"x":2600,"y":16,"z":16}},{"class":"reset","position":{"x":1296,"y":104,"z":0},"rotation":{"x":0,"y":0,"z":0},"scale":{"x":2600,"y":16,"z":16}},{"class":"reset","position":{"x":1296,"y":128,"z":0},"rotation":{"x":0,"y":0,"z":0},"scale":{"x":2600,"y":16,"z":16}},{"class":"reset","position":{"x":1296,"y":152,"z":0},"rotation":{"x":0,"y":0,"z":0},"scale":{"x":2600,"y":16,"z":16}},{"class":"spike","position":{"x":832,"y":0,"z":0},"rotation":{"x":0,"y":0,"z":1.5707963267948963},"scale":{"x":16,"y":32,"z":32}},{"class":"spike","position":{"x":616,"y":-192,"z":0},"rotation":{"x":0,"y":0,"z":1.5707963267948963},"scale":{"x":16,"y":32,"z":32}},{"class":"spike","position":{"x":1472,"y":-56,"z":0},"rotation":{"x":0,"y":0,"z":0},"scale":{"x":16,"y":32,"z":32}},{"class":"spike","position":{"x":1472,"y":72,"z":0},"rotation":{"x":0,"y":0,"z":-3.141592653589793},"scale":{"x":16,"y":32,"z":32}},{"class":"spike","position":{"x":1688,"y":-152,"z":0},"rotation":{"x":0,"y":0,"z":0},"scale":{"x":16,"y":32,"z":32}},{"class":"spike","position":{"x":1688,"y":-24,"z":0},"rotation":{"x":0,"y":0,"z":-3.141592653589793},"scale":{"x":16,"y":32,"z":32}},{"class":"spike","position":{"x":1904,"y":-280,"z":0},"rotation":{"x":0,"y":0,"z":0},"scale":{"x":16,"y":32,"z":32}},{"class":"spike","position":{"x":1904,"y":-152,"z":0},"rotation":{"x":0,"y":0,"z":-3.141592653589793},"scale":{"x":16,"y":32,"z":32}},{"class":"spike","position":{"x":2120,"y":-8,"z":0},"rotation":{"x":0,"y":0,"z":0},"scale":{"x":16,"y":32,"z":32}},{"class":"spike","position":{"x":2120,"y":120,"z":0},"rotation":{"x":0,"y":0,"z":-3.141592653589793},"scale":{"x":16,"y":32,"z":32}},{"class":"spike","position":{"x":2336,"y":-40,"z":0},"rotation":{"x":0,"y":0,"z":0},"scale":{"x":16,"y":32,"z":32}},{"class":"spike","position":{"x":2336,"y":72,"z":0},"rotation":{"x":0,"y":0,"z":-3.141592653589793},"scale":{"x":16,"y":32,"z":32}},{"class":"cube","position":{"x":2752,"y":-152,"z":0},"rotation":{"x":0,"y":0,"z":0},"scale":{"x":792,"y":8,"z":16}},{"class":"spike","position":{"x":2752,"y":-112,"z":0},"rotation":{"x":0,"y":0,"z":-3.141592653589793},"scale":{"x":208,"y":16,"z":16}},{"class":"spike","position":{"x":2640,"y":-8,"z":0},"rotation":{"x":0,"y":0,"z":1.570796326794897},"scale":{"x":208,"y":16,"z":16}},{"class":"cube","position":{"x":2864,"y":680,"z":0},"rotation":{"x":0,"y":0,"z":0},"scale":{"x":16,"y":1584,"z":16}},{"class":"cube","position":{"x":3152,"y":648,"z":0},"rotation":{"x":0,"y":0,"z":0},"scale":{"x":16,"y":1584,"z":16}},{"class":"cube","position":{"x":3152,"y":-152,"z":0},"rotation":{"x":0,"y":0,"z":0},"scale":{"x":16,"y":16,"z":16}},{"class":"checkpoint","position":{"x":2992,"y":-136,"z":0},"rotation":{"x":0,"y":0,"z":0},"scale":{"x":320,"y":16,"z":16}},{"class":"spike","position":{"x":3152,"y":-120,"z":0},"rotation":{"x":0,"y":0,"z":1.5707963267948963},"scale":{"x":16,"y":16,"z":16}},{"class":"spike","position":{"x":3152,"y":-120,"z":0},"rotation":{"x":0,"y":0,"z":1.5707963267948963},"scale":{"x":16,"y":16,"z":16}},{"class":"spike","position":{"x":3152,"y":-104,"z":0},"rotation":{"x":0,"y":0,"z":1.5707963267948963},"scale":{"x":16,"y":16,"z":16}},{"class":"spike","position":{"x":3152,"y":-88,"z":0},"rotation":{"x":0,"y":0,"z":1.5707963267948963},"scale":{"x":16,"y":16,"z":16}},{"class":"spike","position":{"x":3152,"y":-72,"z":0},"rotation":{"x":0,"y":0,"z":1.5707963267948963},"scale":{"x":16,"y":16,"z":16}},{"class":"spike","position":{"x":3152,"y":-56,"z":0},"rotation":{"x":0,"y":0,"z":1.5707963267948963},"scale":{"x":16,"y":16,"z":16}},{"class":"spike","position":{"x":3152,"y":-40,"z":0},"rotation":{"x":0,"y":0,"z":1.5707963267948963},"scale":{"x":16,"y":16,"z":16}},{"class":"spike","position":{"x":3152,"y":-24,"z":0},"rotation":{"x":0,"y":0,"z":1.5707963267948963},"scale":{"x":16,"y":16,"z":16}},{"class":"spike","position":{"x":3152,"y":-8,"z":0},"rotation":{"x":0,"y":0,"z":1.5707963267948963},"scale":{"x":16,"y":16,"z":16}},{"class":"spike","position":{"x":3152,"y":8,"z":0},"rotation":{"x":0,"y":0,"z":1.5707963267948963},"scale":{"x":16,"y":16,"z":16}},{"class":"spike","position":{"x":3152,"y":24,"z":0},"rotation":{"x":0,"y":0,"z":1.5707963267948963},"scale":{"x":16,"y":16,"z":16}},{"class":"spike","position":{"x":3152,"y":40,"z":0},"rotation":{"x":0,"y":0,"z":1.5707963267948963},"scale":{"x":16,"y":16,"z":16}},{"class":"spike","position":{"x":3152,"y":56,"z":0},"rotation":{"x":0,"y":0,"z":1.5707963267948963},"scale":{"x":16,"y":16,"z":16}},{"class":"spike","position":{"x":3152,"y":72,"z":0},"rotation":{"x":0,"y":0,"z":1.5707963267948963},"scale":{"x":16,"y":16,"z":16}},{"class":"spike","position":{"x":3152,"y":88,"z":0},"rotation":{"x":0,"y":0,"z":1.5707963267948963},"scale":{"x":16,"y":16,"z":16}},{"class":"spike","position":{"x":3152,"y":104,"z":0},"rotation":{"x":0,"y":0,"z":1.5707963267948963},"scale":{"x":16,"y":16,"z":16}},{"class":"spike","position":{"x":3152,"y":120,"z":0},"rotation":{"x":0,"y":0,"z":1.5707963267948963},"scale":{"x":16,"y":16,"z":16}},{"class":"spike","position":{"x":3152,"y":136,"z":0},"rotation":{"x":0,"y":0,"z":1.5707963267948963},"scale":{"x":16,"y":16,"z":16}},{"class":"spike","position":{"x":3152,"y":152,"z":0},"rotation":{"x":0,"y":0,"z":1.5707963267948963},"scale":{"x":16,"y":16,"z":16}},{"class":"spike","position":{"x":3152,"y":168,"z":0},"rotation":{"x":0,"y":0,"z":1.5707963267948963},"scale":{"x":16,"y":16,"z":16}},{"class":"spike","position":{"x":3152,"y":184,"z":0},"rotation":{"x":0,"y":0,"z":1.5707963267948963},"scale":{"x":16,"y":16,"z":16}},{"class":"spike","position":{"x":3152,"y":200,"z":0},"rotation":{"x":0,"y":0,"z":1.5707963267948963},"scale":{"x":16,"y":16,"z":16}},{"class":"spike","position":{"x":3152,"y":216,"z":0},"rotation":{"x":0,"y":0,"z":1.5707963267948963},"scale":{"x":16,"y":16,"z":16}},{"class":"spike","position":{"x":3152,"y":232,"z":0},"rotation":{"x":0,"y":0,"z":1.5707963267948963},"scale":{"x":16,"y":16,"z":16}},{"class":"spike","position":{"x":3152,"y":248,"z":0},"rotation":{"x":0,"y":0,"z":1.5707963267948963},"scale":{"x":16,"y":16,"z":16}},{"class":"spike","position":{"x":3152,"y":264,"z":0},"rotation":{"x":0,"y":0,"z":1.5707963267948963},"scale":{"x":16,"y":16,"z":16}},{"class":"spike","position":{"x":3152,"y":280,"z":0},"rotation":{"x":0,"y":0,"z":1.5707963267948963},"scale":{"x":16,"y":16,"z":16}},{"class":"spike","position":{"x":3152,"y":296,"z":0},"rotation":{"x":0,"y":0,"z":1.5707963267948963},"scale":{"x":16,"y":16,"z":16}},{"class":"spike","position":{"x":3152,"y":312,"z":0},"rotation":{"x":0,"y":0,"z":1.5707963267948963},"scale":{"x":16,"y":16,"z":16}},{"class":"spike","position":{"x":3152,"y":328,"z":0},"rotation":{"x":0,"y":0,"z":1.5707963267948963},"scale":{"x":16,"y":16,"z":16}},{"class":"spike","position":{"x":3152,"y":344,"z":0},"rotation":{"x":0,"y":0,"z":1.5707963267948963},"scale":{"x":16,"y":16,"z":16}},{"class":"spike","position":{"x":3152,"y":360,"z":0},"rotation":{"x":0,"y":0,"z":1.5707963267948963},"scale":{"x":16,"y":16,"z":16}},{"class":"spike","position":{"x":3152,"y":376,"z":0},"rotation":{"x":0,"y":0,"z":1.5707963267948963},"scale":{"x":16,"y":16,"z":16}},{"class":"spike","position":{"x":3152,"y":392,"z":0},"rotation":{"x":0,"y":0,"z":1.5707963267948963},"scale":{"x":16,"y":16,"z":16}},{"class":"spike","position":{"x":3152,"y":408,"z":0},"rotation":{"x":0,"y":0,"z":1.5707963267948963},"scale":{"x":16,"y":16,"z":16}},{"class":"spike","position":{"x":3152,"y":424,"z":0},"rotation":{"x":0,"y":0,"z":1.5707963267948963},"scale":{"x":16,"y":16,"z":16}},{"class":"spike","position":{"x":3152,"y":440,"z":0},"rotation":{"x":0,"y":0,"z":1.5707963267948963},"scale":{"x":16,"y":16,"z":16}},{"class":"spike","position":{"x":3152,"y":456,"z":0},"rotation":{"x":0,"y":0,"z":1.5707963267948963},"scale":{"x":16,"y":16,"z":16}},{"class":"spike","position":{"x":3152,"y":472,"z":0},"rotation":{"x":0,"y":0,"z":1.5707963267948963},"scale":{"x":16,"y":16,"z":16}},{"class":"spike","position":{"x":3152,"y":488,"z":0},"rotation":{"x":0,"y":0,"z":1.5707963267948963},"scale":{"x":16,"y":16,"z":16}},{"class":"spike","position":{"x":3152,"y":504,"z":0},"rotation":{"x":0,"y":0,"z":1.5707963267948963},"scale":{"x":16,"y":16,"z":16}},{"class":"spike","position":{"x":3152,"y":520,"z":0},"rotation":{"x":0,"y":0,"z":1.5707963267948963},"scale":{"x":16,"y":16,"z":16}},{"class":"spike","position":{"x":3152,"y":536,"z":0},"rotation":{"x":0,"y":0,"z":1.5707963267948963},"scale":{"x":16,"y":16,"z":16}},{"class":"spike","position":{"x":3152,"y":552,"z":0},"rotation":{"x":0,"y":0,"z":1.5707963267948963},"scale":{"x":16,"y":16,"z":16}},{"class":"spike","position":{"x":3152,"y":568,"z":0},"rotation":{"x":0,"y":0,"z":1.5707963267948963},"scale":{"x":16,"y":16,"z":16}},{"class":"spike","position":{"x":3152,"y":584,"z":0},"rotation":{"x":0,"y":0,"z":1.5707963267948963},"scale":{"x":16,"y":16,"z":16}},{"class":"spike","position":{"x":3152,"y":600,"z":0},"rotation":{"x":0,"y":0,"z":1.5707963267948963},"scale":{"x":16,"y":16,"z":16}},{"class":"spike","position":{"x":3152,"y":616,"z":0},"rotation":{"x":0,"y":0,"z":1.5707963267948963},"scale":{"x":16,"y":16,"z":16}},{"class":"spike","position":{"x":3152,"y":632,"z":0},"rotation":{"x":0,"y":0,"z":1.5707963267948963},"scale":{"x":16,"y":16,"z":16}},{"class":"spike","position":{"x":3152,"y":648,"z":0},"rotation":{"x":0,"y":0,"z":1.5707963267948963},"scale":{"x":16,"y":16,"z":16}},{"class":"spike","position":{"x":3152,"y":664,"z":0},"rotation":{"x":0,"y":0,"z":1.5707963267948963},"scale":{"x":16,"y":16,"z":16}},{"class":"spike","position":{"x":3152,"y":680,"z":0},"rotation":{"x":0,"y":0,"z":1.5707963267948963},"scale":{"x":16,"y":16,"z":16}},{"class":"spike","position":{"x":3152,"y":696,"z":0},"rotation":{"x":0,"y":0,"z":1.5707963267948963},"scale":{"x":16,"y":16,"z":16}},{"class":"spike","position":{"x":3152,"y":712,"z":0},"rotation":{"x":0,"y":0,"z":1.5707963267948963},"scale":{"x":16,"y":16,"z":16}},{"class":"spike","position":{"x":3152,"y":728,"z":0},"rotation":{"x":0,"y":0,"z":1.5707963267948963},"scale":{"x":16,"y":16,"z":16}},{"class":"spike","position":{"x":3152,"y":744,"z":0},"rotation":{"x":0,"y":0,"z":1.5707963267948963},"scale":{"x":16,"y":16,"z":16}},{"class":"spike","position":{"x":3152,"y":760,"z":0},"rotation":{"x":0,"y":0,"z":1.5707963267948963},"scale":{"x":16,"y":16,"z":16}},{"class":"spike","position":{"x":3152,"y":776,"z":0},"rotation":{"x":0,"y":0,"z":1.5707963267948963},"scale":{"x":16,"y":16,"z":16}},{"class":"spike","position":{"x":3152,"y":792,"z":0},"rotation":{"x":0,"y":0,"z":1.5707963267948963},"scale":{"x":16,"y":16,"z":16}},{"class":"spike","position":{"x":3152,"y":808,"z":0},"rotation":{"x":0,"y":0,"z":1.5707963267948963},"scale":{"x":16,"y":16,"z":16}},{"class":"spike","position":{"x":3152,"y":824,"z":0},"rotation":{"x":0,"y":0,"z":1.5707963267948963},"scale":{"x":16,"y":16,"z":16}},{"class":"spike","position":{"x":3152,"y":840,"z":0},"rotation":{"x":0,"y":0,"z":1.5707963267948963},"scale":{"x":16,"y":16,"z":16}},{"class":"spike","position":{"x":3152,"y":856,"z":0},"rotation":{"x":0,"y":0,"z":1.5707963267948963},"scale":{"x":16,"y":16,"z":16}},{"class":"spike","position":{"x":3152,"y":872,"z":0},"rotation":{"x":0,"y":0,"z":1.5707963267948963},"scale":{"x":16,"y":16,"z":16}},{"class":"spike","position":{"x":3152,"y":888,"z":0},"rotation":{"x":0,"y":0,"z":1.5707963267948963},"scale":{"x":16,"y":16,"z":16}},{"class":"spike","position":{"x":3152,"y":904,"z":0},"rotation":{"x":0,"y":0,"z":1.5707963267948963},"scale":{"x":16,"y":16,"z":16}},{"class":"spike","position":{"x":3152,"y":920,"z":0},"rotation":{"x":0,"y":0,"z":1.5707963267948963},"scale":{"x":16,"y":16,"z":16}},{"class":"spike","position":{"x":3152,"y":936,"z":0},"rotation":{"x":0,"y":0,"z":1.5707963267948963},"scale":{"x":16,"y":16,"z":16}},{"class":"spike","position":{"x":3152,"y":952,"z":0},"rotation":{"x":0,"y":0,"z":1.5707963267948963},"scale":{"x":16,"y":16,"z":16}},{"class":"spike","position":{"x":3152,"y":968,"z":0},"rotation":{"x":0,"y":0,"z":1.5707963267948963},"scale":{"x":16,"y":16,"z":16}},{"class":"spike","position":{"x":3152,"y":984,"z":0},"rotation":{"x":0,"y":0,"z":1.5707963267948963},"scale":{"x":16,"y":16,"z":16}},{"class":"spike","position":{"x":3152,"y":1000,"z":0},"rotation":{"x":0,"y":0,"z":1.5707963267948963},"scale":{"x":16,"y":16,"z":16}},{"class":"spike","position":{"x":3152,"y":1016,"z":0},"rotation":{"x":0,"y":0,"z":1.5707963267948963},"scale":{"x":16,"y":16,"z":16}},{"class":"spike","position":{"x":3152,"y":1032,"z":0},"rotation":{"x":0,"y":0,"z":1.5707963267948963},"scale":{"x":16,"y":16,"z":16}},{"class":"spike","position":{"x":3152,"y":1048,"z":0},"rotation":{"x":0,"y":0,"z":1.5707963267948963},"scale":{"x":16,"y":16,"z":16}},{"class":"spike","position":{"x":3152,"y":1064,"z":0},"rotation":{"x":0,"y":0,"z":1.5707963267948963},"scale":{"x":16,"y":16,"z":16}},{"class":"spike","position":{"x":3152,"y":1080,"z":0},"rotation":{"x":0,"y":0,"z":1.5707963267948963},"scale":{"x":16,"y":16,"z":16}},{"class":"spike","position":{"x":3152,"y":1096,"z":0},"rotation":{"x":0,"y":0,"z":1.5707963267948963},"scale":{"x":16,"y":16,"z":16}},{"class":"spike","position":{"x":3152,"y":1112,"z":0},"rotation":{"x":0,"y":0,"z":1.5707963267948963},"scale":{"x":16,"y":16,"z":16}},{"class":"spike","position":{"x":3152,"y":1128,"z":0},"rotation":{"x":0,"y":0,"z":1.5707963267948963},"scale":{"x":16,"y":16,"z":16}},{"class":"spike","position":{"x":3152,"y":1144,"z":0},"rotation":{"x":0,"y":0,"z":1.5707963267948963},"scale":{"x":16,"y":16,"z":16}},{"class":"spike","position":{"x":3152,"y":1160,"z":0},"rotation":{"x":0,"y":0,"z":1.5707963267948963},"scale":{"x":16,"y":16,"z":16}},{"class":"spike","position":{"x":3152,"y":1176,"z":0},"rotation":{"x":0,"y":0,"z":1.5707963267948963},"scale":{"x":16,"y":16,"z":16}},{"class":"spike","position":{"x":3152,"y":1192,"z":0},"rotation":{"x":0,"y":0,"z":1.5707963267948963},"scale":{"x":16,"y":16,"z":16}},{"class":"spike","position":{"x":3152,"y":1208,"z":0},"rotation":{"x":0,"y":0,"z":1.5707963267948963},"scale":{"x":16,"y":16,"z":16}},{"class":"spike","position":{"x":3152,"y":1224,"z":0},"rotation":{"x":0,"y":0,"z":1.5707963267948963},"scale":{"x":16,"y":16,"z":16}},{"class":"spike","position":{"x":3152,"y":1240,"z":0},"rotation":{"x":0,"y":0,"z":1.5707963267948963},"scale":{"x":16,"y":16,"z":16}},{"class":"spike","position":{"x":3152,"y":1256,"z":0},"rotation":{"x":0,"y":0,"z":1.5707963267948963},"scale":{"x":16,"y":16,"z":16}},{"class":"spike","position":{"x":3152,"y":1272,"z":0},"rotation":{"x":0,"y":0,"z":1.5707963267948963},"scale":{"x":16,"y":16,"z":16}},{"class":"spike","position":{"x":3152,"y":1288,"z":0},"rotation":{"x":0,"y":0,"z":1.5707963267948963},"scale":{"x":16,"y":16,"z":16}},{"class":"spike","position":{"x":3152,"y":1304,"z":0},"rotation":{"x":0,"y":0,"z":1.5707963267948963},"scale":{"x":16,"y":16,"z":16}},{"class":"spike","position":{"x":3152,"y":1320,"z":0},"rotation":{"x":0,"y":0,"z":1.5707963267948963},"scale":{"x":16,"y":16,"z":16}},{"class":"spike","position":{"x":3152,"y":1336,"z":0},"rotation":{"x":0,"y":0,"z":1.5707963267948963},"scale":{"x":16,"y":16,"z":16}},{"class":"spike","position":{"x":3152,"y":1352,"z":0},"rotation":{"x":0,"y":0,"z":1.5707963267948963},"scale":{"x":16,"y":16,"z":16}},{"class":"spike","position":{"x":3152,"y":1368,"z":0},"rotation":{"x":0,"y":0,"z":1.5707963267948963},"scale":{"x":16,"y":16,"z":16}},{"class":"spike","position":{"x":3152,"y":1384,"z":0},"rotation":{"x":0,"y":0,"z":1.5707963267948963},"scale":{"x":16,"y":16,"z":16}},{"class":"spike","position":{"x":3152,"y":1400,"z":0},"rotation":{"x":0,"y":0,"z":1.5707963267948963},"scale":{"x":16,"y":16,"z":16}},{"class":"spike","position":{"x":3152,"y":1416,"z":0},"rotation":{"x":0,"y":0,"z":1.5707963267948963},"scale":{"x":16,"y":16,"z":16}},{"class":"spike","position":{"x":2864,"y":-104,"z":0},"rotation":{"x":0,"y":0,"z":-1.5707963267948963},"scale":{"x":16,"y":16,"z":16}},{"class":"spike","position":{"x":2864,"y":-104,"z":0},"rotation":{"x":0,"y":0,"z":-1.5707963267948963},"scale":{"x":16,"y":16,"z":16}},{"class":"spike","position":{"x":2864,"y":-88,"z":0},"rotation":{"x":0,"y":0,"z":-1.5707963267948963},"scale":{"x":16,"y":16,"z":16}},{"class":"spike","position":{"x":2864,"y":-72,"z":0},"rotation":{"x":0,"y":0,"z":-1.5707963267948963},"scale":{"x":16,"y":16,"z":16}},{"class":"spike","position":{"x":2864,"y":-56,"z":0},"rotation":{"x":0,"y":0,"z":-1.5707963267948963},"scale":{"x":16,"y":16,"z":16}},{"class":"spike","position":{"x":2864,"y":-40,"z":0},"rotation":{"x":0,"y":0,"z":-1.5707963267948963},"scale":{"x":16,"y":16,"z":16}},{"class":"spike","position":{"x":2864,"y":-24,"z":0},"rotation":{"x":0,"y":0,"z":-1.5707963267948963},"scale":{"x":16,"y":16,"z":16}},{"class":"spike","position":{"x":2864,"y":-8,"z":0},"rotation":{"x":0,"y":0,"z":-1.5707963267948963},"scale":{"x":16,"y":16,"z":16}},{"class":"spike","position":{"x":2864,"y":8,"z":0},"rotation":{"x":0,"y":0,"z":-1.5707963267948963},"scale":{"x":16,"y":16,"z":16}},{"class":"spike","position":{"x":2864,"y":24,"z":0},"rotation":{"x":0,"y":0,"z":-1.5707963267948963},"scale":{"x":16,"y":16,"z":16}},{"class":"spike","position":{"x":2864,"y":40,"z":0},"rotation":{"x":0,"y":0,"z":-1.5707963267948963},"scale":{"x":16,"y":16,"z":16}},{"class":"spike","position":{"x":2864,"y":56,"z":0},"rotation":{"x":0,"y":0,"z":-1.5707963267948963},"scale":{"x":16,"y":16,"z":16}},{"class":"spike","position":{"x":2864,"y":72,"z":0},"rotation":{"x":0,"y":0,"z":-1.5707963267948963},"scale":{"x":16,"y":16,"z":16}},{"class":"spike","position":{"x":2864,"y":88,"z":0},"rotation":{"x":0,"y":0,"z":-1.5707963267948963},"scale":{"x":16,"y":16,"z":16}},{"class":"spike","position":{"x":2864,"y":104,"z":0},"rotation":{"x":0,"y":0,"z":-1.5707963267948963},"scale":{"x":16,"y":16,"z":16}},{"class":"spike","position":{"x":2864,"y":120,"z":0},"rotation":{"x":0,"y":0,"z":-1.5707963267948963},"scale":{"x":16,"y":16,"z":16}},{"class":"spike","position":{"x":2864,"y":136,"z":0},"rotation":{"x":0,"y":0,"z":-1.5707963267948963},"scale":{"x":16,"y":16,"z":16}},{"class":"spike","position":{"x":2864,"y":152,"z":0},"rotation":{"x":0,"y":0,"z":-1.5707963267948963},"scale":{"x":16,"y":16,"z":16}},{"class":"spike","position":{"x":2864,"y":168,"z":0},"rotation":{"x":0,"y":0,"z":-1.5707963267948963},"scale":{"x":16,"y":16,"z":16}},{"class":"spike","position":{"x":2864,"y":184,"z":0},"rotation":{"x":0,"y":0,"z":-1.5707963267948963},"scale":{"x":16,"y":16,"z":16}},{"class":"spike","position":{"x":2864,"y":200,"z":0},"rotation":{"x":0,"y":0,"z":-1.5707963267948963},"scale":{"x":16,"y":16,"z":16}},{"class":"spike","position":{"x":2864,"y":216,"z":0},"rotation":{"x":0,"y":0,"z":-1.5707963267948963},"scale":{"x":16,"y":16,"z":16}},{"class":"spike","position":{"x":2864,"y":232,"z":0},"rotation":{"x":0,"y":0,"z":-1.5707963267948963},"scale":{"x":16,"y":16,"z":16}},{"class":"spike","position":{"x":2864,"y":248,"z":0},"rotation":{"x":0,"y":0,"z":-1.5707963267948963},"scale":{"x":16,"y":16,"z":16}},{"class":"spike","position":{"x":2864,"y":264,"z":0},"rotation":{"x":0,"y":0,"z":-1.5707963267948963},"scale":{"x":16,"y":16,"z":16}},{"class":"spike","position":{"x":2864,"y":280,"z":0},"rotation":{"x":0,"y":0,"z":-1.5707963267948963},"scale":{"x":16,"y":16,"z":16}},{"class":"spike","position":{"x":2864,"y":296,"z":0},"rotation":{"x":0,"y":0,"z":-1.5707963267948963},"scale":{"x":16,"y":16,"z":16}},{"class":"spike","position":{"x":2864,"y":312,"z":0},"rotation":{"x":0,"y":0,"z":-1.5707963267948963},"scale":{"x":16,"y":16,"z":16}},{"class":"spike","position":{"x":2864,"y":328,"z":0},"rotation":{"x":0,"y":0,"z":-1.5707963267948963},"scale":{"x":16,"y":16,"z":16}},{"class":"spike","position":{"x":2864,"y":344,"z":0},"rotation":{"x":0,"y":0,"z":-1.5707963267948963},"scale":{"x":16,"y":16,"z":16}},{"class":"spike","position":{"x":2864,"y":360,"z":0},"rotation":{"x":0,"y":0,"z":-1.5707963267948963},"scale":{"x":16,"y":16,"z":16}},{"class":"spike","position":{"x":2864,"y":376,"z":0},"rotation":{"x":0,"y":0,"z":-1.5707963267948963},"scale":{"x":16,"y":16,"z":16}},{"class":"spike","position":{"x":2864,"y":392,"z":0},"rotation":{"x":0,"y":0,"z":-1.5707963267948963},"scale":{"x":16,"y":16,"z":16}},{"class":"spike","position":{"x":2864,"y":408,"z":0},"rotation":{"x":0,"y":0,"z":-1.5707963267948963},"scale":{"x":16,"y":16,"z":16}},{"class":"spike","position":{"x":2864,"y":424,"z":0},"rotation":{"x":0,"y":0,"z":-1.5707963267948963},"scale":{"x":16,"y":16,"z":16}},{"class":"spike","position":{"x":2864,"y":440,"z":0},"rotation":{"x":0,"y":0,"z":-1.5707963267948963},"scale":{"x":16,"y":16,"z":16}},{"class":"spike","position":{"x":2864,"y":456,"z":0},"rotation":{"x":0,"y":0,"z":-1.5707963267948963},"scale":{"x":16,"y":16,"z":16}},{"class":"spike","position":{"x":2864,"y":472,"z":0},"rotation":{"x":0,"y":0,"z":-1.5707963267948963},"scale":{"x":16,"y":16,"z":16}},{"class":"spike","position":{"x":2864,"y":488,"z":0},"rotation":{"x":0,"y":0,"z":-1.5707963267948963},"scale":{"x":16,"y":16,"z":16}},{"class":"spike","position":{"x":2864,"y":504,"z":0},"rotation":{"x":0,"y":0,"z":-1.5707963267948963},"scale":{"x":16,"y":16,"z":16}},{"class":"spike","position":{"x":2864,"y":520,"z":0},"rotation":{"x":0,"y":0,"z":-1.5707963267948963},"scale":{"x":16,"y":16,"z":16}},{"class":"spike","position":{"x":2864,"y":536,"z":0},"rotation":{"x":0,"y":0,"z":-1.5707963267948963},"scale":{"x":16,"y":16,"z":16}},{"class":"spike","position":{"x":2864,"y":552,"z":0},"rotation":{"x":0,"y":0,"z":-1.5707963267948963},"scale":{"x":16,"y":16,"z":16}},{"class":"spike","position":{"x":2864,"y":568,"z":0},"rotation":{"x":0,"y":0,"z":-1.5707963267948963},"scale":{"x":16,"y":16,"z":16}},{"class":"spike","position":{"x":2864,"y":584,"z":0},"rotation":{"x":0,"y":0,"z":-1.5707963267948963},"scale":{"x":16,"y":16,"z":16}},{"class":"spike","position":{"x":2864,"y":600,"z":0},"rotation":{"x":0,"y":0,"z":-1.5707963267948963},"scale":{"x":16,"y":16,"z":16}},{"class":"spike","position":{"x":2864,"y":616,"z":0},"rotation":{"x":0,"y":0,"z":-1.5707963267948963},"scale":{"x":16,"y":16,"z":16}},{"class":"spike","position":{"x":2864,"y":632,"z":0},"rotation":{"x":0,"y":0,"z":-1.5707963267948963},"scale":{"x":16,"y":16,"z":16}},{"class":"spike","position":{"x":2864,"y":648,"z":0},"rotation":{"x":0,"y":0,"z":-1.5707963267948963},"scale":{"x":16,"y":16,"z":16}},{"class":"spike","position":{"x":2864,"y":664,"z":0},"rotation":{"x":0,"y":0,"z":-1.5707963267948963},"scale":{"x":16,"y":16,"z":16}},{"class":"spike","position":{"x":2864,"y":680,"z":0},"rotation":{"x":0,"y":0,"z":-1.5707963267948963},"scale":{"x":16,"y":16,"z":16}},{"class":"spike","position":{"x":2864,"y":696,"z":0},"rotation":{"x":0,"y":0,"z":-1.5707963267948963},"scale":{"x":16,"y":16,"z":16}},{"class":"spike","position":{"x":2864,"y":712,"z":0},"rotation":{"x":0,"y":0,"z":-1.5707963267948963},"scale":{"x":16,"y":16,"z":16}},{"class":"spike","position":{"x":2864,"y":728,"z":0},"rotation":{"x":0,"y":0,"z":-1.5707963267948963},"scale":{"x":16,"y":16,"z":16}},{"class":"spike","position":{"x":2864,"y":744,"z":0},"rotation":{"x":0,"y":0,"z":-1.5707963267948963},"scale":{"x":16,"y":16,"z":16}},{"class":"spike","position":{"x":2864,"y":760,"z":0},"rotation":{"x":0,"y":0,"z":-1.5707963267948963},"scale":{"x":16,"y":16,"z":16}},{"class":"spike","position":{"x":2864,"y":776,"z":0},"rotation":{"x":0,"y":0,"z":-1.5707963267948963},"scale":{"x":16,"y":16,"z":16}},{"class":"spike","position":{"x":2864,"y":792,"z":0},"rotation":{"x":0,"y":0,"z":-1.5707963267948963},"scale":{"x":16,"y":16,"z":16}},{"class":"spike","position":{"x":2864,"y":808,"z":0},"rotation":{"x":0,"y":0,"z":-1.5707963267948963},"scale":{"x":16,"y":16,"z":16}},{"class":"spike","position":{"x":2864,"y":824,"z":0},"rotation":{"x":0,"y":0,"z":-1.5707963267948963},"scale":{"x":16,"y":16,"z":16}},{"class":"spike","position":{"x":2864,"y":840,"z":0},"rotation":{"x":0,"y":0,"z":-1.5707963267948963},"scale":{"x":16,"y":16,"z":16}},{"class":"spike","position":{"x":2864,"y":856,"z":0},"rotation":{"x":0,"y":0,"z":-1.5707963267948963},"scale":{"x":16,"y":16,"z":16}},{"class":"spike","position":{"x":2864,"y":872,"z":0},"rotation":{"x":0,"y":0,"z":-1.5707963267948963},"scale":{"x":16,"y":16,"z":16}},{"class":"spike","position":{"x":2864,"y":888,"z":0},"rotation":{"x":0,"y":0,"z":-1.5707963267948963},"scale":{"x":16,"y":16,"z":16}},{"class":"spike","position":{"x":2864,"y":904,"z":0},"rotation":{"x":0,"y":0,"z":-1.5707963267948963},"scale":{"x":16,"y":16,"z":16}},{"class":"spike","position":{"x":2864,"y":920,"z":0},"rotation":{"x":0,"y":0,"z":-1.5707963267948963},"scale":{"x":16,"y":16,"z":16}},{"class":"spike","position":{"x":2864,"y":936,"z":0},"rotation":{"x":0,"y":0,"z":-1.5707963267948963},"scale":{"x":16,"y":16,"z":16}},{"class":"spike","position":{"x":2864,"y":952,"z":0},"rotation":{"x":0,"y":0,"z":-1.5707963267948963},"scale":{"x":16,"y":16,"z":16}},{"class":"spike","position":{"x":2864,"y":968,"z":0},"rotation":{"x":0,"y":0,"z":-1.5707963267948963},"scale":{"x":16,"y":16,"z":16}},{"class":"spike","position":{"x":2864,"y":984,"z":0},"rotation":{"x":0,"y":0,"z":-1.5707963267948963},"scale":{"x":16,"y":16,"z":16}},{"class":"spike","position":{"x":2864,"y":1000,"z":0},"rotation":{"x":0,"y":0,"z":-1.5707963267948963},"scale":{"x":16,"y":16,"z":16}},{"class":"spike","position":{"x":2864,"y":1016,"z":0},"rotation":{"x":0,"y":0,"z":-1.5707963267948963},"scale":{"x":16,"y":16,"z":16}},{"class":"spike","position":{"x":2864,"y":1032,"z":0},"rotation":{"x":0,"y":0,"z":-1.5707963267948963},"scale":{"x":16,"y":16,"z":16}},{"class":"spike","position":{"x":2864,"y":1048,"z":0},"rotation":{"x":0,"y":0,"z":-1.5707963267948963},"scale":{"x":16,"y":16,"z":16}},{"class":"spike","position":{"x":2864,"y":1064,"z":0},"rotation":{"x":0,"y":0,"z":-1.5707963267948963},"scale":{"x":16,"y":16,"z":16}},{"class":"spike","position":{"x":2864,"y":1080,"z":0},"rotation":{"x":0,"y":0,"z":-1.5707963267948963},"scale":{"x":16,"y":16,"z":16}},{"class":"spike","position":{"x":2864,"y":1096,"z":0},"rotation":{"x":0,"y":0,"z":-1.5707963267948963},"scale":{"x":16,"y":16,"z":16}},{"class":"spike","position":{"x":2864,"y":1112,"z":0},"rotation":{"x":0,"y":0,"z":-1.5707963267948963},"scale":{"x":16,"y":16,"z":16}},{"class":"spike","position":{"x":2864,"y":1128,"z":0},"rotation":{"x":0,"y":0,"z":-1.5707963267948963},"scale":{"x":16,"y":16,"z":16}},{"class":"spike","position":{"x":2864,"y":1144,"z":0},"rotation":{"x":0,"y":0,"z":-1.5707963267948963},"scale":{"x":16,"y":16,"z":16}},{"class":"spike","position":{"x":2864,"y":1160,"z":0},"rotation":{"x":0,"y":0,"z":-1.5707963267948963},"scale":{"x":16,"y":16,"z":16}},{"class":"spike","position":{"x":2864,"y":1176,"z":0},"rotation":{"x":0,"y":0,"z":-1.5707963267948963},"scale":{"x":16,"y":16,"z":16}},{"class":"spike","position":{"x":2864,"y":1192,"z":0},"rotation":{"x":0,"y":0,"z":-1.5707963267948963},"scale":{"x":16,"y":16,"z":16}},{"class":"spike","position":{"x":2864,"y":1208,"z":0},"rotation":{"x":0,"y":0,"z":-1.5707963267948963},"scale":{"x":16,"y":16,"z":16}},{"class":"spike","position":{"x":2864,"y":1224,"z":0},"rotation":{"x":0,"y":0,"z":-1.5707963267948963},"scale":{"x":16,"y":16,"z":16}},{"class":"spike","position":{"x":2864,"y":1240,"z":0},"rotation":{"x":0,"y":0,"z":-1.5707963267948963},"scale":{"x":16,"y":16,"z":16}},{"class":"spike","position":{"x":2864,"y":1256,"z":0},"rotation":{"x":0,"y":0,"z":-1.5707963267948963},"scale":{"x":16,"y":16,"z":16}},{"class":"spike","position":{"x":2864,"y":1272,"z":0},"rotation":{"x":0,"y":0,"z":-1.5707963267948963},"scale":{"x":16,"y":16,"z":16}},{"class":"spike","position":{"x":2864,"y":1288,"z":0},"rotation":{"x":0,"y":0,"z":-1.5707963267948963},"scale":{"x":16,"y":16,"z":16}},{"class":"spike","position":{"x":2864,"y":1304,"z":0},"rotation":{"x":0,"y":0,"z":-1.5707963267948963},"scale":{"x":16,"y":16,"z":16}},{"class":"spike","position":{"x":2864,"y":1320,"z":0},"rotation":{"x":0,"y":0,"z":-1.5707963267948963},"scale":{"x":16,"y":16,"z":16}},{"class":"spike","position":{"x":2864,"y":1336,"z":0},"rotation":{"x":0,"y":0,"z":-1.5707963267948963},"scale":{"x":16,"y":16,"z":16}},{"class":"spike","position":{"x":2864,"y":1352,"z":0},"rotation":{"x":0,"y":0,"z":-1.5707963267948963},"scale":{"x":16,"y":16,"z":16}},{"class":"spike","position":{"x":2864,"y":1368,"z":0},"rotation":{"x":0,"y":0,"z":-1.5707963267948963},"scale":{"x":16,"y":16,"z":16}},{"class":"spike","position":{"x":2864,"y":1384,"z":0},"rotation":{"x":0,"y":0,"z":-1.5707963267948963},"scale":{"x":16,"y":16,"z":16}},{"class":"spike","position":{"x":2864,"y":1400,"z":0},"rotation":{"x":0,"y":0,"z":-1.5707963267948963},"scale":{"x":16,"y":16,"z":16}},{"class":"spike","position":{"x":2864,"y":1416,"z":0},"rotation":{"x":0,"y":0,"z":-1.5707963267948963},"scale":{"x":16,"y":16,"z":16}},{"class":"spike","position":{"x":2864,"y":1432,"z":0},"rotation":{"x":0,"y":0,"z":-1.5707963267948963},"scale":{"x":16,"y":16,"z":16}},{"class":"spike","position":{"x":2864,"y":1448,"z":0},"rotation":{"x":0,"y":0,"z":-1.5707963267948963},"scale":{"x":16,"y":16,"z":16}},{"class":"bounce","position":{"x":2992,"y":-120,"z":0},"rotation":{"x":0,"y":0,"z":0},"scale":{"x":32,"y":16,"z":16}},{"class":"spike","position":{"x":2936,"y":-32,"z":0},"rotation":{"x":0,"y":0,"z":0},"scale":{"x":16,"y":16,"z":16}},{"class":"spike","position":{"x":2920,"y":-32,"z":0},"rotation":{"x":0,"y":0,"z":0},"scale":{"x":16,"y":16,"z":16}},{"class":"bounce","position":{"x":3040,"y":48,"z":0},"rotation":{"x":0,"y":0,"z":0},"scale":{"x":32,"y":16,"z":16}},{"class":"bounce","position":{"x":2920,"y":8,"z":8},"rotation":{"x":0,"y":0,"z":0},"scale":{"x":16,"y":16,"z":8}},{"class":"bounce","position":{"x":2936,"y":8,"z":8},"rotation":{"x":0,"y":0,"z":0},"scale":{"x":16,"y":16,"z":8},"text":"Do not touch the spikes!"},{"class":"tip","position":{"x":2936,"y":8,"z":8},"rotation":{"x":0,"y":0,"z":0},"scale":{"x":16,"y":16,"z":8},"text":"Do not touch the spikes!"},{"class":"tip","position":{"x":2920,"y":8,"z":8},"rotation":{"x":0,"y":0,"z":0},"scale":{"x":16,"y":16,"z":8},"text":"Do not touch the spikes!"},{"class":"cube","position":{"x":3072,"y":-64,"z":0},"rotation":{"x":0,"y":0,"z":0},"scale":{"x":32,"y":16,"z":16}},{"class":"spike","position":{"x":3064,"y":-64,"z":0},"rotation":{"x":0,"y":0,"z":-3.141592653589793},"scale":{"x":16,"y":16,"z":16}},{"class":"spike","position":{"x":3080,"y":-64,"z":0},"rotation":{"x":0,"y":0,"z":-3.141592653589793},"scale":{"x":16,"y":16,"z":16}},{"class":"spike","position":{"x":3048,"y":40,"z":0},"rotation":{"x":0,"y":0,"z":3.141592653589793},"scale":{"x":16,"y":16,"z":16}},{"class":"spike","position":{"x":3032,"y":40,"z":0},"rotation":{"x":0,"y":0,"z":3.141592653589793},"scale":{"x":16,"y":16,"z":16}},{"class":"bounce","position":{"x":2944,"y":256,"z":0},"rotation":{"x":0,"y":0,"z":0},"scale":{"x":32,"y":16,"z":16}},{"class":"bounce","position":{"x":3072,"y":152,"z":0},"rotation":{"x":0,"y":0,"z":0},"scale":{"x":32,"y":16,"z":16}},{"class":"spike","position":{"x":3080,"y":152,"z":0},"rotation":{"x":0,"y":0,"z":0},"scale":{"x":16,"y":16,"z":8}},{"class":"spike","position":{"x":3064,"y":152,"z":0},"rotation":{"x":0,"y":0,"z":0},"scale":{"x":16,"y":16,"z":8}},{"class":"tip","position":{"x":3064,"y":152,"z":8},"rotation":{"x":0,"y":0,"z":0},"scale":{"x":16,"y":16,"z":8},"text":"Do not touch the spikes!"},{"class":"tip","position":{"x":3080,"y":152,"z":8},"rotation":{"x":0,"y":0,"z":0},"scale":{"x":16,"y":16,"z":8},"text":"Do not touch the spikes!"},{"class":"cube","position":{"x":2896,"y":128,"z":0},"rotation":{"x":0,"y":0,"z":0},"scale":{"x":32,"y":16,"z":16}},{"class":"control","position":{"x":2992,"y":-136,"z":0},"rotation":{"x":0,"y":0,"z":0},"scale":{"x":8,"y":16,"z":16}},{"class":"spike","position":{"x":3000,"y":328,"z":0},"rotation":{"x":0,"y":0,"z":0},"scale":{"x":16,"y":16,"z":16}},{"class":"tip","position":{"x":3000,"y":328,"z":8},"rotation":{"x":0,"y":0,"z":0},"scale":{"x":16,"y":16,"z":8},"text":"Do not touch the spikes!"},{"class":"direction","position":{"x":3016,"y":328,"z":8},"rotation":{"x":0,"y":0,"z":1.5707963267948963},"scale":{"x":16,"y":16,"z":8}},{"class":"direction","position":{"x":2952,"y":256,"z":8},"rotation":{"x":0,"y":0,"z":1.5707963267948963},"scale":{"x":16,"y":16,"z":8}},{"class":"direction","position":{"x":2936,"y":256,"z":8},"rotation":{"x":0,"y":0,"z":1.5707963267948963},"scale":{"x":16,"y":16,"z":8}},{"class":"direction","position":{"x":3032,"y":48,"z":8},"rotation":{"x":0,"y":0,"z":1.5707963267948963},"scale":{"x":16,"y":16,"z":8}},{"class":"direction","position":{"x":3048,"y":48,"z":8},"rotation":{"x":0,"y":0,"z":1.5707963267948963},"scale":{"x":16,"y":16,"z":8}},{"class":"cube","position":{"x":3088,"y":416,"z":0},"rotation":{"x":0,"y":0,"z":0},"scale":{"x":32,"y":16,"z":16}},{"class":"spike","position":{"x":3000,"y":512,"z":0},"rotation":{"x":0,"y":0,"z":0},"scale":{"x":16,"y":16,"z":16}},{"class":"spike","position":{"x":3016,"y":512,"z":0},"rotation":{"x":0,"y":0,"z":0},"scale":{"x":16,"y":16,"z":16}},{"class":"bounce","position":{"x":2928,"y":488,"z":0},"rotation":{"x":0,"y":0,"z":0},"scale":{"x":32,"y":16,"z":16}},{"class":"direction","position":{"x":2936,"y":488,"z":8},"rotation":{"x":0,"y":0,"z":1.5707963267948963},"scale":{"x":16,"y":16,"z":8}},{"class":"direction","position":{"x":2920,"y":488,"z":8},"rotation":{"x":0,"y":0,"z":1.5707963267948963},"scale":{"x":16,"y":16,"z":8}},{"class":"spike","position":{"x":2128,"y":112,"z":0},"rotation":{"x":0,"y":0,"z":1.5707963267948963},"scale":{"x":16,"y":32,"z":32}},{"class":"bounce","position":{"x":400,"y":-192,"z":24},"rotation":{"x":0,"y":0,"z":0},"scale":{"x":40,"y":264,"z":16}},{"class":"bounce","position":{"x":400,"y":136,"z":24},"rotation":{"x":0,"y":0,"z":-3.141592653589793},"scale":{"x":40,"y":208,"z":16}},{"class":"bounce","position":{"x":616,"y":-248,"z":24},"rotation":{"x":0,"y":0,"z":0},"scale":{"x":40,"y":144,"z":16}},{"class":"bounce","position":{"x":616,"y":72,"z":24},"rotation":{"x":0,"y":0,"z":3.141592653589793},"scale":{"x":40,"y":336,"z":16}},{"class":"resize","position":{"x":2992,"y":-136,"z":0},"rotation":{"x":0,"y":0,"z":0},"scale":{"x":16,"y":16,"z":16}},{"class":"bounce","position":{"x":832,"y":-152,"z":24},"rotation":{"x":0,"y":0,"z":0},"scale":{"x":40,"y":336,"z":16}},{"class":"bounce","position":{"x":832,"y":168,"z":24},"rotation":{"x":0,"y":0,"z":-3.141592653589793},"scale":{"x":40,"y":144,"z":16}},{"class":"bounce","position":{"x":1048,"y":-160,"z":24},"rotation":{"x":0,"y":0,"z":0},"scale":{"x":40,"y":320,"z":16}},{"class":"bounce","position":{"x":1048,"y":160,"z":24},"rotation":{"x":0,"y":0,"z":-3.141592653589793},"scale":{"x":40,"y":160,"z":16}},{"class":"bounce","position":{"x":1264,"y":-216,"z":24},"rotation":{"x":0,"y":0,"z":0},"scale":{"x":40,"y":208,"z":16}},{"class":"bounce","position":{"x":1264,"y":112,"z":24},"rotation":{"x":0,"y":0,"z":-3.141592653589793},"scale":{"x":40,"y":256,"z":16}},{"class":"bounce","position":{"x":1480,"y":-176,"z":24},"rotation":{"x":0,"y":0,"z":0},"scale":{"x":40,"y":288,"z":16}},{"class":"bounce","position":{"x":1480,"y":144,"z":24},"rotation":{"x":0,"y":0,"z":-3.141592653589793},"scale":{"x":40,"y":192,"z":16}},{"class":"bounce","position":{"x":1696,"y":96,"z":24},"rotation":{"x":0,"y":0,"z":-3.141592653589793},"scale":{"x":40,"y":288,"z":16}},{"class":"bounce","position":{"x":1696,"y":-224,"z":32},"rotation":{"x":0,"y":0,"z":0},"scale":{"x":40,"y":192,"z":16}},{"class":"bounce","position":{"x":1912,"y":-288,"z":32},"rotation":{"x":0,"y":0,"z":0},"scale":{"x":40,"y":64,"z":16}},{"class":"bounce","position":{"x":1912,"y":32,"z":24},"rotation":{"x":0,"y":0,"z":3.141592653589793},"scale":{"x":40,"y":416,"z":16}},{"class":"bounce","position":{"x":2128,"y":168,"z":24},"rotation":{"x":0,"y":0,"z":-3.141592653589793},"scale":{"x":40,"y":144,"z":16}},{"class":"bounce","position":{"x":2128,"y":-152,"z":24},"rotation":{"x":0,"y":0,"z":0},"scale":{"x":40,"y":336,"z":16}},{"class":"bounce","position":{"x":2344,"y":144,"z":24},"rotation":{"x":0,"y":0,"z":-3.141592653589793},"scale":{"x":40,"y":192,"z":16}},{"class":"bounce","position":{"x":2344,"y":-168,"z":24},"rotation":{"x":0,"y":0,"z":0},"scale":{"x":40,"y":304,"z":16}},{"class":"cube","position":{"x":1280,"y":-80,"z":16},"rotation":{"x":0,"y":0,"z":0},"scale":{"x":2544,"y":488,"z":16}},{"class":"spike","position":{"x":3056,"y":608,"z":0},"rotation":{"x":0,"y":0,"z":3.141592653589793},"scale":{"x":16,"y":16,"z":16}},{"class":"spike","position":{"x":3072,"y":608,"z":0},"rotation":{"x":0,"y":0,"z":3.141592653589793},"scale":{"x":16,"y":16,"z":16}},{"class":"spike","position":{"x":2928,"y":648,"z":0},"rotation":{"x":0,"y":0,"z":-3.141592653589793},"scale":{"x":16,"y":16,"z":16}},{"class":"spike","position":{"x":2944,"y":648,"z":0},"rotation":{"x":0,"y":0,"z":-3.141592653589793},"scale":{"x":16,"y":16,"z":16}},{"class":"bounce","position":{"x":3048,"y":736,"z":0},"rotation":{"x":0,"y":0,"z":0},"scale":{"x":32,"y":16,"z":16}},{"class":"direction","position":{"x":3040,"y":736,"z":8},"rotation":{"x":0,"y":0,"z":1.5707963267948963},"scale":{"x":16,"y":16,"z":8}},{"class":"direction","position":{"x":3056,"y":736,"z":8},"rotation":{"x":0,"y":0,"z":1.5707963267948963},"scale":{"x":16,"y":16,"z":8}},{"class":"spike","position":{"x":408,"y":-88,"z":0},"rotation":{"x":0,"y":0,"z":0},"scale":{"x":16,"y":32,"z":32}},{"class":"spike","position":{"x":408,"y":56,"z":0},"rotation":{"x":0,"y":0,"z":3.141592653589793},"scale":{"x":16,"y":32,"z":32}},{"class":"spike","position":{"x":624,"y":-72,"z":0},"rotation":{"x":0,"y":0,"z":-3.141592653589793},"scale":{"x":16,"y":32,"z":32}},{"class":"spike","position":{"x":624,"y":-200,"z":0},"rotation":{"x":0,"y":0,"z":0},"scale":{"x":16,"y":32,"z":32}},{"class":"spike","position":{"x":840,"y":120,"z":0},"rotation":{"x":0,"y":0,"z":-3.141592653589793},"scale":{"x":16,"y":32,"z":32}},{"class":"spike","position":{"x":840,"y":-8,"z":0},"rotation":{"x":0,"y":0,"z":0},"scale":{"x":16,"y":32,"z":32}},{"class":"spike","position":{"x":1056,"y":-24,"z":0},"rotation":{"x":0,"y":0,"z":0},"scale":{"x":16,"y":32,"z":32}},{"class":"spike","position":{"x":1056,"y":104,"z":0},"rotation":{"x":0,"y":0,"z":-3.141592653589793},"scale":{"x":16,"y":32,"z":32}},{"class":"spike","position":{"x":1272,"y":8,"z":0},"rotation":{"x":0,"y":0,"z":-3.141592653589793},"scale":{"x":16,"y":32,"z":32}},{"class":"spike","position":{"x":1272,"y":-136,"z":0},"rotation":{"x":0,"y":0,"z":0},"scale":{"x":16,"y":32,"z":32}},{"class":"spike","position":{"x":1488,"y":-56,"z":0},"rotation":{"x":0,"y":0,"z":0},"scale":{"x":16,"y":32,"z":32}},{"class":"spike","position":{"x":1488,"y":72,"z":0},"rotation":{"x":0,"y":0,"z":-3.141592653589793},"scale":{"x":16,"y":32,"z":32}},{"class":"spike","position":{"x":1704,"y":-24,"z":0},"rotation":{"x":0,"y":0,"z":-3.141592653589793},"scale":{"x":16,"y":32,"z":32}},{"class":"spike","position":{"x":1704,"y":-152,"z":0},"rotation":{"x":0,"y":0,"z":0},"scale":{"x":16,"y":32,"z":32}},{"class":"spike","position":{"x":1920,"y":-152,"z":0},"rotation":{"x":0,"y":0,"z":-3.141592653589793},"scale":{"x":16,"y":32,"z":32}},{"class":"spike","position":{"x":1920,"y":-280,"z":0},"rotation":{"x":0,"y":0,"z":0},"scale":{"x":16,"y":32,"z":32}},{"class":"spike","position":{"x":2136,"y":-8,"z":0},"rotation":{"x":0,"y":0,"z":0},"scale":{"x":16,"y":32,"z":32}},{"class":"spike","position":{"x":2136,"y":120,"z":0},"rotation":{"x":0,"y":0,"z":-3.141592653589793},"scale":{"x":16,"y":32,"z":32}},{"class":"spike","position":{"x":2352,"y":72,"z":0},"rotation":{"x":0,"y":0,"z":-3.141592653589793},"scale":{"x":16,"y":32,"z":32}},{"class":"spike","position":{"x":2352,"y":-40,"z":0},"rotation":{"x":0,"y":0,"z":0},"scale":{"x":16,"y":32,"z":32}},{"class":"bounce","position":{"x":3024,"y":864,"z":0},"rotation":{"x":0,"y":0,"z":3.141592653589793},"scale":{"x":32,"y":16,"z":16}},{"class":"direction","position":{"x":3016,"y":864,"z":8},"rotation":{"x":0,"y":0,"z":-1.570796326794897},"scale":{"x":16,"y":16,"z":8}},{"class":"direction","position":{"x":3032,"y":864,"z":8},"rotation":{"x":0,"y":0,"z":-1.570796326794897},"scale":{"x":16,"y":16,"z":8}},{"class":"spike","position":{"x":2984,"y":808,"z":0},"rotation":{"x":0,"y":0,"z":0},"scale":{"x":16,"y":16,"z":16}},{"class":"spike","position":{"x":3000,"y":808,"z":0},"rotation":{"x":0,"y":0,"z":0},"scale":{"x":16,"y":16,"z":16}},{"class":"spike","position":{"x":3000,"y":808,"z":0},"rotation":{"x":0,"y":0,"z":-3.141592653589793},"scale":{"x":16,"y":16,"z":16}},{"class":"spike","position":{"x":2984,"y":808,"z":0},"rotation":{"x":0,"y":0,"z":-3.141592653589793},"scale":{"x":16,"y":16,"z":16}},{"class":"spike","position":{"x":2984,"y":808,"z":0},"rotation":{"x":0,"y":0,"z":1.570796326794897},"scale":{"x":16,"y":16,"z":16}},{"class":"spike","position":{"x":3000,"y":808,"z":0},"rotation":{"x":0,"y":0,"z":-1.5707963267948961},"scale":{"x":16,"y":16,"z":16}},{"class":"spike","position":{"x":3064,"y":152,"z":0},"rotation":{"x":0,"y":0,"z":-3.141592653589793},"scale":{"x":16,"y":16,"z":16}},{"class":"spike","position":{"x":3080,"y":152,"z":0},"rotation":{"x":0,"y":0,"z":-3.141592653589793},"scale":{"x":16,"y":16,"z":16}},{"class":"spike","position":{"x":3064,"y":152,"z":0},"rotation":{"x":0,"y":0,"z":1.570796326794897},"scale":{"x":16,"y":16,"z":16}},{"class":"spike","position":{"x":3080,"y":152,"z":0},"rotation":{"x":0,"y":0,"z":-1.5707963267948972},"scale":{"x":16,"y":16,"z":16}},{"class":"spike","position":{"x":3072,"y":888,"z":0},"rotation":{"x":0,"y":0,"z":3.141592653589793},"scale":{"x":16,"y":16,"z":16}},{"class":"spike","position":{"x":3088,"y":888,"z":0},"rotation":{"x":0,"y":0,"z":3.141592653589793},"scale":{"x":16,"y":16,"z":16}},{"class":"cube","position":{"x":2944,"y":880,"z":0},"rotation":{"x":0,"y":0,"z":0},"scale":{"x":32,"y":16,"z":16}},{"class":"bounce","position":{"x":2952,"y":1000,"z":0},"rotation":{"x":0,"y":0,"z":0},"scale":{"x":32,"y":16,"z":16}},{"class":"direction","position":{"x":2944,"y":1000,"z":8},"rotation":{"x":0,"y":0,"z":1.5707963267948963},"scale":{"x":16,"y":16,"z":8}},{"class":"direction","position":{"x":2960,"y":1000,"z":8},"rotation":{"x":0,"y":0,"z":1.5707963267948963},"scale":{"x":16,"y":16,"z":8}},{"class":"spike","position":{"x":3016,"y":320,"z":0},"rotation":{"x":0,"y":0,"z":3.141592653589793},"scale":{"x":16,"y":16,"z":16}},{"class":"spike","position":{"x":3000,"y":320,"z":0},"rotation":{"x":0,"y":0,"z":3.141592653589793},"scale":{"x":16,"y":16,"z":16}},{"class":"spike","position":{"x":3032,"y":872,"z":0},"rotation":{"x":0,"y":0,"z":0},"scale":{"x":16,"y":16,"z":16}},{"class":"spike","position":{"x":3016,"y":872,"z":0},"rotation":{"x":0,"y":0,"z":0},"scale":{"x":16,"y":16,"z":16}},{"class":"spike","position":{"x":2976,"y":1064,"z":0},"rotation":{"x":0,"y":0,"z":0},"scale":{"x":16,"y":16,"z":16}},{"class":"spike","position":{"x":2992,"y":1064,"z":0},"rotation":{"x":0,"y":0,"z":0},"scale":{"x":16,"y":16,"z":16}},{"class":"cube","position":{"x":3064,"y":1056,"z":0},"rotation":{"x":0,"y":0,"z":0},"scale":{"x":32,"y":16,"z":16}},{"class":"spike","position":{"x":3072,"y":1048,"z":0},"rotation":{"x":0,"y":0,"z":3.141592653589793},"scale":{"x":16,"y":16,"z":16}},{"class":"spike","position":{"x":3056,"y":1048,"z":0},"rotation":{"x":0,"y":0,"z":3.141592653589793},"scale":{"x":16,"y":16,"z":16}},{"class":"spike","position":{"x":3064,"y":-72,"z":0},"rotation":{"x":0,"y":0,"z":3.141592653589793},"scale":{"x":16,"y":16,"z":16}},{"class":"spike","position":{"x":3080,"y":-72,"z":0},"rotation":{"x":0,"y":0,"z":3.141592653589793},"scale":{"x":16,"y":16,"z":16}},{"class":"bounce","position":{"x":3008,"y":328,"z":0},"rotation":{"x":0,"y":0,"z":0},"scale":{"x":32,"y":16,"z":16}},{"class":"direction","position":{"x":3000,"y":-120,"z":8},"rotation":{"x":0,"y":0,"z":1.5707963267948963},"scale":{"x":16,"y":16,"z":8}},{"class":"direction","position":{"x":2984,"y":-120,"z":8},"rotation":{"x":0,"y":0,"z":1.5707963267948963},"scale":{"x":16,"y":16,"z":8}},{"class":"cube","position":{"x":2968,"y":1200,"z":0},"rotation":{"x":0,"y":0,"z":0},"scale":{"x":32,"y":16,"z":16}},{"class":"spike","position":{"x":3072,"y":1160,"z":0},"rotation":{"x":0,"y":0,"z":0},"scale":{"x":16,"y":16,"z":16}},{"class":"spike","position":{"x":3088,"y":1160,"z":0},"rotation":{"x":0,"y":0,"z":0},"scale":{"x":16,"y":16,"z":16}},{"class":"spike","position":{"x":3088,"y":1160,"z":0},"rotation":{"x":0,"y":0,"z":-3.141592653589793},"scale":{"x":16,"y":16,"z":16}},{"class":"spike","position":{"x":3072,"y":1160,"z":0},"rotation":{"x":0,"y":0,"z":-3.141592653589793},"scale":{"x":16,"y":16,"z":16}},{"class":"bounce","position":{"x":3072,"y":1272,"z":0},"rotation":{"x":0,"y":0,"z":0},"scale":{"x":32,"y":16,"z":16}},{"class":"bounce","position":{"x":2928,"y":1376,"z":0},"rotation":{"x":0,"y":0,"z":0},"scale":{"x":32,"y":16,"z":16}},{"class":"bounce","position":{"x":3008,"y":1448,"z":0},"rotation":{"x":0,"y":0,"z":0},"scale":{"x":32,"y":16,"z":16}},{"class":"spike","position":{"x":3064,"y":1384,"z":0},"rotation":{"x":0,"y":0,"z":0},"scale":{"x":16,"y":16,"z":16}},{"class":"spike","position":{"x":3080,"y":1384,"z":0},"rotation":{"x":0,"y":0,"z":0},"scale":{"x":16,"y":16,"z":16}},{"class":"spike","position":{"x":3080,"y":1384,"z":0},"rotation":{"x":0,"y":0,"z":-3.141592653589793},"scale":{"x":16,"y":16,"z":16}},{"class":"spike","position":{"x":3064,"y":1384,"z":0},"rotation":{"x":0,"y":0,"z":-3.141592653589793},"scale":{"x":16,"y":16,"z":16}},{"class":"spike","position":{"x":2944,"y":1280,"z":0},"rotation":{"x":0,"y":0,"z":0},"scale":{"x":16,"y":16,"z":16}},{"class":"spike","position":{"x":2960,"y":1280,"z":0},"rotation":{"x":0,"y":0,"z":0},"scale":{"x":16,"y":16,"z":16}},{"class":"finish","position":{"x":2968,"y":1584,"z":0},"rotation":{"x":0,"y":0,"z":0},"scale":{"x":16,"y":16,"z":16}},{"class":"finish","position":{"x":2984,"y":1584,"z":0},"rotation":{"x":0,"y":0,"z":0},"scale":{"x":16,"y":16,"z":16}},{"class":"tip","position":{"x":3288,"y":1496,"z":0},"rotation":{"x":0,"y":0,"z":0},"scale":{"x":16,"y":16,"z":16},"text":"What should I put here lol?"},{"class":"tip","position":{"x":3296,"y":1480,"z":0},"rotation":{"x":0,"y":0,"z":0},"scale":{"x":16,"y":16,"z":16},"text":"No seriously I want to add more"},{"class":"tip","position":{"x":3304,"y":1464,"z":0},"rotation":{"x":0,"y":0,"z":0},"scale":{"x":16,"y":16,"z":16},"text":"Please ping @rubymaster13 on the Discord with ideas"}]}