{"name":"The Escape","theme":"workshop","children":[{"class":"player","position":{"x":0,"y":-8,"z":0},"rotation":{"x":0,"y":0,"z":0},"scale":{"x":16,"y":16,"z":16},"isStatic":false,"friction":0},{"class":"cube","position":{"x":-560,"y":-328,"z":0},"rotation":{"x":0,"y":0,"z":0},"scale":{"x":504,"y":80,"z":16}},{"class":"control","position":{"x":0,"y":-32,"z":0},"rotation":{"x":0,"y":0,"z":0},"scale":{"x":16,"y":16,"z":16}},{"class":"tip","position":{"x":-56,"y":-32,"z":0},"rotation":{"x":0,"y":0,"z":0},"scale":{"x":16,"y":16,"z":16},"text":"The enemies are coming! Get away quick!"},{"class":"tip","position":{"x":-24,"y":-32,"z":0},"rotation":{"x":0,"y":0,"z":0},"scale":{"x":16,"y":16,"z":16},"text":"Part 1: The Escape"},{"class":"cube","position":{"x":-56,"y":136,"z":0},"rotation":{"x":0,"y":0,"z":0},"scale":{"x":24,"y":24,"z":16}},{"class":"cube","position":{"x":56,"y":64,"z":0},"rotation":{"x":0,"y":0,"z":0.2617993877991494},"scale":{"x":56,"y":16,"z":16}},{"class":"cube","position":{"x":80,"y":248,"z":0},"rotation":{"x":0,"y":0,"z":0},"scale":{"x":8,"y":48,"z":16}},{"class":"cube","position":{"x":72,"y":288,"z":0},"rotation":{"x":0,"y":0,"z":0.2617993877991494},"scale":{"x":8,"y":48,"z":16}},{"class":"cube","position":{"x":64,"y":328,"z":0},"rotation":{"x":0,"y":0,"z":0},"scale":{"x":8,"y":48,"z":16}},{"class":"cube","position":{"x":72,"y":368,"z":0},"rotation":{"x":0,"y":0,"z":-0.2617993877991494},"scale":{"x":8,"y":48,"z":16}},{"class":"cube","position":{"x":80,"y":408,"z":0},"rotation":{"x":0,"y":0,"z":-0.2617993877991494},"scale":{"x":8,"y":48,"z":16}},{"class":"cube","position":{"x":88,"y":440,"z":0},"rotation":{"x":0,"y":0,"z":0},"scale":{"x":8,"y":48,"z":16}},{"class":"cube","position":{"x":88,"y":472,"z":0},"rotation":{"x":0,"y":0,"z":0},"scale":{"x":8,"y":48,"z":16}},{"class":"cube","position":{"x":80,"y":232,"z":0},"rotation":{"x":0,"y":0,"z":0},"scale":{"x":40,"y":8,"z":16}},{"class":"cube","position":{"x":80,"y":232,"z":0},"rotation":{"x":0,"y":0,"z":0},"scale":{"x":40,"y":8,"z":16}},{"class":"cube","position":{"x":80,"y":248,"z":0},"rotation":{"x":0,"y":0,"z":0},"scale":{"x":40,"y":8,"z":16}},{"class":"cube","position":{"x":72,"y":280,"z":0},"rotation":{"x":0,"y":0,"z":0},"scale":{"x":40,"y":8,"z":16}},{"class":"cube","position":{"x":72,"y":280,"z":0},"rotation":{"x":0,"y":0,"z":0},"scale":{"x":40,"y":8,"z":16}},{"class":"cube","position":{"x":64,"y":312,"z":0},"rotation":{"x":0,"y":0,"z":0},"scale":{"x":40,"y":8,"z":16}},{"class":"cube","position":{"x":64,"y":312,"z":0},"rotation":{"x":0,"y":0,"z":0},"scale":{"x":40,"y":8,"z":16}},{"class":"cube","position":{"x":64,"y":328,"z":0},"rotation":{"x":0,"y":0,"z":0},"scale":{"x":40,"y":8,"z":16}},{"class":"cube","position":{"x":72,"y":360,"z":0},"rotation":{"x":0,"y":0,"z":0},"scale":{"x":40,"y":8,"z":16}},{"class":"cube","position":{"x":72,"y":360,"z":0},"rotation":{"x":0,"y":0,"z":0},"scale":{"x":40,"y":8,"z":16}},{"class":"cube","position":{"x":80,"y":392,"z":0},"rotation":{"x":0,"y":0,"z":0},"scale":{"x":40,"y":8,"z":16}},{"class":"cube","position":{"x":80,"y":392,"z":0},"rotation":{"x":0,"y":0,"z":0},"scale":{"x":40,"y":8,"z":16}},{"class":"cube","position":{"x":88,"y":424,"z":0},"rotation":{"x":0,"y":0,"z":0},"scale":{"x":40,"y":8,"z":16}},{"class":"cube","position":{"x":88,"y":424,"z":0},"rotation":{"x":0,"y":0,"z":0},"scale":{"x":40,"y":8,"z":16}},{"class":"cube","position":{"x":88,"y":440,"z":0},"rotation":{"x":0,"y":0,"z":0},"scale":{"x":40,"y":8,"z":16}},{"class":"cube","position":{"x":88,"y":456,"z":0},"rotation":{"x":0,"y":0,"z":0},"scale":{"x":40,"y":8,"z":16}},{"class":"cube","position":{"x":88,"y":472,"z":0},"rotation":{"x":0,"y":0,"z":0},"scale":{"x":40,"y":8,"z":16}},{"class":"cube","position":{"x":80,"y":264,"z":0},"rotation":{"x":0,"y":0,"z":0},"scale":{"x":40,"y":8,"z":16}},{"class":"cube","position":{"x":72,"y":296,"z":0},"rotation":{"x":0,"y":0,"z":0},"scale":{"x":40,"y":8,"z":16}},{"class":"cube","position":{"x":64,"y":344,"z":0},"rotation":{"x":0,"y":0,"z":0},"scale":{"x":40,"y":8,"z":16}},{"class":"cube","position":{"x":72,"y":376,"z":0},"rotation":{"x":0,"y":0,"z":0},"scale":{"x":40,"y":8,"z":16}},{"class":"cube","position":{"x":80,"y":408,"z":0},"rotation":{"x":0,"y":0,"z":0},"scale":{"x":40,"y":8,"z":16}},{"class":"cube","position":{"x":80,"y":496,"z":0},"rotation":{"x":0,"y":0,"z":0},"scale":{"x":144,"y":16,"z":16}},{"class":"cube","position":{"x":40,"y":520,"z":0},"rotation":{"x":0,"y":0,"z":0},"scale":{"x":16,"y":48,"z":16}},{"class":"cube","position":{"x":120,"y":520,"z":0},"rotation":{"x":0,"y":0,"z":0},"scale":{"x":16,"y":48,"z":16}},{"class":"cube","position":{"x":80,"y":552,"z":0},"rotation":{"x":0,"y":0,"z":0},"scale":{"x":144,"y":16,"z":16}},{"class":"cube","position":{"x":160,"y":568,"z":0},"rotation":{"x":0,"y":0,"z":0},"scale":{"x":16,"y":16,"z":16}},{"class":"cube","position":{"x":176,"y":584,"z":0},"rotation":{"x":0,"y":0,"z":0},"scale":{"x":16,"y":16,"z":16}},{"class":"cube","position":{"x":176,"y":592,"z":0},"rotation":{"x":0,"y":0,"z":0},"scale":{"x":16,"y":16,"z":16}},{"class":"cube","position":{"x":176,"y":608,"z":0},"rotation":{"x":0,"y":0,"z":0},"scale":{"x":16,"y":16,"z":16}},{"class":"cube","position":{"x":176,"y":616,"z":0},"rotation":{"x":0,"y":0,"z":0},"scale":{"x":16,"y":16,"z":16}},{"class":"cube","position":{"x":160,"y":632,"z":0},"rotation":{"x":0,"y":0,"z":0},"scale":{"x":16,"y":16,"z":16}},{"class":"cube","position":{"x":152,"y":640,"z":0},"rotation":{"x":0,"y":0,"z":0},"scale":{"x":16,"y":16,"z":16}},{"class":"cube","position":{"x":144,"y":648,"z":0},"rotation":{"x":0,"y":0,"z":0},"scale":{"x":16,"y":16,"z":16}},{"class":"cube","position":{"x":128,"y":656,"z":0},"rotation":{"x":0,"y":0,"z":0},"scale":{"x":16,"y":16,"z":16}},{"class":"cube","position":{"x":112,"y":656,"z":0},"rotation":{"x":0,"y":0,"z":0},"scale":{"x":16,"y":16,"z":16}},{"class":"cube","position":{"x":48,"y":656,"z":0},"rotation":{"x":0,"y":0,"z":0},"scale":{"x":136,"y":16,"z":16}},{"class":"cube","position":{"x":-64,"y":640,"z":0},"rotation":{"x":0,"y":0,"z":0},"scale":{"x":96,"y":16,"z":16}},{"class":"cube","position":{"x":-64,"y":600,"z":0},"rotation":{"x":0,"y":0,"z":0},"scale":{"x":96,"y":16,"z":16}},{"class":"cube","position":{"x":8,"y":568,"z":0},"rotation":{"x":0,"y":0,"z":0},"scale":{"x":16,"y":16,"z":16}},{"class":"cube","position":{"x":-8,"y":584,"z":0},"rotation":{"x":0,"y":0,"z":0},"scale":{"x":16,"y":16,"z":16}},{"class":"cube","position":{"x":-120,"y":648,"z":0},"rotation":{"x":0,"y":0,"z":0},"scale":{"x":16,"y":16,"z":16}},{"class":"cube","position":{"x":-128,"y":664,"z":0},"rotation":{"x":0,"y":0,"z":0},"scale":{"x":16,"y":16,"z":16}},{"class":"cube","position":{"x":-144,"y":680,"z":0},"rotation":{"x":0,"y":0,"z":0},"scale":{"x":16,"y":16,"z":16}},{"class":"cube","position":{"x":-160,"y":664,"z":0},"rotation":{"x":0,"y":0,"z":0},"scale":{"x":16,"y":16,"z":16}},{"class":"cube","position":{"x":-160,"y":648,"z":0},"rotation":{"x":0,"y":0,"z":0},"scale":{"x":16,"y":16,"z":16}},{"class":"cube","position":{"x":-160,"y":632,"z":0},"rotation":{"x":0,"y":0,"z":0},"scale":{"x":16,"y":16,"z":16}},{"class":"cube","position":{"x":-160,"y":616,"z":0},"rotation":{"x":0,"y":0,"z":0},"scale":{"x":16,"y":16,"z":16}},{"class":"cube","position":{"x":-152,"y":600,"z":0},"rotation":{"x":0,"y":0,"z":0},"scale":{"x":16,"y":16,"z":16}},{"class":"cube","position":{"x":-136,"y":600,"z":0},"rotation":{"x":0,"y":0,"z":0},"scale":{"x":16,"y":16,"z":16}},{"class":"cube","position":{"x":-120,"y":600,"z":0},"rotation":{"x":0,"y":0,"z":0},"scale":{"x":16,"y":16,"z":16}},{"class":"spike","position":{"x":192,"y":600,"z":0},"rotation":{"x":0,"y":0,"z":-1.5707963267948963},"scale":{"x":32,"y":32,"z":16}},{"class":"cube","position":{"x":120,"y":592,"z":0},"rotation":{"x":0,"y":0,"z":0},"scale":{"x":8,"y":32,"z":16}},{"class":"cube","position":{"x":112,"y":568,"z":0},"rotation":{"x":0,"y":0,"z":-0.2617993877991494},"scale":{"x":8,"y":32,"z":16}},{"class":"cube","position":{"x":128,"y":568,"z":0},"rotation":{"x":0,"y":0,"z":0.2617993877991494},"scale":{"x":8,"y":32,"z":16}},{"class":"cube","position":{"x":120,"y":616,"z":0},"rotation":{"x":0,"y":0,"z":0},"scale":{"x":16,"y":16,"z":16}},{"class":"cube","position":{"x":120,"y":600,"z":0},"rotation":{"x":0,"y":0,"z":0},"scale":{"x":40,"y":8,"z":16}},{"class":"cube","position":{"x":88,"y":568,"z":0},"rotation":{"x":0,"y":0,"z":0},"scale":{"x":16,"y":16,"z":16}},{"class":"cube","position":{"x":72,"y":576,"z":0},"rotation":{"x":0,"y":0,"z":0},"scale":{"x":16,"y":16,"z":16}},{"class":"cube","position":{"x":64,"y":584,"z":0},"rotation":{"x":0,"y":0,"z":0},"scale":{"x":16,"y":16,"z":16}},{"class":"cube","position":{"x":64,"y":600,"z":0},"rotation":{"x":0,"y":0,"z":0},"scale":{"x":16,"y":16,"z":16}},{"class":"cube","position":{"x":80,"y":696,"z":0},"rotation":{"x":0,"y":0,"z":0},"scale":{"x":16,"y":64,"z":16}},{"class":"cube","position":{"x":40,"y":704,"z":0},"rotation":{"x":0,"y":0,"z":0.5235987755982987},"scale":{"x":88,"y":16,"z":16}},{"class":"cube","position":{"x":120,"y":752,"z":0},"rotation":{"x":0,"y":0,"z":0.5235987755982987},"scale":{"x":88,"y":16,"z":16}},{"class":"cube","position":{"x":120,"y":704,"z":0},"rotation":{"x":0,"y":0,"z":-0.523598775598299},"scale":{"x":88,"y":16,"z":16}},{"class":"cube","position":{"x":40,"y":752,"z":0},"rotation":{"x":0,"y":0,"z":-0.523598775598299},"scale":{"x":88,"y":16,"z":16}},{"class":"spike","position":{"x":392,"y":-32,"z":0},"rotation":{"x":0,"y":0,"z":1.5707963267948963},"scale":{"x":16,"y":16,"z":16}},{"class":"spike","position":{"x":392,"y":-32,"z":0},"rotation":{"x":0,"y":0,"z":1.5707963267948963},"scale":{"x":16,"y":16,"z":16}},{"class":"spike","position":{"x":392,"y":-16,"z":0},"rotation":{"x":0,"y":0,"z":1.5707963267948963},"scale":{"x":16,"y":16,"z":16}},{"class":"spike","position":{"x":392,"y":0,"z":0},"rotation":{"x":0,"y":0,"z":1.5707963267948963},"scale":{"x":16,"y":16,"z":16}},{"class":"spike","position":{"x":392,"y":16,"z":0},"rotation":{"x":0,"y":0,"z":1.5707963267948963},"scale":{"x":16,"y":16,"z":16}},{"class":"spike","position":{"x":392,"y":32,"z":0},"rotation":{"x":0,"y":0,"z":1.5707963267948963},"scale":{"x":16,"y":16,"z":16}},{"class":"spike","position":{"x":392,"y":48,"z":0},"rotation":{"x":0,"y":0,"z":1.5707963267948963},"scale":{"x":16,"y":16,"z":16}},{"class":"spike","position":{"x":392,"y":64,"z":0},"rotation":{"x":0,"y":0,"z":1.5707963267948963},"scale":{"x":16,"y":16,"z":16}},{"class":"spike","position":{"x":392,"y":80,"z":0},"rotation":{"x":0,"y":0,"z":1.5707963267948963},"scale":{"x":16,"y":16,"z":16}},{"class":"spike","position":{"x":392,"y":96,"z":0},"rotation":{"x":0,"y":0,"z":1.5707963267948963},"scale":{"x":16,"y":16,"z":16}},{"class":"spike","position":{"x":392,"y":112,"z":0},"rotation":{"x":0,"y":0,"z":1.5707963267948963},"scale":{"x":16,"y":16,"z":16}},{"class":"spike","position":{"x":392,"y":128,"z":0},"rotation":{"x":0,"y":0,"z":1.5707963267948963},"scale":{"x":16,"y":16,"z":16}},{"class":"spike","position":{"x":392,"y":144,"z":0},"rotation":{"x":0,"y":0,"z":1.5707963267948963},"scale":{"x":16,"y":16,"z":16}},{"class":"spike","position":{"x":392,"y":160,"z":0},"rotation":{"x":0,"y":0,"z":1.5707963267948963},"scale":{"x":16,"y":16,"z":16}},{"class":"spike","position":{"x":392,"y":176,"z":0},"rotation":{"x":0,"y":0,"z":1.5707963267948963},"scale":{"x":16,"y":16,"z":16}},{"class":"spike","position":{"x":392,"y":192,"z":0},"rotation":{"x":0,"y":0,"z":1.5707963267948963},"scale":{"x":16,"y":16,"z":16}},{"class":"spike","position":{"x":392,"y":208,"z":0},"rotation":{"x":0,"y":0,"z":1.5707963267948963},"scale":{"x":16,"y":16,"z":16}},{"class":"spike","position":{"x":392,"y":224,"z":0},"rotation":{"x":0,"y":0,"z":1.5707963267948963},"scale":{"x":16,"y":16,"z":16}},{"class":"spike","position":{"x":392,"y":240,"z":0},"rotation":{"x":0,"y":0,"z":1.5707963267948963},"scale":{"x":16,"y":16,"z":16}},{"class":"spike","position":{"x":392,"y":256,"z":0},"rotation":{"x":0,"y":0,"z":1.5707963267948963},"scale":{"x":16,"y":16,"z":16}},{"class":"spike","position":{"x":392,"y":272,"z":0},"rotation":{"x":0,"y":0,"z":1.5707963267948963},"scale":{"x":16,"y":16,"z":16}},{"class":"spike","position":{"x":392,"y":288,"z":0},"rotation":{"x":0,"y":0,"z":1.5707963267948963},"scale":{"x":16,"y":16,"z":16}},{"class":"spike","position":{"x":392,"y":304,"z":0},"rotation":{"x":0,"y":0,"z":1.5707963267948963},"scale":{"x":16,"y":16,"z":16}},{"class":"spike","position":{"x":392,"y":320,"z":0},"rotation":{"x":0,"y":0,"z":1.5707963267948963},"scale":{"x":16,"y":16,"z":16}},{"class":"spike","position":{"x":392,"y":336,"z":0},"rotation":{"x":0,"y":0,"z":1.5707963267948963},"scale":{"x":16,"y":16,"z":16}},{"class":"spike","position":{"x":392,"y":352,"z":0},"rotation":{"x":0,"y":0,"z":1.5707963267948963},"scale":{"x":16,"y":16,"z":16}},{"class":"spike","position":{"x":392,"y":368,"z":0},"rotation":{"x":0,"y":0,"z":1.5707963267948963},"scale":{"x":16,"y":16,"z":16}},{"class":"spike","position":{"x":392,"y":384,"z":0},"rotation":{"x":0,"y":0,"z":1.5707963267948963},"scale":{"x":16,"y":16,"z":16}},{"class":"spike","position":{"x":392,"y":400,"z":0},"rotation":{"x":0,"y":0,"z":1.5707963267948963},"scale":{"x":16,"y":16,"z":16}},{"class":"spike","position":{"x":392,"y":416,"z":0},"rotation":{"x":0,"y":0,"z":1.5707963267948963},"scale":{"x":16,"y":16,"z":16}},{"class":"spike","position":{"x":392,"y":432,"z":0},"rotation":{"x":0,"y":0,"z":1.5707963267948963},"scale":{"x":16,"y":16,"z":16}},{"class":"spike","position":{"x":392,"y":448,"z":0},"rotation":{"x":0,"y":0,"z":1.5707963267948963},"scale":{"x":16,"y":16,"z":16}},{"class":"spike","position":{"x":392,"y":464,"z":0},"rotation":{"x":0,"y":0,"z":1.5707963267948963},"scale":{"x":16,"y":16,"z":16}},{"class":"spike","position":{"x":392,"y":480,"z":0},"rotation":{"x":0,"y":0,"z":1.5707963267948963},"scale":{"x":16,"y":16,"z":16}},{"class":"spike","position":{"x":392,"y":496,"z":0},"rotation":{"x":0,"y":0,"z":1.5707963267948963},"scale":{"x":16,"y":16,"z":16}},{"class":"spike","position":{"x":392,"y":512,"z":0},"rotation":{"x":0,"y":0,"z":1.5707963267948963},"scale":{"x":16,"y":16,"z":16}},{"class":"spike","position":{"x":392,"y":528,"z":0},"rotation":{"x":0,"y":0,"z":1.5707963267948963},"scale":{"x":16,"y":16,"z":16}},{"class":"spike","position":{"x":392,"y":544,"z":0},"rotation":{"x":0,"y":0,"z":1.5707963267948963},"scale":{"x":16,"y":16,"z":16}},{"class":"spike","position":{"x":392,"y":560,"z":0},"rotation":{"x":0,"y":0,"z":1.5707963267948963},"scale":{"x":16,"y":16,"z":16}},{"class":"spike","position":{"x":392,"y":576,"z":0},"rotation":{"x":0,"y":0,"z":1.5707963267948963},"scale":{"x":16,"y":16,"z":16}},{"class":"spike","position":{"x":392,"y":592,"z":0},"rotation":{"x":0,"y":0,"z":1.5707963267948963},"scale":{"x":16,"y":16,"z":16}},{"class":"spike","position":{"x":392,"y":608,"z":0},"rotation":{"x":0,"y":0,"z":1.5707963267948963},"scale":{"x":16,"y":16,"z":16}},{"class":"spike","position":{"x":392,"y":624,"z":0},"rotation":{"x":0,"y":0,"z":1.5707963267948963},"scale":{"x":16,"y":16,"z":16}},{"class":"spike","position":{"x":392,"y":640,"z":0},"rotation":{"x":0,"y":0,"z":1.5707963267948963},"scale":{"x":16,"y":16,"z":16}},{"class":"spike","position":{"x":392,"y":656,"z":0},"rotation":{"x":0,"y":0,"z":1.5707963267948963},"scale":{"x":16,"y":16,"z":16}},{"class":"spike","position":{"x":392,"y":672,"z":0},"rotation":{"x":0,"y":0,"z":1.5707963267948963},"scale":{"x":16,"y":16,"z":16}},{"class":"spike","position":{"x":392,"y":688,"z":0},"rotation":{"x":0,"y":0,"z":1.5707963267948963},"scale":{"x":16,"y":16,"z":16}},{"class":"spike","position":{"x":392,"y":704,"z":0},"rotation":{"x":0,"y":0,"z":1.5707963267948963},"scale":{"x":16,"y":16,"z":16}},{"class":"spike","position":{"x":392,"y":720,"z":0},"rotation":{"x":0,"y":0,"z":1.5707963267948963},"scale":{"x":16,"y":16,"z":16}},{"class":"spike","position":{"x":392,"y":736,"z":0},"rotation":{"x":0,"y":0,"z":1.5707963267948963},"scale":{"x":16,"y":16,"z":16}},{"class":"spike","position":{"x":392,"y":752,"z":0},"rotation":{"x":0,"y":0,"z":1.5707963267948963},"scale":{"x":16,"y":16,"z":16}},{"class":"spike","position":{"x":392,"y":768,"z":0},"rotation":{"x":0,"y":0,"z":1.5707963267948963},"scale":{"x":16,"y":16,"z":16}},{"class":"spike","position":{"x":392,"y":784,"z":0},"rotation":{"x":0,"y":0,"z":1.5707963267948963},"scale":{"x":16,"y":16,"z":16}},{"class":"spike","position":{"x":392,"y":800,"z":0},"rotation":{"x":0,"y":0,"z":1.5707963267948963},"scale":{"x":16,"y":16,"z":16}},{"class":"spike","position":{"x":392,"y":816,"z":0},"rotation":{"x":0,"y":0,"z":1.5707963267948963},"scale":{"x":16,"y":16,"z":16}},{"class":"spike","position":{"x":392,"y":832,"z":0},"rotation":{"x":0,"y":0,"z":1.5707963267948963},"scale":{"x":16,"y":16,"z":16}},{"class":"spike","position":{"x":392,"y":848,"z":0},"rotation":{"x":0,"y":0,"z":1.5707963267948963},"scale":{"x":16,"y":16,"z":16}},{"class":"spike","position":{"x":392,"y":864,"z":0},"rotation":{"x":0,"y":0,"z":1.5707963267948963},"scale":{"x":16,"y":16,"z":16}},{"class":"spike","position":{"x":392,"y":880,"z":0},"rotation":{"x":0,"y":0,"z":1.5707963267948963},"scale":{"x":16,"y":16,"z":16}},{"class":"tip","position":{"x":280,"y":880,"z":0},"rotation":{"x":0,"y":0,"z":0},"scale":{"x":16,"y":16,"z":16},"text":"Oh look! A hole in the fence!"},{"class":"cube","position":{"x":392,"y":912,"z":0},"rotation":{"x":0,"y":0,"z":1.5707963267948963},"scale":{"x":16,"y":16,"z":16}},{"class":"cube","position":{"x":376,"y":912,"z":0},"rotation":{"x":0,"y":0,"z":0},"scale":{"x":16,"y":16,"z":16}},{"class":"cube","position":{"x":360,"y":912,"z":0},"rotation":{"x":0,"y":0,"z":0},"scale":{"x":16,"y":16,"z":16}},{"class":"cube","position":{"x":392,"y":984,"z":0},"rotation":{"x":0,"y":0,"z":1.5707963267948963},"scale":{"x":16,"y":16,"z":16}},{"class":"cube","position":{"x":376,"y":984,"z":0},"rotation":{"x":0,"y":0,"z":0},"scale":{"x":16,"y":16,"z":16}},{"class":"cube","position":{"x":360,"y":984,"z":0},"rotation":{"x":0,"y":0,"z":0},"scale":{"x":16,"y":16,"z":16}},{"class":"spike","position":{"x":392,"y":1000,"z":0},"rotation":{"x":0,"y":0,"z":1.570796326794897},"scale":{"x":16,"y":16,"z":16}},{"class":"spike","position":{"x":392,"y":1000,"z":0},"rotation":{"x":0,"y":0,"z":1.570796326794897},"scale":{"x":16,"y":16,"z":16}},{"class":"spike","position":{"x":392,"y":1016,"z":0},"rotation":{"x":0,"y":0,"z":1.570796326794897},"scale":{"x":16,"y":16,"z":16}},{"class":"spike","position":{"x":392,"y":1032,"z":0},"rotation":{"x":0,"y":0,"z":1.570796326794897},"scale":{"x":16,"y":16,"z":16}},{"class":"spike","position":{"x":392,"y":1048,"z":0},"rotation":{"x":0,"y":0,"z":1.570796326794897},"scale":{"x":16,"y":16,"z":16}},{"class":"spike","position":{"x":392,"y":1064,"z":0},"rotation":{"x":0,"y":0,"z":1.570796326794897},"scale":{"x":16,"y":16,"z":16}},{"class":"cube","position":{"x":392,"y":896,"z":0},"rotation":{"x":0,"y":0,"z":0},"scale":{"x":16,"y":16,"z":16}},{"class":"cube","position":{"x":496,"y":632,"z":0},"rotation":{"x":0,"y":0,"z":0},"scale":{"x":16,"y":784,"z":16}},{"class":"spike","position":{"x":408,"y":776,"z":0},"rotation":{"x":0,"y":0,"z":0},"scale":{"x":16,"y":16,"z":16}},{"class":"spike","position":{"x":480,"y":608,"z":0},"rotation":{"x":0,"y":0,"z":0},"scale":{"x":16,"y":16,"z":16}},{"class":"spike","position":{"x":408,"y":440,"z":0},"rotation":{"x":0,"y":0,"z":0},"scale":{"x":16,"y":16,"z":16}},{"class":"spike","position":{"x":480,"y":288,"z":0},"rotation":{"x":0,"y":0,"z":0},"scale":{"x":16,"y":16,"z":16}},{"class":"cube","position":{"x":512,"y":248,"z":0},"rotation":{"x":0,"y":0,"z":0},"scale":{"x":16,"y":16,"z":16}},{"class":"cube","position":{"x":496,"y":184,"z":0},"rotation":{"x":0,"y":0,"z":0},"scale":{"x":16,"y":16,"z":16}},{"class":"cube","position":{"x":512,"y":184,"z":0},"rotation":{"x":0,"y":0,"z":0},"scale":{"x":16,"y":16,"z":16}},{"class":"cube","position":{"x":496,"y":64,"z":0},"rotation":{"x":0,"y":0,"z":0},"scale":{"x":16,"y":232,"z":16}},{"class":"spike","position":{"x":416,"y":-32,"z":0},"rotation":{"x":0,"y":0,"z":0},"scale":{"x":16,"y":16,"z":16}},{"class":"spike","position":{"x":448,"y":-32,"z":0},"rotation":{"x":0,"y":0,"z":0},"scale":{"x":16,"y":16,"z":16}},{"class":"spike","position":{"x":480,"y":-32,"z":0},"rotation":{"x":0,"y":0,"z":0},"scale":{"x":16,"y":16,"z":16}},{"class":"spike","position":{"x":520,"y":-32,"z":0},"rotation":{"x":0,"y":0,"z":0},"scale":{"x":16,"y":16,"z":16}},{"class":"spike","position":{"x":544,"y":-32,"z":0},"rotation":{"x":0,"y":0,"z":0},"scale":{"x":16,"y":16,"z":16}},{"class":"cube","position":{"x":608,"y":496,"z":0},"rotation":{"x":0,"y":0,"z":0},"scale":{"x":16,"y":1088,"z":16}},{"class":"spike","position":{"x":592,"y":176,"z":0},"rotation":{"x":0,"y":0,"z":0},"scale":{"x":16,"y":16,"z":16}},{"class":"spike","position":{"x":512,"y":352,"z":0},"rotation":{"x":0,"y":0,"z":0},"scale":{"x":16,"y":16,"z":16}},{"class":"spike","position":{"x":592,"y":504,"z":0},"rotation":{"x":0,"y":0,"z":0},"scale":{"x":16,"y":16,"z":16}},{"class":"spike","position":{"x":512,"y":656,"z":0},"rotation":{"x":0,"y":0,"z":0},"scale":{"x":16,"y":16,"z":16}},{"class":"spike","position":{"x":592,"y":808,"z":0},"rotation":{"x":0,"y":0,"z":0},"scale":{"x":16,"y":16,"z":16}},{"class":"spike","position":{"x":512,"y":952,"z":0},"rotation":{"x":0,"y":0,"z":0},"scale":{"x":16,"y":16,"z":16}},{"class":"cube","position":{"x":448,"y":1016,"z":0},"rotation":{"x":0,"y":0,"z":0},"scale":{"x":-104,"y":16,"z":16}},{"class":"spike","position":{"x":576,"y":-32,"z":0},"rotation":{"x":0,"y":0,"z":0},"scale":{"x":16,"y":16,"z":16}},{"class":"cube","position":{"x":888,"y":-80,"z":0},"rotation":{"x":0,"y":0,"z":0},"scale":{"x":112,"y":80,"z":16}},{"class":"cube","position":{"x":816,"y":-208,"z":0},"rotation":{"x":0,"y":0,"z":0},"scale":{"x":256,"y":80,"z":16}},{"class":"cube","position":{"x":920,"y":-152,"z":0},"rotation":{"x":0,"y":0,"z":0},"scale":{"x":48,"y":72,"z":16}},{"class":"checkpoint","position":{"x":880,"y":-152,"z":0},"rotation":{"x":0,"y":0,"z":0},"scale":{"x":16,"y":16,"z":16}},{"class":"control","position":{"x":880,"y":-152,"z":0},"rotation":{"x":0,"y":0,"z":0},"scale":{"x":16,"y":16,"z":16}},{"class":"tip","position":{"x":800,"y":-144,"z":0},"rotation":{"x":0,"y":0,"z":0},"scale":{"x":16,"y":16,"z":16},"text":"Part 2: The Sewers"},{"class":"spike","position":{"x":664,"y":-176,"z":0},"rotation":{"x":0,"y":0,"z":0},"scale":{"x":16,"y":16,"z":16}},{"class":"spike","position":{"x":648,"y":-176,"z":0},"rotation":{"x":0,"y":0,"z":0},"scale":{"x":16,"y":16,"z":16}},{"class":"spike","position":{"x":680,"y":-176,"z":0},"rotation":{"x":0,"y":0,"z":0},"scale":{"x":16,"y":16,"z":16}},{"class":"spike","position":{"x":632,"y":-176,"z":0},"rotation":{"x":0,"y":0,"z":0},"scale":{"x":16,"y":16,"z":16}},{"class":"spike","position":{"x":616,"y":-176,"z":0},"rotation":{"x":0,"y":0,"z":0},"scale":{"x":16,"y":16,"z":16}},{"class":"spike","position":{"x":600,"y":-176,"z":0},"rotation":{"x":0,"y":0,"z":0},"scale":{"x":16,"y":16,"z":16}},{"class":"spike","position":{"x":584,"y":-176,"z":0},"rotation":{"x":0,"y":0,"z":0},"scale":{"x":16,"y":16,"z":16}},{"class":"spike","position":{"x":568,"y":-176,"z":0},"rotation":{"x":0,"y":0,"z":0},"scale":{"x":16,"y":16,"z":16}},{"class":"spike","position":{"x":552,"y":-176,"z":0},"rotation":{"x":0,"y":0,"z":0},"scale":{"x":16,"y":16,"z":16}},{"class":"spike","position":{"x":536,"y":-176,"z":0},"rotation":{"x":0,"y":0,"z":0},"scale":{"x":16,"y":16,"z":16}},{"class":"spike","position":{"x":520,"y":-176,"z":0},"rotation":{"x":0,"y":0,"z":0},"scale":{"x":16,"y":16,"z":16}},{"class":"spike","position":{"x":504,"y":-176,"z":0},"rotation":{"x":0,"y":0,"z":0},"scale":{"x":16,"y":16,"z":16}},{"class":"spike","position":{"x":488,"y":-176,"z":0},"rotation":{"x":0,"y":0,"z":0},"scale":{"x":16,"y":16,"z":16}},{"class":"spike","position":{"x":472,"y":-176,"z":0},"rotation":{"x":0,"y":0,"z":0},"scale":{"x":16,"y":16,"z":16}},{"class":"cube","position":{"x":456,"y":-200,"z":0},"rotation":{"x":0,"y":0,"z":0},"scale":{"x":16,"y":40,"z":16}},{"class":"cube","position":{"x":568,"y":-224,"z":0},"rotation":{"x":0,"y":0,"z":0},"scale":{"x":240,"y":16,"z":16}},{"class":"cube","position":{"x":376,"y":-232,"z":0},"rotation":{"x":0,"y":0,"z":0},"scale":{"x":16,"y":240,"z":16}},{"class":"spike","position":{"x":400,"y":-344,"z":0},"rotation":{"x":0,"y":0,"z":0},"scale":{"x":16,"y":16,"z":16}},{"class":"spike","position":{"x":432,"y":-328,"z":0},"rotation":{"x":0,"y":0,"z":0},"scale":{"x":16,"y":16,"z":16}},{"class":"spike","position":{"x":448,"y":-320,"z":0},"rotation":{"x":0,"y":0,"z":0},"scale":{"x":16,"y":16,"z":16}},{"class":"spike","position":{"x":464,"y":-312,"z":0},"rotation":{"x":0,"y":0,"z":0},"scale":{"x":16,"y":16,"z":16}},{"class":"spike","position":{"x":480,"y":-304,"z":0},"rotation":{"x":0,"y":0,"z":0},"scale":{"x":16,"y":16,"z":16}},{"class":"spike","position":{"x":496,"y":-296,"z":0},"rotation":{"x":0,"y":0,"z":0},"scale":{"x":16,"y":16,"z":16}},{"class":"spike","position":{"x":528,"y":-296,"z":0},"rotation":{"x":0,"y":0,"z":0},"scale":{"x":16,"y":16,"z":16}},{"class":"spike","position":{"x":512,"y":-296,"z":0},"rotation":{"x":0,"y":0,"z":0},"scale":{"x":16,"y":16,"z":16}},{"class":"spike","position":{"x":544,"y":-296,"z":0},"rotation":{"x":0,"y":0,"z":0},"scale":{"x":16,"y":16,"z":16}},{"class":"spike","position":{"x":560,"y":-296,"z":0},"rotation":{"x":0,"y":0,"z":0},"scale":{"x":16,"y":16,"z":16}},{"class":"spike","position":{"x":576,"y":-296,"z":0},"rotation":{"x":0,"y":0,"z":0},"scale":{"x":16,"y":16,"z":16}},{"class":"spike","position":{"x":592,"y":-296,"z":0},"rotation":{"x":0,"y":0,"z":0},"scale":{"x":16,"y":16,"z":16}},{"class":"spike","position":{"x":608,"y":-296,"z":0},"rotation":{"x":0,"y":0,"z":0},"scale":{"x":16,"y":16,"z":16}},{"class":"spike","position":{"x":624,"y":-296,"z":0},"rotation":{"x":0,"y":0,"z":0},"scale":{"x":16,"y":16,"z":16}},{"class":"spike","position":{"x":416,"y":-336,"z":0},"rotation":{"x":0,"y":0,"z":0},"scale":{"x":16,"y":16,"z":16}},{"class":"spike","position":{"x":384,"y":-352,"z":0},"rotation":{"x":0,"y":0,"z":0},"scale":{"x":16,"y":16,"z":16}},{"class":"cube","position":{"x":712,"y":-312,"z":0},"rotation":{"x":0,"y":0,"z":0},"scale":{"x":160,"y":16,"z":16}},{"class":"spike","position":{"x":800,"y":-312,"z":0},"rotation":{"x":0,"y":0,"z":-1.5707963267948963},"scale":{"x":16,"y":16,"z":16}},{"class":"spike","position":{"x":448,"y":-336,"z":0},"rotation":{"x":0,"y":0,"z":-3.141592653589793},"scale":{"x":16,"y":16,"z":16}},{"class":"cube","position":{"x":288,"y":-176,"z":0},"rotation":{"x":0,"y":0,"z":0},"scale":{"x":120,"y":16,"z":16}},{"class":"cube","position":{"x":224,"y":-192,"z":0},"rotation":{"x":0,"y":0,"z":0},"scale":{"x":16,"y":16,"z":16}},{"class":"cube","position":{"x":208,"y":-200,"z":0},"rotation":{"x":0,"y":0,"z":0},"scale":{"x":16,"y":16,"z":16}},{"class":"cube","position":{"x":192,"y":-208,"z":0},"rotation":{"x":0,"y":0,"z":0},"scale":{"x":16,"y":16,"z":16}},{"class":"cube","position":{"x":176,"y":-224,"z":0},"rotation":{"x":0,"y":0,"z":0},"scale":{"x":16,"y":16,"z":16}},{"class":"cube","position":{"x":160,"y":-240,"z":0},"rotation":{"x":0,"y":0,"z":0},"scale":{"x":16,"y":16,"z":16}},{"class":"cube","position":{"x":152,"y":-256,"z":0},"rotation":{"x":0,"y":0,"z":0},"scale":{"x":16,"y":16,"z":16}},{"class":"cube","position":{"x":152,"y":-272,"z":0},"rotation":{"x":0,"y":0,"z":0},"scale":{"x":16,"y":16,"z":16}},{"class":"cube","position":{"x":152,"y":-288,"z":0},"rotation":{"x":0,"y":0,"z":0},"scale":{"x":16,"y":16,"z":16}},{"class":"cube","position":{"x":136,"y":-304,"z":0},"rotation":{"x":0,"y":0,"z":0},"scale":{"x":16,"y":16,"z":16}},{"class":"cube","position":{"x":312,"y":-240,"z":0},"rotation":{"x":0,"y":0,"z":0},"scale":{"x":120,"y":16,"z":16}},{"class":"cube","position":{"x":248,"y":-248,"z":0},"rotation":{"x":0,"y":0,"z":0},"scale":{"x":16,"y":16,"z":16}},{"class":"cube","position":{"x":232,"y":-256,"z":0},"rotation":{"x":0,"y":0,"z":0},"scale":{"x":16,"y":16,"z":16}},{"class":"cube","position":{"x":224,"y":-272,"z":0},"rotation":{"x":0,"y":0,"z":0},"scale":{"x":16,"y":16,"z":16}},{"class":"cube","position":{"x":224,"y":-288,"z":0},"rotation":{"x":0,"y":0,"z":0},"scale":{"x":16,"y":16,"z":16}},{"class":"cube","position":{"x":232,"y":-304,"z":0},"rotation":{"x":0,"y":0,"z":0},"scale":{"x":16,"y":16,"z":16}},{"class":"cube","position":{"x":168,"y":-336,"z":0},"rotation":{"x":0,"y":0,"z":-0.2617993877991494},"scale":{"x":16,"y":16,"z":16}},{"class":"cube","position":{"x":216,"y":-336,"z":0},"rotation":{"x":0,"y":0,"z":0.7853981633974484},"scale":{"x":16,"y":16,"z":16}},{"class":"cube","position":{"x":160,"y":-368,"z":0},"rotation":{"x":0,"y":0,"z":0},"scale":{"x":16,"y":16,"z":16}},{"class":"cube","position":{"x":192,"y":-376,"z":0},"rotation":{"x":0,"y":0,"z":-0.2617993877991494},"scale":{"x":16,"y":16,"z":16}},{"class":"cube","position":{"x":224,"y":-392,"z":0},"rotation":{"x":0,"y":0,"z":0.7853981633974484},"scale":{"x":16,"y":16,"z":16}},{"class":"cube","position":{"x":160,"y":-400,"z":0},"rotation":{"x":0,"y":0,"z":1.0471975511965976},"scale":{"x":16,"y":16,"z":16}},{"class":"cube","position":{"x":128,"y":-360,"z":0},"rotation":{"x":0,"y":0,"z":-0.2617993877991494},"scale":{"x":16,"y":16,"z":16}},{"class":"cube","position":{"x":200,"y":-416,"z":0},"rotation":{"x":0,"y":0,"z":0},"scale":{"x":16,"y":16,"z":16}},{"class":"cube","position":{"x":160,"y":-440,"z":0},"rotation":{"x":0,"y":0,"z":0.7853981633974484},"scale":{"x":16,"y":16,"z":16}},{"class":"cube","position":{"x":192,"y":-248,"z":0},"rotation":{"x":0,"y":0,"z":0},"scale":{"x":8,"y":8,"z":16}},{"class":"cube","position":{"x":208,"y":-288,"z":0},"rotation":{"x":0,"y":0,"z":0},"scale":{"x":8,"y":8,"z":16}},{"class":"cube","position":{"x":168,"y":-272,"z":0},"rotation":{"x":0,"y":0,"z":0},"scale":{"x":8,"y":8,"z":16}},{"class":"cube","position":{"x":176,"y":-304,"z":0},"rotation":{"x":0,"y":0,"z":0},"scale":{"x":8,"y":8,"z":16}},{"class":"cube","position":{"x":224,"y":-216,"z":0},"rotation":{"x":0,"y":0,"z":0},"scale":{"x":8,"y":8,"z":16}},{"class":"cube","position":{"x":256,"y":-216,"z":0},"rotation":{"x":0,"y":0,"z":0},"scale":{"x":8,"y":8,"z":16}},{"class":"cube","position":{"x":296,"y":-200,"z":0},"rotation":{"x":0,"y":0,"z":0},"scale":{"x":8,"y":8,"z":16}},{"class":"cube","position":{"x":336,"y":-216,"z":0},"rotation":{"x":0,"y":0,"z":0},"scale":{"x":8,"y":8,"z":16}},{"class":"cube","position":{"x":264,"y":-192,"z":0},"rotation":{"x":0,"y":0,"z":0},"scale":{"x":8,"y":8,"z":16}},{"class":"cube","position":{"x":120,"y":-416,"z":0},"rotation":{"x":0,"y":0,"z":0},"scale":{"x":16,"y":16,"z":16}},{"class":"cube","position":{"x":200,"y":-456,"z":0},"rotation":{"x":0,"y":0,"z":-0.2617993877991494},"scale":{"x":16,"y":16,"z":16}},{"class":"cube","position":{"x":232,"y":-440,"z":0},"rotation":{"x":0,"y":0,"z":0},"scale":{"x":16,"y":16,"z":16}},{"class":"tip","position":{"x":216,"y":-232,"z":0},"rotation":{"x":0,"y":0,"z":0},"scale":{"x":16,"y":16,"z":16},"text":"Wading through sewage :/"},{"class":"spike","position":{"x":120,"y":-280,"z":0},"rotation":{"x":0,"y":0,"z":1.8325957145940464},"scale":{"x":16,"y":64,"z":16}},{"class":"spike","position":{"x":960,"y":-144,"z":0},"rotation":{"x":0,"y":0,"z":-1.5707963267948963},"scale":{"x":16,"y":48,"z":16}},{"class":"spike","position":{"x":960,"y":-208,"z":0},"rotation":{"x":0,"y":0,"z":-1.5707963267948963},"scale":{"x":16,"y":48,"z":16}},{"class":"spike","position":{"x":960,"y":-72,"z":0},"rotation":{"x":0,"y":0,"z":-1.5707963267948963},"scale":{"x":16,"y":48,"z":16}},{"class":"spike","position":{"x":944,"y":-256,"z":0},"rotation":{"x":0,"y":0,"z":-2.617993877991494},"scale":{"x":16,"y":64,"z":16}},{"class":"control","position":{"x":232,"y":-144,"z":0},"rotation":{"x":0,"y":0,"z":0},"scale":{"x":16,"y":56,"z":16}},{"class":"cube","position":{"x":144,"y":-240,"z":0},"rotation":{"x":0,"y":0,"z":0},"scale":{"x":16,"y":16,"z":16}},{"class":"cube","position":{"x":128,"y":-240,"z":0},"rotation":{"x":0,"y":0,"z":0},"scale":{"x":16,"y":16,"z":16}},{"class":"grapple","position":{"x":144,"y":-224,"z":0},"rotation":{"x":0,"y":0,"z":0},"scale":{"x":48,"y":16,"z":16}},{"class":"cube","position":{"x":112,"y":-224,"z":0},"rotation":{"x":0,"y":0,"z":0},"scale":{"x":16,"y":16,"z":16}},{"class":"cube","position":{"x":112,"y":-160,"z":0},"rotation":{"x":0,"y":0,"z":0},"scale":{"x":16,"y":96,"z":16}},{"class":"cube","position":{"x":88,"y":-168,"z":0},"rotation":{"x":0,"y":0,"z":0},"scale":{"x":16,"y":80,"z":16}},{"class":"cube","position":{"x":88,"y":-216,"z":0},"rotation":{"x":0,"y":0,"z":0},"scale":{"x":16,"y":16,"z":16}},{"class":"cube","position":{"x":104,"y":-224,"z":0},"rotation":{"x":0,"y":0,"z":0},"scale":{"x":16,"y":16,"z":16}},{"class":"cube","position":{"x":88,"y":-224,"z":0},"rotation":{"x":0,"y":0,"z":0},"scale":{"x":16,"y":16,"z":16}},{"class":"cube","position":{"x":40,"y":-136,"z":0},"rotation":{"x":0,"y":0,"z":0.7853981633974484},"scale":{"x":64,"y":16,"z":16}},{"class":"cube","position":{"x":64,"y":-160,"z":0},"rotation":{"x":0,"y":0,"z":0.7853981633974484},"scale":{"x":64,"y":16,"z":16}},{"class":"cube","position":{"x":56,"y":-152,"z":0},"rotation":{"x":0,"y":0,"z":0.7853981633974484},"scale":{"x":56,"y":16,"z":16}},{"class":"cube","position":{"x":80,"y":-136,"z":0},"rotation":{"x":0,"y":0,"z":0},"scale":{"x":16,"y":16,"z":16}},{"class":"cube","position":{"x":16,"y":-160,"z":0},"rotation":{"x":0,"y":0,"z":0},"scale":{"x":16,"y":96,"z":16}},{"class":"cube","position":{"x":24,"y":-128,"z":0},"rotation":{"x":0,"y":0,"z":0},"scale":{"x":40,"y":24,"z":16}},{"class":"cube","position":{"x":48,"y":-120,"z":0},"rotation":{"x":0,"y":0,"z":0},"scale":{"x":16,"y":16,"z":16}},{"class":"cube","position":{"x":40,"y":-192,"z":0},"rotation":{"x":0,"y":0,"z":0},"scale":{"x":16,"y":48,"z":16}},{"class":"cube","position":{"x":32,"y":-224,"z":0},"rotation":{"x":0,"y":0,"z":0},"scale":{"x":120,"y":16,"z":16}},{"class":"cube","position":{"x":64,"y":-192,"z":0},"rotation":{"x":0,"y":0,"z":0},"scale":{"x":40,"y":80,"z":16}},{"class":"cube","position":{"x":-8,"y":-160,"z":0},"rotation":{"x":0,"y":0,"z":0},"scale":{"x":40,"y":96,"z":16}},{"class":"cube","position":{"x":-112,"y":-200,"z":0},"rotation":{"x":0,"y":0,"z":0},"scale":{"x":72,"y":72,"z":16}},{"class":"control","position":{"x":-96,"y":-144,"z":0},"rotation":{"x":0,"y":0,"z":0},"scale":{"x":16,"y":24,"z":16}},{"class":"cube","position":{"x":-136,"y":-112,"z":0},"rotation":{"x":0,"y":0,"z":-0.5235987755982987},"scale":{"x":16,"y":16,"z":16}},{"class":"cube","position":{"x":-104,"y":-120,"z":0},"rotation":{"x":0,"y":0,"z":-0.7853981633974482},"scale":{"x":16,"y":16,"z":16}},{"class":"cube","position":{"x":-56,"y":-120,"z":0},"rotation":{"x":0,"y":0,"z":0},"scale":{"x":8,"y":16,"z":16}},{"class":"cube","position":{"x":-24,"y":-144,"z":0},"rotation":{"x":0,"y":0,"z":-1.0471975511965976},"scale":{"x":16,"y":16,"z":16}},{"class":"cube","position":{"x":-88,"y":-168,"z":0},"rotation":{"x":0,"y":0,"z":-0.7853981633974484},"scale":{"x":16,"y":16,"z":16}},{"class":"cube","position":{"x":-80,"y":-192,"z":0},"rotation":{"x":0,"y":0,"z":-0.5235987755982987},"scale":{"x":8,"y":8,"z":16}},{"class":"cube","position":{"x":-144,"y":-160,"z":0},"rotation":{"x":0,"y":0,"z":-1.308996938995747},"scale":{"x":16,"y":8,"z":16}},{"class":"cube","position":{"x":-144,"y":-208,"z":0},"rotation":{"x":0,"y":0,"z":-0.2617993877991494},"scale":{"x":16,"y":16,"z":16}},{"class":"cube","position":{"x":-136,"y":-232,"z":0},"rotation":{"x":0,"y":0,"z":-1.0471975511965974},"scale":{"x":16,"y":8,"z":16}},{"class":"cube","position":{"x":-32,"y":-224,"z":0},"rotation":{"x":0,"y":0,"z":0},"scale":{"x":16,"y":16,"z":16}},{"class":"spike","position":{"x":-88,"y":-240,"z":0},"rotation":{"x":0,"y":0,"z":-1.5707963267948963},"scale":{"x":16,"y":16,"z":16}},{"class":"spike","position":{"x":-32,"y":-240,"z":0},"rotation":{"x":0,"y":0,"z":1.5707963267948963},"scale":{"x":16,"y":16,"z":16}},{"class":"spike","position":{"x":-88,"y":-280,"z":0},"rotation":{"x":0,"y":0,"z":-1.5707963267948963},"scale":{"x":16,"y":16,"z":16}},{"class":"spike","position":{"x":-88,"y":-280,"z":0},"rotation":{"x":0,"y":0,"z":-1.5707963267948963},"scale":{"x":16,"y":16,"z":16}},{"class":"spike","position":{"x":-88,"y":-264,"z":0},"rotation":{"x":0,"y":0,"z":-1.5707963267948963},"scale":{"x":16,"y":16,"z":16}},{"class":"spike","position":{"x":-32,"y":-280,"z":0},"rotation":{"x":0,"y":0,"z":1.5707963267948963},"scale":{"x":16,"y":16,"z":16}},{"class":"spike","position":{"x":-32,"y":-280,"z":0},"rotation":{"x":0,"y":0,"z":1.5707963267948963},"scale":{"x":16,"y":16,"z":16}},{"class":"spike","position":{"x":-32,"y":-264,"z":0},"rotation":{"x":0,"y":0,"z":1.5707963267948963},"scale":{"x":16,"y":16,"z":16}},{"class":"spike","position":{"x":-88,"y":-248,"z":0},"rotation":{"x":0,"y":0,"z":-1.5707963267948963},"scale":{"x":16,"y":16,"z":16}},{"class":"spike","position":{"x":-32,"y":-248,"z":0},"rotation":{"x":0,"y":0,"z":1.5707963267948963},"scale":{"x":16,"y":16,"z":16}},{"class":"cube","position":{"x":-176,"y":-128,"z":0},"rotation":{"x":0,"y":0,"z":0},"scale":{"x":16,"y":16,"z":16}},{"class":"cube","position":{"x":-184,"y":-144,"z":0},"rotation":{"x":0,"y":0,"z":0},"scale":{"x":16,"y":16,"z":16}},{"class":"cube","position":{"x":-184,"y":-160,"z":0},"rotation":{"x":0,"y":0,"z":0},"scale":{"x":16,"y":16,"z":16}},{"class":"cube","position":{"x":-192,"y":-176,"z":0},"rotation":{"x":0,"y":0,"z":0},"scale":{"x":16,"y":16,"z":16}},{"class":"cube","position":{"x":-192,"y":-192,"z":0},"rotation":{"x":0,"y":0,"z":0},"scale":{"x":16,"y":16,"z":16}},{"class":"cube","position":{"x":-208,"y":-200,"z":0},"rotation":{"x":0,"y":0,"z":0},"scale":{"x":16,"y":16,"z":16}},{"class":"cube","position":{"x":-208,"y":-216,"z":0},"rotation":{"x":0,"y":0,"z":0},"scale":{"x":16,"y":16,"z":16}},{"class":"cube","position":{"x":-200,"y":-232,"z":0},"rotation":{"x":0,"y":0,"z":0},"scale":{"x":16,"y":16,"z":16}},{"class":"cube","position":{"x":-184,"y":-248,"z":0},"rotation":{"x":0,"y":0,"z":0},"scale":{"x":16,"y":16,"z":16}},{"class":"cube","position":{"x":-240,"y":-256,"z":0},"rotation":{"x":0,"y":0,"z":0},"scale":{"x":16,"y":16,"z":16}},{"class":"cube","position":{"x":-256,"y":-248,"z":0},"rotation":{"x":0,"y":0,"z":0},"scale":{"x":16,"y":16,"z":16}},{"class":"cube","position":{"x":-256,"y":-232,"z":0},"rotation":{"x":0,"y":0,"z":0},"scale":{"x":16,"y":16,"z":16}},{"class":"cube","position":{"x":-272,"y":-216,"z":0},"rotation":{"x":0,"y":0,"z":0},"scale":{"x":16,"y":16,"z":16}},{"class":"cube","position":{"x":-272,"y":-200,"z":0},"rotation":{"x":0,"y":0,"z":0},"scale":{"x":16,"y":16,"z":16}},{"class":"cube","position":{"x":-240,"y":-168,"z":0},"rotation":{"x":0,"y":0,"z":0.7853981633974484},"scale":{"x":16,"y":16,"z":16}},{"class":"cube","position":{"x":-232,"y":-152,"z":0},"rotation":{"x":0,"y":0,"z":0},"scale":{"x":16,"y":16,"z":16}},{"class":"cube","position":{"x":-224,"y":-136,"z":0},"rotation":{"x":0,"y":0,"z":0},"scale":{"x":16,"y":16,"z":16}},{"class":"cube","position":{"x":-288,"y":-192,"z":0},"rotation":{"x":0,"y":0,"z":0},"scale":{"x":16,"y":16,"z":16}},{"class":"cube","position":{"x":-328,"y":-168,"z":0},"rotation":{"x":0,"y":0,"z":0},"scale":{"x":16,"y":16,"z":16}},{"class":"cube","position":{"x":-288,"y":-136,"z":0},"rotation":{"x":0,"y":0,"z":0},"scale":{"x":8,"y":16,"z":16}},{"class":"cube","position":{"x":-288,"y":-120,"z":0},"rotation":{"x":0,"y":0,"z":0},"scale":{"x":16,"y":16,"z":16}},{"class":"cube","position":{"x":-184,"y":-72,"z":0},"rotation":{"x":0,"y":0,"z":0},"scale":{"x":16,"y":16,"z":16}},{"class":"cube","position":{"x":-176,"y":-88,"z":0},"rotation":{"x":0,"y":0,"z":0},"scale":{"x":16,"y":16,"z":16}},{"class":"cube","position":{"x":-232,"y":-120,"z":0},"rotation":{"x":0,"y":0,"z":0},"scale":{"x":16,"y":16,"z":16}},{"class":"cube","position":{"x":-232,"y":-96,"z":0},"rotation":{"x":0,"y":0,"z":0},"scale":{"x":16,"y":16,"z":16}},{"class":"cube","position":{"x":-232,"y":-112,"z":0},"rotation":{"x":0,"y":0,"z":0},"scale":{"x":16,"y":16,"z":16}},{"class":"cube","position":{"x":-240,"y":-80,"z":0},"rotation":{"x":0,"y":0,"z":0},"scale":{"x":16,"y":16,"z":16}},{"class":"cube","position":{"x":-200,"y":-56,"z":0},"rotation":{"x":0,"y":0,"z":0},"scale":{"x":16,"y":16,"z":16}},{"class":"cube","position":{"x":-216,"y":-48,"z":0},"rotation":{"x":0,"y":0,"z":0},"scale":{"x":16,"y":16,"z":16}},{"class":"cube","position":{"x":-232,"y":-56,"z":0},"rotation":{"x":0,"y":0,"z":0},"scale":{"x":16,"y":16,"z":16}},{"class":"cube","position":{"x":-320,"y":-152,"z":0},"rotation":{"x":0,"y":0,"z":0},"scale":{"x":16,"y":16,"z":16}},{"class":"cube","position":{"x":-328,"y":-184,"z":0},"rotation":{"x":0,"y":0,"z":0},"scale":{"x":16,"y":16,"z":16}},{"class":"cube","position":{"x":-344,"y":-192,"z":0},"rotation":{"x":0,"y":0,"z":0},"scale":{"x":16,"y":16,"z":16}},{"class":"cube","position":{"x":-296,"y":-208,"z":0},"rotation":{"x":0,"y":0,"z":0},"scale":{"x":16,"y":16,"z":16}},{"class":"cube","position":{"x":-344,"y":-208,"z":0},"rotation":{"x":0,"y":0,"z":0},"scale":{"x":16,"y":16,"z":16}},{"class":"cube","position":{"x":-336,"y":-224,"z":0},"rotation":{"x":0,"y":0,"z":0},"scale":{"x":16,"y":16,"z":16}},{"class":"cube","position":{"x":-328,"y":-240,"z":0},"rotation":{"x":0,"y":0,"z":0},"scale":{"x":16,"y":16,"z":16}},{"class":"cube","position":{"x":-320,"y":-256,"z":0},"rotation":{"x":0,"y":0,"z":0},"scale":{"x":16,"y":16,"z":16}},{"class":"cube","position":{"x":-312,"y":-272,"z":0},"rotation":{"x":0,"y":0,"z":0},"scale":{"x":16,"y":16,"z":16}},{"class":"cube","position":{"x":-304,"y":-288,"z":0},"rotation":{"x":0,"y":0,"z":0},"scale":{"x":16,"y":16,"z":16}},{"class":"cube","position":{"x":-288,"y":-288,"z":0},"rotation":{"x":0,"y":0,"z":0},"scale":{"x":16,"y":16,"z":16}},{"class":"cube","position":{"x":-272,"y":-288,"z":0},"rotation":{"x":0,"y":0,"z":0},"scale":{"x":16,"y":16,"z":16}},{"class":"cube","position":{"x":-248,"y":-296,"z":0},"rotation":{"x":0,"y":0,"z":0},"scale":{"x":16,"y":16,"z":16}},{"class":"cube","position":{"x":-240,"y":-280,"z":0},"rotation":{"x":0,"y":0,"z":0},"scale":{"x":16,"y":16,"z":16}},{"class":"cube","position":{"x":-328,"y":-136,"z":0},"rotation":{"x":0,"y":0,"z":0},"scale":{"x":16,"y":16,"z":16}},{"class":"cube","position":{"x":320,"y":-80,"z":0},"rotation":{"x":0,"y":0,"z":0},"scale":{"x":984,"y":80,"z":16}},{"class":"cube","position":{"x":-304,"y":-104,"z":0},"rotation":{"x":0,"y":0,"z":0},"scale":{"x":16,"y":16,"z":16}},{"class":"cube","position":{"x":-296,"y":-88,"z":0},"rotation":{"x":0,"y":0,"z":0},"scale":{"x":16,"y":16,"z":16}},{"class":"cube","position":{"x":-304,"y":-72,"z":0},"rotation":{"x":0,"y":0,"z":0},"scale":{"x":16,"y":16,"z":16}},{"class":"cube","position":{"x":-304,"y":-56,"z":0},"rotation":{"x":0,"y":0,"z":0},"scale":{"x":16,"y":16,"z":16}},{"class":"cube","position":{"x":-288,"y":-40,"z":0},"rotation":{"x":0,"y":0,"z":0},"scale":{"x":16,"y":16,"z":16}},{"class":"cube","position":{"x":-264,"y":-40,"z":0},"rotation":{"x":0,"y":0,"z":0},"scale":{"x":32,"y":16,"z":16}},{"class":"cube","position":{"x":-176,"y":-112,"z":0},"rotation":{"x":0,"y":0,"z":0},"scale":{"x":8,"y":8,"z":16}},{"class":"spike","position":{"x":192,"y":-192,"z":0},"rotation":{"x":0,"y":0,"z":0},"scale":{"x":16,"y":16,"z":16}},{"class":"spike","position":{"x":128,"y":-128,"z":0},"rotation":{"x":0,"y":0,"z":-2.356194490192345},"scale":{"x":16,"y":24,"z":16}},{"class":"spike","position":{"x":304,"y":-168,"z":0},"rotation":{"x":0,"y":0,"z":0},"scale":{"x":16,"y":16,"z":16}},{"class":"cube","position":{"x":-320,"y":-80,"z":0},"rotation":{"x":0,"y":0,"z":0},"scale":{"x":16,"y":16,"z":16}},{"class":"cube","position":{"x":-336,"y":-88,"z":0},"rotation":{"x":0,"y":0,"z":0},"scale":{"x":16,"y":16,"z":16}},{"class":"cube","position":{"x":-352,"y":-96,"z":0},"rotation":{"x":0,"y":0,"z":0},"scale":{"x":16,"y":16,"z":16}},{"class":"spike","position":{"x":-352,"y":-80,"z":0},"rotation":{"x":0,"y":0,"z":-1.5707963267948963},"scale":{"x":16,"y":16,"z":16}},{"class":"spike","position":{"x":-352,"y":-80,"z":0},"rotation":{"x":0,"y":0,"z":-1.5707963267948963},"scale":{"x":16,"y":16,"z":16}},{"class":"spike","position":{"x":-352,"y":-64,"z":0},"rotation":{"x":0,"y":0,"z":-1.5707963267948963},"scale":{"x":16,"y":16,"z":16}},{"class":"spike","position":{"x":-352,"y":-48,"z":0},"rotation":{"x":0,"y":0,"z":-1.5707963267948963},"scale":{"x":16,"y":16,"z":16}},{"class":"spike","position":{"x":-352,"y":-32,"z":0},"rotation":{"x":0,"y":0,"z":-1.5707963267948963},"scale":{"x":16,"y":16,"z":16}},{"class":"spike","position":{"x":-352,"y":-16,"z":0},"rotation":{"x":0,"y":0,"z":-1.5707963267948963},"scale":{"x":16,"y":16,"z":16}},{"class":"spike","position":{"x":-352,"y":0,"z":0},"rotation":{"x":0,"y":0,"z":-1.5707963267948963},"scale":{"x":16,"y":16,"z":16}},{"class":"spike","position":{"x":-352,"y":16,"z":0},"rotation":{"x":0,"y":0,"z":-1.5707963267948963},"scale":{"x":16,"y":16,"z":16}},{"class":"spike","position":{"x":-352,"y":32,"z":0},"rotation":{"x":0,"y":0,"z":-1.5707963267948963},"scale":{"x":16,"y":16,"z":16}},{"class":"spike","position":{"x":-352,"y":48,"z":0},"rotation":{"x":0,"y":0,"z":-1.5707963267948963},"scale":{"x":16,"y":16,"z":16}},{"class":"spike","position":{"x":-352,"y":64,"z":0},"rotation":{"x":0,"y":0,"z":-1.5707963267948963},"scale":{"x":16,"y":16,"z":16}},{"class":"spike","position":{"x":-352,"y":80,"z":0},"rotation":{"x":0,"y":0,"z":-1.5707963267948963},"scale":{"x":16,"y":16,"z":16}},{"class":"spike","position":{"x":-352,"y":96,"z":0},"rotation":{"x":0,"y":0,"z":-1.5707963267948963},"scale":{"x":16,"y":16,"z":16}},{"class":"spike","position":{"x":-352,"y":112,"z":0},"rotation":{"x":0,"y":0,"z":-1.5707963267948963},"scale":{"x":16,"y":16,"z":16}},{"class":"spike","position":{"x":-352,"y":112,"z":0},"rotation":{"x":0,"y":0,"z":-1.5707963267948963},"scale":{"x":16,"y":16,"z":16}},{"class":"spike","position":{"x":-352,"y":128,"z":0},"rotation":{"x":0,"y":0,"z":-1.5707963267948963},"scale":{"x":16,"y":16,"z":16}},{"class":"spike","position":{"x":-352,"y":144,"z":0},"rotation":{"x":0,"y":0,"z":-1.5707963267948963},"scale":{"x":16,"y":16,"z":16}},{"class":"spike","position":{"x":-352,"y":160,"z":0},"rotation":{"x":0,"y":0,"z":-1.5707963267948963},"scale":{"x":16,"y":16,"z":16}},{"class":"spike","position":{"x":-352,"y":176,"z":0},"rotation":{"x":0,"y":0,"z":-1.5707963267948963},"scale":{"x":16,"y":16,"z":16}},{"class":"spike","position":{"x":-352,"y":192,"z":0},"rotation":{"x":0,"y":0,"z":-1.5707963267948963},"scale":{"x":16,"y":16,"z":16}},{"class":"spike","position":{"x":-352,"y":208,"z":0},"rotation":{"x":0,"y":0,"z":-1.5707963267948963},"scale":{"x":16,"y":16,"z":16}},{"class":"spike","position":{"x":-352,"y":224,"z":0},"rotation":{"x":0,"y":0,"z":-1.5707963267948963},"scale":{"x":16,"y":16,"z":16}},{"class":"spike","position":{"x":-352,"y":240,"z":0},"rotation":{"x":0,"y":0,"z":-1.5707963267948963},"scale":{"x":16,"y":16,"z":16}},{"class":"spike","position":{"x":-352,"y":256,"z":0},"rotation":{"x":0,"y":0,"z":-1.5707963267948963},"scale":{"x":16,"y":16,"z":16}},{"class":"spike","position":{"x":-352,"y":272,"z":0},"rotation":{"x":0,"y":0,"z":-1.5707963267948963},"scale":{"x":16,"y":16,"z":16}},{"class":"spike","position":{"x":-352,"y":288,"z":0},"rotation":{"x":0,"y":0,"z":-1.5707963267948963},"scale":{"x":16,"y":16,"z":16}},{"class":"spike","position":{"x":-352,"y":304,"z":0},"rotation":{"x":0,"y":0,"z":-1.5707963267948963},"scale":{"x":16,"y":16,"z":16}},{"class":"spike","position":{"x":-352,"y":320,"z":0},"rotation":{"x":0,"y":0,"z":-1.5707963267948963},"scale":{"x":16,"y":16,"z":16}},{"class":"spike","position":{"x":-352,"y":336,"z":0},"rotation":{"x":0,"y":0,"z":-1.5707963267948963},"scale":{"x":16,"y":16,"z":16}},{"class":"spike","position":{"x":-352,"y":352,"z":0},"rotation":{"x":0,"y":0,"z":-1.5707963267948963},"scale":{"x":16,"y":16,"z":16}},{"class":"spike","position":{"x":-352,"y":368,"z":0},"rotation":{"x":0,"y":0,"z":-1.5707963267948963},"scale":{"x":16,"y":16,"z":16}},{"class":"spike","position":{"x":-352,"y":384,"z":0},"rotation":{"x":0,"y":0,"z":-1.5707963267948963},"scale":{"x":16,"y":16,"z":16}},{"class":"spike","position":{"x":-352,"y":400,"z":0},"rotation":{"x":0,"y":0,"z":-1.5707963267948963},"scale":{"x":16,"y":16,"z":16}},{"class":"spike","position":{"x":-376,"y":432,"z":0},"rotation":{"x":0,"y":0,"z":-0.7853981633974484},"scale":{"x":16,"y":16,"z":16}},{"class":"spike","position":{"x":-392,"y":448,"z":0},"rotation":{"x":0,"y":0,"z":-0.7853981633974484},"scale":{"x":16,"y":16,"z":16}},{"class":"spike","position":{"x":-408,"y":464,"z":0},"rotation":{"x":0,"y":0,"z":-0.7853981633974484},"scale":{"x":16,"y":16,"z":16}},{"class":"spike","position":{"x":-424,"y":480,"z":0},"rotation":{"x":0,"y":0,"z":-0.7853981633974484},"scale":{"x":16,"y":16,"z":16}},{"class":"spike","position":{"x":-440,"y":496,"z":0},"rotation":{"x":0,"y":0,"z":-0.7853981633974484},"scale":{"x":16,"y":16,"z":16}},{"class":"spike","position":{"x":-456,"y":512,"z":0},"rotation":{"x":0,"y":0,"z":-0.7853981633974484},"scale":{"x":16,"y":16,"z":16}},{"class":"spike","position":{"x":-472,"y":528,"z":0},"rotation":{"x":0,"y":0,"z":-0.7853981633974484},"scale":{"x":16,"y":16,"z":16}},{"class":"spike","position":{"x":-488,"y":544,"z":0},"rotation":{"x":0,"y":0,"z":-0.7853981633974484},"scale":{"x":16,"y":16,"z":16}},{"class":"spike","position":{"x":-504,"y":560,"z":0},"rotation":{"x":0,"y":0,"z":-0.7853981633974484},"scale":{"x":16,"y":16,"z":16}},{"class":"spike","position":{"x":-520,"y":576,"z":0},"rotation":{"x":0,"y":0,"z":-0.7853981633974484},"scale":{"x":16,"y":16,"z":16}},{"class":"spike","position":{"x":-536,"y":592,"z":0},"rotation":{"x":0,"y":0,"z":-0.7853981633974484},"scale":{"x":16,"y":16,"z":16}},{"class":"spike","position":{"x":-552,"y":608,"z":0},"rotation":{"x":0,"y":0,"z":-0.7853981633974484},"scale":{"x":16,"y":16,"z":16}},{"class":"spike","position":{"x":-568,"y":624,"z":0},"rotation":{"x":0,"y":0,"z":-0.7853981633974484},"scale":{"x":16,"y":16,"z":16}},{"class":"spike","position":{"x":-368,"y":-80,"z":0},"rotation":{"x":0,"y":0,"z":1.570796326794897},"scale":{"x":16,"y":16,"z":16}},{"class":"spike","position":{"x":-368,"y":-80,"z":0},"rotation":{"x":0,"y":0,"z":1.570796326794897},"scale":{"x":16,"y":16,"z":16}},{"class":"spike","position":{"x":-368,"y":-64,"z":0},"rotation":{"x":0,"y":0,"z":1.570796326794897},"scale":{"x":16,"y":16,"z":16}},{"class":"spike","position":{"x":-368,"y":-48,"z":0},"rotation":{"x":0,"y":0,"z":1.570796326794897},"scale":{"x":16,"y":16,"z":16}},{"class":"spike","position":{"x":-368,"y":-32,"z":0},"rotation":{"x":0,"y":0,"z":1.570796326794897},"scale":{"x":16,"y":16,"z":16}},{"class":"spike","position":{"x":-368,"y":-16,"z":0},"rotation":{"x":0,"y":0,"z":1.570796326794897},"scale":{"x":16,"y":16,"z":16}},{"class":"spike","position":{"x":-368,"y":0,"z":0},"rotation":{"x":0,"y":0,"z":1.570796326794897},"scale":{"x":16,"y":16,"z":16}},{"class":"spike","position":{"x":-368,"y":16,"z":0},"rotation":{"x":0,"y":0,"z":1.570796326794897},"scale":{"x":16,"y":16,"z":16}},{"class":"spike","position":{"x":-368,"y":32,"z":0},"rotation":{"x":0,"y":0,"z":1.570796326794897},"scale":{"x":16,"y":16,"z":16}},{"class":"spike","position":{"x":-368,"y":48,"z":0},"rotation":{"x":0,"y":0,"z":1.570796326794897},"scale":{"x":16,"y":16,"z":16}},{"class":"spike","position":{"x":-368,"y":64,"z":0},"rotation":{"x":0,"y":0,"z":1.570796326794897},"scale":{"x":16,"y":16,"z":16}},{"class":"spike","position":{"x":-368,"y":80,"z":0},"rotation":{"x":0,"y":0,"z":1.570796326794897},"scale":{"x":16,"y":16,"z":16}},{"class":"spike","position":{"x":-368,"y":96,"z":0},"rotation":{"x":0,"y":0,"z":1.570796326794897},"scale":{"x":16,"y":16,"z":16}},{"class":"spike","position":{"x":-368,"y":112,"z":0},"rotation":{"x":0,"y":0,"z":1.570796326794897},"scale":{"x":16,"y":16,"z":16}},{"class":"spike","position":{"x":-368,"y":128,"z":0},"rotation":{"x":0,"y":0,"z":1.570796326794897},"scale":{"x":16,"y":16,"z":16}},{"class":"spike","position":{"x":-368,"y":144,"z":0},"rotation":{"x":0,"y":0,"z":1.570796326794897},"scale":{"x":16,"y":16,"z":16}},{"class":"spike","position":{"x":-368,"y":160,"z":0},"rotation":{"x":0,"y":0,"z":1.570796326794897},"scale":{"x":16,"y":16,"z":16}},{"class":"spike","position":{"x":-368,"y":176,"z":0},"rotation":{"x":0,"y":0,"z":1.570796326794897},"scale":{"x":16,"y":16,"z":16}},{"class":"spike","position":{"x":-368,"y":192,"z":0},"rotation":{"x":0,"y":0,"z":1.570796326794897},"scale":{"x":16,"y":16,"z":16}},{"class":"spike","position":{"x":-368,"y":208,"z":0},"rotation":{"x":0,"y":0,"z":1.570796326794897},"scale":{"x":16,"y":16,"z":16}},{"class":"spike","position":{"x":-368,"y":224,"z":0},"rotation":{"x":0,"y":0,"z":1.570796326794897},"scale":{"x":16,"y":16,"z":16}},{"class":"spike","position":{"x":-368,"y":240,"z":0},"rotation":{"x":0,"y":0,"z":1.570796326794897},"scale":{"x":16,"y":16,"z":16}},{"class":"spike","position":{"x":-368,"y":256,"z":0},"rotation":{"x":0,"y":0,"z":1.570796326794897},"scale":{"x":16,"y":16,"z":16}},{"class":"spike","position":{"x":-368,"y":272,"z":0},"rotation":{"x":0,"y":0,"z":1.570796326794897},"scale":{"x":16,"y":16,"z":16}},{"class":"spike","position":{"x":-368,"y":288,"z":0},"rotation":{"x":0,"y":0,"z":1.570796326794897},"scale":{"x":16,"y":16,"z":16}},{"class":"spike","position":{"x":-368,"y":304,"z":0},"rotation":{"x":0,"y":0,"z":1.570796326794897},"scale":{"x":16,"y":16,"z":16}},{"class":"spike","position":{"x":-368,"y":320,"z":0},"rotation":{"x":0,"y":0,"z":1.570796326794897},"scale":{"x":16,"y":16,"z":16}},{"class":"spike","position":{"x":-368,"y":336,"z":0},"rotation":{"x":0,"y":0,"z":1.570796326794897},"scale":{"x":16,"y":16,"z":16}},{"class":"spike","position":{"x":-368,"y":352,"z":0},"rotation":{"x":0,"y":0,"z":1.570796326794897},"scale":{"x":16,"y":16,"z":16}},{"class":"spike","position":{"x":-368,"y":368,"z":0},"rotation":{"x":0,"y":0,"z":1.570796326794897},"scale":{"x":16,"y":16,"z":16}},{"class":"spike","position":{"x":-368,"y":384,"z":0},"rotation":{"x":0,"y":0,"z":1.570796326794897},"scale":{"x":16,"y":16,"z":16}},{"class":"spike","position":{"x":-360,"y":424,"z":0},"rotation":{"x":0,"y":0,"z":0},"scale":{"x":16,"y":16,"z":16}},{"class":"checkpoint","position":{"x":-368,"y":-280,"z":0},"rotation":{"x":0,"y":0,"z":0},"scale":{"x":16,"y":16,"z":16}},{"class":"control","position":{"x":-368,"y":-280,"z":0},"rotation":{"x":0,"y":0,"z":0},"scale":{"x":16,"y":16,"z":16}},{"class":"tip","position":{"x":-400,"y":-280,"z":0},"rotation":{"x":0,"y":0,"z":0},"scale":{"x":16,"y":16,"z":16},"text":"Part 3: The Parkour"},{"class":"cube","position":{"x":-440,"y":-192,"z":0},"rotation":{"x":0,"y":0,"z":0},"scale":{"x":24,"y":24,"z":16}},{"class":"cube","position":{"x":-568,"y":-144,"z":0},"rotation":{"x":0,"y":0,"z":-0.5235987755982987},"scale":{"x":48,"y":16,"z":16}},{"class":"cube","position":{"x":-488,"y":-40,"z":0},"rotation":{"x":0,"y":0,"z":0},"scale":{"x":24,"y":24,"z":16}},{"class":"cube","position":{"x":-624,"y":16,"z":0},"rotation":{"x":0,"y":0,"z":-0.5235987755982987},"scale":{"x":48,"y":16,"z":16}},{"class":"cube","position":{"x":-760,"y":120,"z":0},"rotation":{"x":0,"y":0,"z":0},"scale":{"x":16,"y":64,"z":16}},{"class":"cube","position":{"x":-800,"y":144,"z":0},"rotation":{"x":0,"y":0,"z":0},"scale":{"x":96,"y":16,"z":16}},{"class":"spike","position":{"x":-856,"y":144,"z":0},"rotation":{"x":0,"y":0,"z":1.5707963267948963},"scale":{"x":16,"y":16,"z":16}},{"class":"spike","position":{"x":-928,"y":104,"z":0},"rotation":{"x":0,"y":0,"z":-1.570796326794897},"scale":{"x":16,"y":16,"z":16}},{"class":"spike","position":{"x":-912,"y":88,"z":0},"rotation":{"x":0,"y":0,"z":-1.570796326794897},"scale":{"x":16,"y":16,"z":16}},{"class":"cube","position":{"x":-944,"y":104,"z":0},"rotation":{"x":0,"y":0,"z":0},"scale":{"x":16,"y":16,"z":16}},{"class":"cube","position":{"x":-928,"y":88,"z":0},"rotation":{"x":0,"y":0,"z":0},"scale":{"x":16,"y":16,"z":16}},{"class":"spike","position":{"x":-752,"y":-280,"z":0},"rotation":{"x":0,"y":0,"z":-1.5707963267948963},"scale":{"x":16,"y":16,"z":16}},{"class":"spike","position":{"x":-752,"y":-280,"z":0},"rotation":{"x":0,"y":0,"z":-1.5707963267948963},"scale":{"x":16,"y":16,"z":16}},{"class":"spike","position":{"x":-752,"y":-264,"z":0},"rotation":{"x":0,"y":0,"z":-1.5707963267948963},"scale":{"x":16,"y":16,"z":16}},{"class":"spike","position":{"x":-752,"y":-248,"z":0},"rotation":{"x":0,"y":0,"z":-1.5707963267948963},"scale":{"x":16,"y":16,"z":16}},{"class":"spike","position":{"x":-752,"y":-232,"z":0},"rotation":{"x":0,"y":0,"z":-1.5707963267948963},"scale":{"x":16,"y":16,"z":16}},{"class":"spike","position":{"x":-752,"y":-216,"z":0},"rotation":{"x":0,"y":0,"z":-1.5707963267948963},"scale":{"x":16,"y":16,"z":16}},{"class":"spike","position":{"x":-752,"y":-200,"z":0},"rotation":{"x":0,"y":0,"z":-1.5707963267948963},"scale":{"x":16,"y":16,"z":16}},{"class":"spike","position":{"x":-752,"y":-184,"z":0},"rotation":{"x":0,"y":0,"z":-1.5707963267948963},"scale":{"x":16,"y":16,"z":16}},{"class":"spike","position":{"x":-752,"y":-168,"z":0},"rotation":{"x":0,"y":0,"z":-1.5707963267948963},"scale":{"x":16,"y":16,"z":16}},{"class":"spike","position":{"x":-752,"y":-152,"z":0},"rotation":{"x":0,"y":0,"z":-1.5707963267948963},"scale":{"x":16,"y":16,"z":16}},{"class":"spike","position":{"x":-752,"y":-136,"z":0},"rotation":{"x":0,"y":0,"z":-1.5707963267948963},"scale":{"x":16,"y":16,"z":16}},{"class":"spike","position":{"x":-752,"y":-120,"z":0},"rotation":{"x":0,"y":0,"z":-1.5707963267948963},"scale":{"x":16,"y":16,"z":16}},{"class":"spike","position":{"x":-752,"y":-104,"z":0},"rotation":{"x":0,"y":0,"z":-1.5707963267948963},"scale":{"x":16,"y":16,"z":16}},{"class":"spike","position":{"x":-752,"y":-88,"z":0},"rotation":{"x":0,"y":0,"z":-1.5707963267948963},"scale":{"x":16,"y":16,"z":16}},{"class":"spike","position":{"x":-752,"y":-72,"z":0},"rotation":{"x":0,"y":0,"z":-1.5707963267948963},"scale":{"x":16,"y":16,"z":16}},{"class":"spike","position":{"x":-752,"y":-56,"z":0},"rotation":{"x":0,"y":0,"z":-1.5707963267948963},"scale":{"x":16,"y":16,"z":16}},{"class":"spike","position":{"x":-752,"y":-40,"z":0},"rotation":{"x":0,"y":0,"z":-1.5707963267948963},"scale":{"x":16,"y":16,"z":16}},{"class":"spike","position":{"x":-752,"y":-24,"z":0},"rotation":{"x":0,"y":0,"z":-1.5707963267948963},"scale":{"x":16,"y":16,"z":16}},{"class":"spike","position":{"x":-752,"y":-8,"z":0},"rotation":{"x":0,"y":0,"z":-1.5707963267948963},"scale":{"x":16,"y":16,"z":16}},{"class":"spike","position":{"x":-752,"y":8,"z":0},"rotation":{"x":0,"y":0,"z":-1.5707963267948963},"scale":{"x":16,"y":16,"z":16}},{"class":"spike","position":{"x":-752,"y":24,"z":0},"rotation":{"x":0,"y":0,"z":-1.5707963267948963},"scale":{"x":16,"y":16,"z":16}},{"class":"spike","position":{"x":-752,"y":40,"z":0},"rotation":{"x":0,"y":0,"z":-1.5707963267948963},"scale":{"x":16,"y":16,"z":16}},{"class":"spike","position":{"x":-752,"y":56,"z":0},"rotation":{"x":0,"y":0,"z":-1.5707963267948963},"scale":{"x":16,"y":16,"z":16}},{"class":"spike","position":{"x":-752,"y":72,"z":0},"rotation":{"x":0,"y":0,"z":-1.5707963267948963},"scale":{"x":16,"y":16,"z":16}},{"class":"spike","position":{"x":-768,"y":-280,"z":0},"rotation":{"x":0,"y":0,"z":1.570796326794897},"scale":{"x":16,"y":16,"z":16}},{"class":"spike","position":{"x":-768,"y":-280,"z":0},"rotation":{"x":0,"y":0,"z":1.570796326794897},"scale":{"x":16,"y":16,"z":16}},{"class":"spike","position":{"x":-768,"y":-264,"z":0},"rotation":{"x":0,"y":0,"z":1.570796326794897},"scale":{"x":16,"y":16,"z":16}},{"class":"spike","position":{"x":-768,"y":-248,"z":0},"rotation":{"x":0,"y":0,"z":1.570796326794897},"scale":{"x":16,"y":16,"z":16}},{"class":"spike","position":{"x":-768,"y":-232,"z":0},"rotation":{"x":0,"y":0,"z":1.570796326794897},"scale":{"x":16,"y":16,"z":16}},{"class":"spike","position":{"x":-768,"y":-216,"z":0},"rotation":{"x":0,"y":0,"z":1.570796326794897},"scale":{"x":16,"y":16,"z":16}},{"class":"spike","position":{"x":-768,"y":-200,"z":0},"rotation":{"x":0,"y":0,"z":1.570796326794897},"scale":{"x":16,"y":16,"z":16}},{"class":"spike","position":{"x":-768,"y":-184,"z":0},"rotation":{"x":0,"y":0,"z":1.570796326794897},"scale":{"x":16,"y":16,"z":16}},{"class":"spike","position":{"x":-768,"y":-168,"z":0},"rotation":{"x":0,"y":0,"z":1.570796326794897},"scale":{"x":16,"y":16,"z":16}},{"class":"spike","position":{"x":-768,"y":-152,"z":0},"rotation":{"x":0,"y":0,"z":1.570796326794897},"scale":{"x":16,"y":16,"z":16}},{"class":"spike","position":{"x":-768,"y":-136,"z":0},"rotation":{"x":0,"y":0,"z":1.570796326794897},"scale":{"x":16,"y":16,"z":16}},{"class":"spike","position":{"x":-768,"y":-120,"z":0},"rotation":{"x":0,"y":0,"z":1.570796326794897},"scale":{"x":16,"y":16,"z":16}},{"class":"spike","position":{"x":-768,"y":-104,"z":0},"rotation":{"x":0,"y":0,"z":1.570796326794897},"scale":{"x":16,"y":16,"z":16}},{"class":"spike","position":{"x":-768,"y":-88,"z":0},"rotation":{"x":0,"y":0,"z":1.570796326794897},"scale":{"x":16,"y":16,"z":16}},{"class":"spike","position":{"x":-768,"y":-72,"z":0},"rotation":{"x":0,"y":0,"z":1.570796326794897},"scale":{"x":16,"y":16,"z":16}},{"class":"spike","position":{"x":-768,"y":-56,"z":0},"rotation":{"x":0,"y":0,"z":1.570796326794897},"scale":{"x":16,"y":16,"z":16}},{"class":"spike","position":{"x":-768,"y":-40,"z":0},"rotation":{"x":0,"y":0,"z":1.570796326794897},"scale":{"x":16,"y":16,"z":16}},{"class":"spike","position":{"x":-768,"y":-24,"z":0},"rotation":{"x":0,"y":0,"z":1.570796326794897},"scale":{"x":16,"y":16,"z":16}},{"class":"spike","position":{"x":-768,"y":-8,"z":0},"rotation":{"x":0,"y":0,"z":1.570796326794897},"scale":{"x":16,"y":16,"z":16}},{"class":"spike","position":{"x":-768,"y":8,"z":0},"rotation":{"x":0,"y":0,"z":1.570796326794897},"scale":{"x":16,"y":16,"z":16}},{"class":"spike","position":{"x":-768,"y":24,"z":0},"rotation":{"x":0,"y":0,"z":1.570796326794897},"scale":{"x":16,"y":16,"z":16}},{"class":"spike","position":{"x":-768,"y":40,"z":0},"rotation":{"x":0,"y":0,"z":1.570796326794897},"scale":{"x":16,"y":16,"z":16}},{"class":"spike","position":{"x":-768,"y":56,"z":0},"rotation":{"x":0,"y":0,"z":1.570796326794897},"scale":{"x":16,"y":16,"z":16}},{"class":"spike","position":{"x":-768,"y":72,"z":0},"rotation":{"x":0,"y":0,"z":1.570796326794897},"scale":{"x":16,"y":16,"z":16}},{"class":"spike","position":{"x":-944,"y":120,"z":0},"rotation":{"x":0,"y":0,"z":-1.5707963267948963},"scale":{"x":16,"y":16,"z":16}},{"class":"spike","position":{"x":-944,"y":120,"z":0},"rotation":{"x":0,"y":0,"z":-1.5707963267948963},"scale":{"x":16,"y":16,"z":16}},{"class":"spike","position":{"x":-944,"y":136,"z":0},"rotation":{"x":0,"y":0,"z":-1.5707963267948963},"scale":{"x":16,"y":16,"z":16}},{"class":"spike","position":{"x":-944,"y":152,"z":0},"rotation":{"x":0,"y":0,"z":-1.5707963267948963},"scale":{"x":16,"y":16,"z":16}},{"class":"spike","position":{"x":-944,"y":168,"z":0},"rotation":{"x":0,"y":0,"z":-1.5707963267948963},"scale":{"x":16,"y":16,"z":16}},{"class":"spike","position":{"x":-944,"y":184,"z":0},"rotation":{"x":0,"y":0,"z":-1.5707963267948963},"scale":{"x":16,"y":16,"z":16}},{"class":"spike","position":{"x":-944,"y":216,"z":0},"rotation":{"x":0,"y":0,"z":-1.5707963267948963},"scale":{"x":16,"y":16,"z":16}},{"class":"spike","position":{"x":-944,"y":184,"z":0},"rotation":{"x":0,"y":0,"z":-1.5707963267948963},"scale":{"x":16,"y":16,"z":16}},{"class":"spike","position":{"x":-944,"y":192,"z":0},"rotation":{"x":0,"y":0,"z":-1.5707963267948963},"scale":{"x":16,"y":16,"z":16}},{"class":"spike","position":{"x":-944,"y":208,"z":0},"rotation":{"x":0,"y":0,"z":-1.5707963267948963},"scale":{"x":16,"y":16,"z":16}},{"class":"spike","position":{"x":-944,"y":216,"z":0},"rotation":{"x":0,"y":0,"z":-1.5707963267948963},"scale":{"x":16,"y":16,"z":16}},{"class":"spike","position":{"x":-944,"y":232,"z":0},"rotation":{"x":0,"y":0,"z":-1.5707963267948963},"scale":{"x":16,"y":16,"z":16}},{"class":"spike","position":{"x":-944,"y":232,"z":0},"rotation":{"x":0,"y":0,"z":-1.5707963267948963},"scale":{"x":16,"y":16,"z":16}},{"class":"spike","position":{"x":-944,"y":232,"z":0},"rotation":{"x":0,"y":0,"z":-1.5707963267948963},"scale":{"x":16,"y":16,"z":16}},{"class":"spike","position":{"x":-944,"y":248,"z":0},"rotation":{"x":0,"y":0,"z":-1.5707963267948963},"scale":{"x":16,"y":16,"z":16}},{"class":"spike","position":{"x":-944,"y":248,"z":0},"rotation":{"x":0,"y":0,"z":-1.5707963267948963},"scale":{"x":16,"y":16,"z":16}},{"class":"spike","position":{"x":-944,"y":264,"z":0},"rotation":{"x":0,"y":0,"z":-1.5707963267948963},"scale":{"x":16,"y":16,"z":16}},{"class":"spike","position":{"x":-944,"y":280,"z":0},"rotation":{"x":0,"y":0,"z":0},"scale":{"x":16,"y":16,"z":16}},{"class":"spike","position":{"x":-944,"y":296,"z":0},"rotation":{"x":0,"y":0,"z":0},"scale":{"x":16,"y":16,"z":16}},{"class":"spike","position":{"x":-944,"y":312,"z":0},"rotation":{"x":0,"y":0,"z":0},"scale":{"x":16,"y":16,"z":16}},{"class":"spike","position":{"x":-944,"y":328,"z":0},"rotation":{"x":0,"y":0,"z":0},"scale":{"x":16,"y":16,"z":16}},{"class":"cube","position":{"x":-1064,"y":320,"z":0},"rotation":{"x":0,"y":0,"z":0},"scale":{"x":24,"y":24,"z":16}},{"class":"cube","position":{"x":-1264,"y":336,"z":0},"rotation":{"x":0,"y":0,"z":0},"scale":{"x":16,"y":56,"z":16}},{"class":"spike","position":{"x":-1264,"y":368,"z":0},"rotation":{"x":0,"y":0,"z":0},"scale":{"x":16,"y":16,"z":16}},{"class":"cube","position":{"x":-1456,"y":384,"z":0},"rotation":{"x":0,"y":0,"z":0},"scale":{"x":16,"y":64,"z":16}},{"class":"spike","position":{"x":-1456,"y":424,"z":0},"rotation":{"x":0,"y":0,"z":0},"scale":{"x":16,"y":16,"z":16}},{"class":"cube","position":{"x":-1640,"y":408,"z":0},"rotation":{"x":0,"y":0,"z":0},"scale":{"x":16,"y":16,"z":16}},{"class":"cube","position":{"x":-1656,"y":392,"z":0},"rotation":{"x":0,"y":0,"z":0},"scale":{"x":16,"y":16,"z":16}},{"class":"cube","position":{"x":-1672,"y":392,"z":0},"rotation":{"x":0,"y":0,"z":0},"scale":{"x":16,"y":16,"z":16}},{"class":"cube","position":{"x":-1688,"y":392,"z":0},"rotation":{"x":0,"y":0,"z":0},"scale":{"x":16,"y":16,"z":16}},{"class":"cube","position":{"x":-1704,"y":408,"z":0},"rotation":{"x":0,"y":0,"z":0},"scale":{"x":16,"y":16,"z":16}},{"class":"tip","position":{"x":-1672,"y":408,"z":0},"rotation":{"x":0,"y":0,"z":0},"scale":{"x":16,"y":16,"z":16},"text":"Time for their final line of defence..."},{"class":"cube","position":{"x":-1888,"y":440,"z":0},"rotation":{"x":0,"y":0,"z":0},"scale":{"x":8,"y":32,"z":16}},{"class":"cube","position":{"x":-1896,"y":416,"z":0},"rotation":{"x":0,"y":0,"z":-0.5235987755982987},"scale":{"x":8,"y":32,"z":16}},{"class":"cube","position":{"x":-1880,"y":416,"z":0},"rotation":{"x":0,"y":0,"z":0.7853981633974483},"scale":{"x":8,"y":32,"z":16}},{"class":"cube","position":{"x":-1888,"y":448,"z":0},"rotation":{"x":0,"y":0,"z":-1.5707963267948963},"scale":{"x":8,"y":32,"z":16}},{"class":"cube","position":{"x":-1888,"y":464,"z":0},"rotation":{"x":0,"y":0,"z":0},"scale":{"x":16,"y":16,"z":16}},{"class":"cube","position":{"x":-1872,"y":448,"z":0},"rotation":{"x":0,"y":0,"z":0},"scale":{"x":8,"y":16,"z":16}},{"class":"cube","position":{"x":-1864,"y":456,"z":0},"rotation":{"x":0,"y":0,"z":-1.5707963267948963},"scale":{"x":8,"y":16,"z":16}},{"class":"cube","position":{"x":-2032,"y":456,"z":0},"rotation":{"x":0,"y":0,"z":0},"scale":{"x":8,"y":32,"z":16}},{"class":"cube","position":{"x":-2040,"y":432,"z":0},"rotation":{"x":0,"y":0,"z":-0.5235987755982987},"scale":{"x":8,"y":32,"z":16}},{"class":"cube","position":{"x":-2024,"y":432,"z":0},"rotation":{"x":0,"y":0,"z":0.7853981633974483},"scale":{"x":8,"y":32,"z":16}},{"class":"cube","position":{"x":-2032,"y":464,"z":0},"rotation":{"x":0,"y":0,"z":-1.5707963267948963},"scale":{"x":8,"y":32,"z":16}},{"class":"cube","position":{"x":-2016,"y":464,"z":0},"rotation":{"x":0,"y":0,"z":0},"scale":{"x":8,"y":16,"z":16}},{"class":"cube","position":{"x":-2008,"y":472,"z":0},"rotation":{"x":0,"y":0,"z":-1.5707963267948963},"scale":{"x":8,"y":16,"z":16}},{"class":"cube","position":{"x":-2032,"y":480,"z":0},"rotation":{"x":0,"y":0,"z":0},"scale":{"x":16,"y":16,"z":16}},{"class":"cube","position":{"x":-1976,"y":312,"z":0},"rotation":{"x":0,"y":0,"z":-0.5235987755982987},"scale":{"x":8,"y":32,"z":16}},{"class":"cube","position":{"x":-1960,"y":312,"z":0},"rotation":{"x":0,"y":0,"z":0.7853981633974483},"scale":{"x":8,"y":32,"z":16}},{"class":"cube","position":{"x":-1968,"y":336,"z":0},"rotation":{"x":0,"y":0,"z":0},"scale":{"x":8,"y":32,"z":16}},{"class":"cube","position":{"x":-1968,"y":344,"z":0},"rotation":{"x":0,"y":0,"z":-1.5707963267948963},"scale":{"x":8,"y":32,"z":16}},{"class":"cube","position":{"x":-1968,"y":360,"z":0},"rotation":{"x":0,"y":0,"z":0},"scale":{"x":16,"y":16,"z":16}},{"class":"cube","position":{"x":-1952,"y":344,"z":0},"rotation":{"x":0,"y":0,"z":0},"scale":{"x":8,"y":16,"z":16}},{"class":"cube","position":{"x":-1944,"y":352,"z":0},"rotation":{"x":0,"y":0,"z":-1.5707963267948963},"scale":{"x":8,"y":16,"z":16}},{"class":"cube","position":{"x":-2304,"y":672,"z":0},"rotation":{"x":0,"y":0,"z":0},"scale":{"x":136,"y":344,"z":16}},{"class":"spike","position":{"x":-2232,"y":608,"z":0},"rotation":{"x":0,"y":0,"z":-1.5707963267948963},"scale":{"x":16,"y":16,"z":16}},{"class":"cube","position":{"x":-2240,"y":696,"z":0},"rotation":{"x":0,"y":0,"z":0.5235987755982987},"scale":{"x":24,"y":16,"z":16}},{"class":"spike","position":{"x":-2232,"y":800,"z":0},"rotation":{"x":0,"y":0,"z":-1.5707963267948963},"scale":{"x":16,"y":16,"z":16}},{"class":"spike","position":{"x":-2304,"y":848,"z":0},"rotation":{"x":0,"y":0,"z":0},"scale":{"x":16,"y":16,"z":16}},{"class":"cube","position":{"x":-2376,"y":784,"z":0},"rotation":{"x":0,"y":0,"z":-0.2617993877991494},"scale":{"x":32,"y":16,"z":16}},{"class":"spike","position":{"x":-2376,"y":680,"z":0},"rotation":{"x":0,"y":0,"z":1.5707963267948963},"scale":{"x":16,"y":16,"z":16}},{"class":"cube","position":{"x":-2376,"y":576,"z":0},"rotation":{"x":0,"y":0,"z":0.2617993877991494},"scale":{"x":16,"y":16,"z":16}},{"class":"cube","position":{"x":-2304,"y":456,"z":0},"rotation":{"x":0,"y":0,"z":0},"scale":{"x":32,"y":144,"z":16}},{"class":"cube","position":{"x":-2376,"y":368,"z":0},"rotation":{"x":0,"y":0,"z":0.2617993877991494},"scale":{"x":136,"y":24,"z":16}},{"class":"cube","position":{"x":-2488,"y":304,"z":0},"rotation":{"x":0,"y":0,"z":0},"scale":{"x":104,"y":152,"z":16}},{"class":"cube","position":{"x":-2488,"y":384,"z":0},"rotation":{"x":0,"y":0,"z":0},"scale":{"x":72,"y":16,"z":16}},{"class":"cube","position":{"x":-2488,"y":400,"z":0},"rotation":{"x":0,"y":0,"z":0},"scale":{"x":56,"y":16,"z":16}},{"class":"cube","position":{"x":-2504,"y":416,"z":0},"rotation":{"x":0,"y":0,"z":0},"scale":{"x":16,"y":16,"z":16}},{"class":"cube","position":{"x":-2472,"y":416,"z":0},"rotation":{"x":0,"y":0,"z":0},"scale":{"x":16,"y":16,"z":16}},{"class":"cube","position":{"x":-2456,"y":424,"z":0},"rotation":{"x":0,"y":0,"z":0},"scale":{"x":16,"y":16,"z":16}},{"class":"cube","position":{"x":-2520,"y":424,"z":0},"rotation":{"x":0,"y":0,"z":0},"scale":{"x":16,"y":16,"z":16}},{"class":"cube","position":{"x":-2536,"y":432,"z":0},"rotation":{"x":0,"y":0,"z":0},"scale":{"x":16,"y":16,"z":16}},{"class":"cube","position":{"x":-2544,"y":448,"z":0},"rotation":{"x":0,"y":0,"z":0},"scale":{"x":16,"y":16,"z":16}},{"class":"cube","position":{"x":-2544,"y":464,"z":0},"rotation":{"x":0,"y":0,"z":0},"scale":{"x":16,"y":16,"z":16}},{"class":"cube","position":{"x":-2536,"y":480,"z":0},"rotation":{"x":0,"y":0,"z":0},"scale":{"x":16,"y":16,"z":16}},{"class":"cube","position":{"x":-2528,"y":496,"z":0},"rotation":{"x":0,"y":0,"z":0},"scale":{"x":16,"y":16,"z":16}},{"class":"cube","position":{"x":-2512,"y":504,"z":0},"rotation":{"x":0,"y":0,"z":0},"scale":{"x":16,"y":16,"z":16}},{"class":"cube","position":{"x":-2496,"y":512,"z":0},"rotation":{"x":0,"y":0,"z":0},"scale":{"x":16,"y":16,"z":16}},{"class":"cube","position":{"x":-2480,"y":504,"z":0},"rotation":{"x":0,"y":0,"z":0},"scale":{"x":16,"y":16,"z":16}},{"class":"cube","position":{"x":-2464,"y":496,"z":0},"rotation":{"x":0,"y":0,"z":0},"scale":{"x":16,"y":16,"z":16}},{"class":"cube","position":{"x":-2456,"y":480,"z":0},"rotation":{"x":0,"y":0,"z":0},"scale":{"x":16,"y":16,"z":16}},{"class":"cube","position":{"x":-2448,"y":464,"z":0},"rotation":{"x":0,"y":0,"z":0},"scale":{"x":16,"y":16,"z":16}},{"class":"cube","position":{"x":-2448,"y":440,"z":0},"rotation":{"x":0,"y":0,"z":0},"scale":{"x":16,"y":16,"z":16}},{"class":"cube","position":{"x":-2448,"y":456,"z":0},"rotation":{"x":0,"y":0,"z":0},"scale":{"x":16,"y":16,"z":16}},{"class":"cube","position":{"x":-2504,"y":480,"z":0},"rotation":{"x":0,"y":0,"z":0},"scale":{"x":8,"y":8,"z":16}},{"class":"cube","position":{"x":-2480,"y":480,"z":0},"rotation":{"x":0,"y":0,"z":0},"scale":{"x":8,"y":8,"z":16}},{"class":"cube","position":{"x":-2496,"y":448,"z":0},"rotation":{"x":0,"y":0,"z":0},"scale":{"x":24,"y":8,"z":16}},{"class":"cube","position":{"x":-2512,"y":456,"z":0},"rotation":{"x":0,"y":0,"z":0},"scale":{"x":16,"y":8,"z":16}},{"class":"cube","position":{"x":-2480,"y":456,"z":0},"rotation":{"x":0,"y":0,"z":0},"scale":{"x":16,"y":8,"z":16}},{"class":"cube","position":{"x":-2584,"y":416,"z":0},"rotation":{"x":0,"y":0,"z":-0.7853981633974483},"scale":{"x":232,"y":24,"z":16}},{"class":"spike","position":{"x":-2472,"y":568,"z":0},"rotation":{"x":0,"y":0,"z":0},"scale":{"x":16,"y":16,"z":16}},{"class":"spike","position":{"x":-2496,"y":568,"z":0},"rotation":{"x":0,"y":0,"z":0},"scale":{"x":16,"y":16,"z":16}},{"class":"spike","position":{"x":-2512,"y":568,"z":0},"rotation":{"x":0,"y":0,"z":0},"scale":{"x":16,"y":16,"z":16}},{"class":"spike","position":{"x":-2528,"y":568,"z":0},"rotation":{"x":0,"y":0,"z":0},"scale":{"x":16,"y":16,"z":16}},{"class":"spike","position":{"x":-2480,"y":568,"z":0},"rotation":{"x":0,"y":0,"z":0},"scale":{"x":16,"y":16,"z":16}},{"class":"spike","position":{"x":-2544,"y":568,"z":0},"rotation":{"x":0,"y":0,"z":0},"scale":{"x":16,"y":16,"z":16}},{"class":"spike","position":{"x":-2560,"y":568,"z":0},"rotation":{"x":0,"y":0,"z":0},"scale":{"x":16,"y":16,"z":16}},{"class":"spike","position":{"x":-2576,"y":568,"z":0},"rotation":{"x":0,"y":0,"z":0},"scale":{"x":16,"y":16,"z":16}},{"class":"spike","position":{"x":-2456,"y":568,"z":0},"rotation":{"x":0,"y":0,"z":-0.5235987755982987},"scale":{"x":16,"y":16,"z":16}},{"class":"cube","position":{"x":-2664,"y":552,"z":0},"rotation":{"x":0,"y":0,"z":0},"scale":{"x":416,"y":24,"z":16}},{"class":"spike","position":{"x":-2456,"y":552,"z":0},"rotation":{"x":0,"y":0,"z":-1.5707963267948963},"scale":{"x":16,"y":16,"z":16}},{"class":"spike","position":{"x":-2592,"y":568,"z":0},"rotation":{"x":0,"y":0,"z":0},"scale":{"x":16,"y":16,"z":16}},{"class":"spike","position":{"x":-2608,"y":568,"z":0},"rotation":{"x":0,"y":0,"z":0},"scale":{"x":16,"y":16,"z":16}},{"class":"spike","position":{"x":-2624,"y":568,"z":0},"rotation":{"x":0,"y":0,"z":0},"scale":{"x":16,"y":16,"z":16}},{"class":"spike","position":{"x":-2640,"y":568,"z":0},"rotation":{"x":0,"y":0,"z":0},"scale":{"x":16,"y":16,"z":16}},{"class":"spike","position":{"x":-2656,"y":568,"z":0},"rotation":{"x":0,"y":0,"z":0},"scale":{"x":16,"y":16,"z":16}},{"class":"spike","position":{"x":-2672,"y":568,"z":0},"rotation":{"x":0,"y":0,"z":0},"scale":{"x":16,"y":16,"z":16}},{"class":"spike","position":{"x":-2688,"y":568,"z":0},"rotation":{"x":0,"y":0,"z":0},"scale":{"x":16,"y":16,"z":16}},{"class":"spike","position":{"x":-2704,"y":568,"z":0},"rotation":{"x":0,"y":0,"z":0},"scale":{"x":16,"y":16,"z":16}},{"class":"spike","position":{"x":-2720,"y":568,"z":0},"rotation":{"x":0,"y":0,"z":0},"scale":{"x":16,"y":16,"z":16}},{"class":"spike","position":{"x":-2736,"y":568,"z":0},"rotation":{"x":0,"y":0,"z":0},"scale":{"x":16,"y":16,"z":16}},{"class":"spike","position":{"x":-2752,"y":568,"z":0},"rotation":{"x":0,"y":0,"z":0},"scale":{"x":16,"y":16,"z":16}},{"class":"spike","position":{"x":-2768,"y":568,"z":0},"rotation":{"x":0,"y":0,"z":0},"scale":{"x":16,"y":16,"z":16}},{"class":"spike","position":{"x":-2784,"y":568,"z":0},"rotation":{"x":0,"y":0,"z":0},"scale":{"x":16,"y":16,"z":16}},{"class":"spike","position":{"x":-2800,"y":568,"z":0},"rotation":{"x":0,"y":0,"z":0},"scale":{"x":16,"y":16,"z":16}},{"class":"spike","position":{"x":-2816,"y":568,"z":0},"rotation":{"x":0,"y":0,"z":0},"scale":{"x":16,"y":16,"z":16}},{"class":"spike","position":{"x":-2832,"y":568,"z":0},"rotation":{"x":0,"y":0,"z":0},"scale":{"x":16,"y":16,"z":16}},{"class":"spike","position":{"x":-2848,"y":568,"z":0},"rotation":{"x":0,"y":0,"z":0},"scale":{"x":16,"y":16,"z":16}},{"class":"spike","position":{"x":-2864,"y":568,"z":0},"rotation":{"x":0,"y":0,"z":0},"scale":{"x":16,"y":16,"z":16}},{"class":"cube","position":{"x":-2448,"y":168,"z":0},"rotation":{"x":0,"y":0,"z":0.2617993877991494},"scale":{"x":24,"y":160,"z":16}},{"class":"cube","position":{"x":-2528,"y":176,"z":0},"rotation":{"x":0,"y":0,"z":-0.2617993877991494},"scale":{"x":24,"y":160,"z":16}},{"class":"spike","position":{"x":-2432,"y":240,"z":0},"rotation":{"x":0,"y":0,"z":-1.5707963267948963},"scale":{"x":16,"y":16,"z":16}},{"class":"spike","position":{"x":-2432,"y":240,"z":0},"rotation":{"x":0,"y":0,"z":-1.5707963267948963},"scale":{"x":16,"y":16,"z":16}},{"class":"spike","position":{"x":-2432,"y":256,"z":0},"rotation":{"x":0,"y":0,"z":-1.5707963267948963},"scale":{"x":16,"y":16,"z":16}},{"class":"spike","position":{"x":-2432,"y":272,"z":0},"rotation":{"x":0,"y":0,"z":-1.5707963267948963},"scale":{"x":16,"y":16,"z":16}},{"class":"spike","position":{"x":-2432,"y":288,"z":0},"rotation":{"x":0,"y":0,"z":-1.5707963267948963},"scale":{"x":16,"y":16,"z":16}},{"class":"spike","position":{"x":-2432,"y":304,"z":0},"rotation":{"x":0,"y":0,"z":-1.5707963267948963},"scale":{"x":16,"y":16,"z":16}},{"class":"spike","position":{"x":-2432,"y":320,"z":0},"rotation":{"x":0,"y":0,"z":-1.5707963267948963},"scale":{"x":16,"y":16,"z":16}},{"class":"spike","position":{"x":-2544,"y":240,"z":0},"rotation":{"x":0,"y":0,"z":1.570796326794897},"scale":{"x":16,"y":16,"z":16}},{"class":"spike","position":{"x":-2544,"y":240,"z":0},"rotation":{"x":0,"y":0,"z":1.570796326794897},"scale":{"x":16,"y":16,"z":16}},{"class":"spike","position":{"x":-2544,"y":256,"z":0},"rotation":{"x":0,"y":0,"z":1.570796326794897},"scale":{"x":16,"y":16,"z":16}},{"class":"spike","position":{"x":-2544,"y":272,"z":0},"rotation":{"x":0,"y":0,"z":1.570796326794897},"scale":{"x":16,"y":16,"z":16}},{"class":"spike","position":{"x":-2544,"y":288,"z":0},"rotation":{"x":0,"y":0,"z":1.570796326794897},"scale":{"x":16,"y":16,"z":16}},{"class":"spike","position":{"x":-2544,"y":304,"z":0},"rotation":{"x":0,"y":0,"z":1.570796326794897},"scale":{"x":16,"y":16,"z":16}},{"class":"spike","position":{"x":-2544,"y":320,"z":0},"rotation":{"x":0,"y":0,"z":1.570796326794897},"scale":{"x":16,"y":16,"z":16}},{"class":"spike","position":{"x":-2544,"y":336,"z":0},"rotation":{"x":0,"y":0,"z":1.570796326794897},"scale":{"x":16,"y":16,"z":16}},{"class":"cube","position":{"x":-3488,"y":784,"z":0},"rotation":{"x":0,"y":0,"z":0.7853981633974482},"scale":{"x":16,"y":1088,"z":16}},{"class":"cube","position":{"x":-3880,"y":776,"z":0},"rotation":{"x":0,"y":0,"z":0},"scale":{"x":16,"y":784,"z":16}},{"class":"cube","position":{"x":-3664,"y":560,"z":0},"rotation":{"x":0,"y":0,"z":0},"scale":{"x":432,"y":352,"z":16}},{"class":"cube","position":{"x":-3792,"y":824,"z":0},"rotation":{"x":0,"y":0,"z":0},"scale":{"x":184,"y":208,"z":16}},{"class":"cube","position":{"x":-3376,"y":488,"z":0},"rotation":{"x":0,"y":0,"z":0},"scale":{"x":184,"y":208,"z":16}},{"class":"cube","position":{"x":-3816,"y":984,"z":0},"rotation":{"x":0,"y":0,"z":0},"scale":{"x":120,"y":120,"z":16}},{"class":"cube","position":{"x":-3640,"y":792,"z":0},"rotation":{"x":0,"y":0,"z":0},"scale":{"x":120,"y":120,"z":16}},{"class":"cube","position":{"x":-3256,"y":440,"z":0},"rotation":{"x":0,"y":0,"z":0},"scale":{"x":120,"y":112,"z":16}},{"class":"cube","position":{"x":-3184,"y":416,"z":0},"rotation":{"x":0,"y":0,"z":0},"scale":{"x":72,"y":64,"z":16}},{"class":"cube","position":{"x":-3272,"y":504,"z":0},"rotation":{"x":0,"y":0,"z":0},"scale":{"x":72,"y":64,"z":16}},{"class":"cube","position":{"x":-3416,"y":624,"z":0},"rotation":{"x":0,"y":0,"z":0},"scale":{"x":72,"y":64,"z":16}},{"class":"cube","position":{"x":-3352,"y":592,"z":0},"rotation":{"x":0,"y":0,"z":0},"scale":{"x":72,"y":64,"z":16}},{"class":"cube","position":{"x":-3432,"y":672,"z":0},"rotation":{"x":0,"y":0,"z":0},"scale":{"x":72,"y":64,"z":16}},{"class":"cube","position":{"x":-3544,"y":768,"z":0},"rotation":{"x":0,"y":0,"z":0},"scale":{"x":72,"y":64,"z":16}},{"class":"cube","position":{"x":-3672,"y":872,"z":0},"rotation":{"x":0,"y":0,"z":0},"scale":{"x":72,"y":64,"z":16}},{"class":"cube","position":{"x":-3640,"y":856,"z":0},"rotation":{"x":0,"y":0,"z":0},"scale":{"x":72,"y":64,"z":16}},{"class":"cube","position":{"x":-3720,"y":936,"z":0},"rotation":{"x":0,"y":0,"z":0},"scale":{"x":72,"y":64,"z":16}},{"class":"cube","position":{"x":-3840,"y":1072,"z":0},"rotation":{"x":0,"y":0,"z":0},"scale":{"x":72,"y":64,"z":16}},{"class":"cube","position":{"x":-3136,"y":400,"z":0},"rotation":{"x":0,"y":0,"z":0},"scale":{"x":48,"y":32,"z":16}},{"class":"cube","position":{"x":-3488,"y":736,"z":0},"rotation":{"x":0,"y":0,"z":0.7853981633974482},"scale":{"x":64,"y":928,"z":16}},{"class":"cube","position":{"x":-3144,"y":424,"z":0},"rotation":{"x":0,"y":0,"z":0},"scale":{"x":16,"y":16,"z":16}},{"class":"cube","position":{"x":-3104,"y":392,"z":0},"rotation":{"x":0,"y":0,"z":0},"scale":{"x":16,"y":16,"z":16}},{"class":"cube","position":{"x":-3136,"y":424,"z":0},"rotation":{"x":0,"y":0,"z":0},"scale":{"x":16,"y":16,"z":16}},{"class":"cube","position":{"x":-3800,"y":1080,"z":0},"rotation":{"x":0,"y":0,"z":0},"scale":{"x":16,"y":16,"z":16}},{"class":"cube","position":{"x":-3856,"y":1120,"z":0},"rotation":{"x":0,"y":0,"z":0},"scale":{"x":32,"y":48,"z":16}},{"class":"cube","position":{"x":-3832,"y":1112,"z":0},"rotation":{"x":0,"y":0,"z":0},"scale":{"x":24,"y":24,"z":16}},{"class":"cube","position":{"x":-3872,"y":1152,"z":0},"rotation":{"x":0,"y":0,"z":0},"scale":{"x":32,"y":16,"z":16}},{"class":"cube","position":{"x":-3880,"y":1168,"z":0},"rotation":{"x":0,"y":0,"z":0},"scale":{"x":16,"y":16,"z":16}},{"class":"cube","position":{"x":-3872,"y":1168,"z":0},"rotation":{"x":0,"y":0,"z":0},"scale":{"x":8,"y":16,"z":16}},{"class":"cube","position":{"x":-3200,"y":528,"z":0},"rotation":{"x":0,"y":0,"z":-0.7853981633974484},"scale":{"x":40,"y":48,"z":16}},{"class":"cube","position":{"x":-3168,"y":544,"z":0},"rotation":{"x":0,"y":0,"z":-1.570796326794897},"scale":{"x":40,"y":48,"z":16}},{"class":"cube","position":{"x":-3192,"y":560,"z":0},"rotation":{"x":0,"y":0,"z":0},"scale":{"x":16,"y":8,"z":16}},{"class":"cube","position":{"x":-3192,"y":552,"z":0},"rotation":{"x":0,"y":0,"z":0},"scale":{"x":16,"y":16,"z":16}},{"class":"cube","position":{"x":-3376,"y":712,"z":0},"rotation":{"x":0,"y":0,"z":0.2617993877991494},"scale":{"x":104,"y":56,"z":16}},{"class":"cube","position":{"x":-3312,"y":760,"z":0},"rotation":{"x":0,"y":0,"z":0.7853981633974484},"scale":{"x":104,"y":56,"z":16}},{"class":"cube","position":{"x":-3288,"y":584,"z":0},"rotation":{"x":0,"y":0,"z":0},"scale":{"x":16,"y":16,"z":16}},{"class":"cube","position":{"x":-3344,"y":648,"z":0},"rotation":{"x":0,"y":0,"z":0.7853981633974484},"scale":{"x":16,"y":16,"z":16}},{"class":"tip","position":{"x":-3168,"y":576,"z":0},"rotation":{"x":0,"y":0,"z":0},"scale":{"x":16,"y":16,"z":16},"text":"Part 4: The Ascension"},{"class":"tip","position":{"x":-3296,"y":832,"z":0},"rotation":{"x":0,"y":0,"z":0},"scale":{"x":16,"y":16,"z":16},"text":"Well, a journey it has been."},{"class":"cube","position":{"x":-3584,"y":888,"z":0},"rotation":{"x":0,"y":0,"z":0},"scale":{"x":64,"y":64,"z":16}},{"class":"cube","position":{"x":-3544,"y":952,"z":0},"rotation":{"x":0,"y":0,"z":0},"scale":{"x":64,"y":64,"z":16}},{"class":"cube","position":{"x":-3608,"y":944,"z":0},"rotation":{"x":0,"y":0,"z":0.5235987755982987},"scale":{"x":80,"y":16,"z":16}},{"class":"cube","position":{"x":-3504,"y":1016,"z":0},"rotation":{"x":0,"y":0,"z":0},"scale":{"x":64,"y":64,"z":16}},{"class":"cube","position":{"x":-3544,"y":1008,"z":0},"rotation":{"x":0,"y":0,"z":1.0471975511965976},"scale":{"x":64,"y":16,"z":16}},{"class":"cube","position":{"x":-3488,"y":800,"z":0},"rotation":{"x":0,"y":0,"z":0.2617993877991494},"scale":{"x":48,"y":16,"z":16}},{"class":"cube","position":{"x":-3312,"y":792,"z":0},"rotation":{"x":0,"y":0,"z":0},"scale":{"x":16,"y":16,"z":16}},{"class":"cube","position":{"x":-3296,"y":744,"z":0},"rotation":{"x":0,"y":0,"z":0},"scale":{"x":16,"y":16,"z":16}},{"class":"cube","position":{"x":-3168,"y":528,"z":0},"rotation":{"x":0,"y":0,"z":1.0471975511965976},"scale":{"x":16,"y":16,"z":16}},{"class":"cube","position":{"x":-3520,"y":952,"z":0},"rotation":{"x":0,"y":0,"z":0.5235987755982987},"scale":{"x":16,"y":16,"z":16}},{"class":"cube","position":{"x":-3480,"y":1040,"z":0},"rotation":{"x":0,"y":0,"z":-0.5235987755982987},"scale":{"x":16,"y":16,"z":16}},{"class":"cube","position":{"x":-3736,"y":1064,"z":0},"rotation":{"x":0,"y":0,"z":-0.2617993877991494},"scale":{"x":40,"y":72,"z":16}},{"class":"cube","position":{"x":-3704,"y":1112,"z":0},"rotation":{"x":0,"y":0,"z":-1.047197551196598},"scale":{"x":24,"y":72,"z":16}},{"class":"cube","position":{"x":-3664,"y":1152,"z":0},"rotation":{"x":0,"y":0,"z":0},"scale":{"x":40,"y":48,"z":16}},{"class":"cube","position":{"x":-3656,"y":968,"z":0},"rotation":{"x":0,"y":0,"z":0},"scale":{"x":24,"y":16,"z":16}},{"class":"cube","position":{"x":-3696,"y":1000,"z":0},"rotation":{"x":0,"y":0,"z":0.5235987755982987},"scale":{"x":16,"y":16,"z":16}},{"class":"cube","position":{"x":-3720,"y":1064,"z":0},"rotation":{"x":0,"y":0,"z":0},"scale":{"x":16,"y":16,"z":16}},{"class":"cube","position":{"x":-3648,"y":1160,"z":0},"rotation":{"x":0,"y":0,"z":-0.2617993877991494},"scale":{"x":16,"y":16,"z":16}},{"class":"cube","position":{"x":-3712,"y":1120,"z":0},"rotation":{"x":0,"y":0,"z":0},"scale":{"x":16,"y":16,"z":16}},{"class":"spike","position":{"x":-3896,"y":552,"z":0},"rotation":{"x":0,"y":0,"z":1.5707963267948963},"scale":{"x":16,"y":16,"z":16}},{"class":"spike","position":{"x":-3896,"y":552,"z":0},"rotation":{"x":0,"y":0,"z":1.5707963267948963},"scale":{"x":16,"y":16,"z":16}},{"class":"spike","position":{"x":-3896,"y":568,"z":0},"rotation":{"x":0,"y":0,"z":1.5707963267948963},"scale":{"x":16,"y":16,"z":16}},{"class":"spike","position":{"x":-3896,"y":584,"z":0},"rotation":{"x":0,"y":0,"z":1.5707963267948963},"scale":{"x":16,"y":16,"z":16}},{"class":"spike","position":{"x":-3896,"y":600,"z":0},"rotation":{"x":0,"y":0,"z":1.5707963267948963},"scale":{"x":16,"y":16,"z":16}},{"class":"spike","position":{"x":-3896,"y":616,"z":0},"rotation":{"x":0,"y":0,"z":1.5707963267948963},"scale":{"x":16,"y":16,"z":16}},{"class":"tip","position":{"x":-3624,"y":1056,"z":0},"rotation":{"x":0,"y":0,"z":0},"scale":{"x":16,"y":16,"z":16},"text":"Thanks for taking your time to read these text boxes"},{"class":"cube","position":{"x":-3960,"y":1280,"z":0},"rotation":{"x":0,"y":0,"z":0},"scale":{"x":16,"y":16,"z":16}},{"class":"cube","position":{"x":-3944,"y":1280,"z":0},"rotation":{"x":0,"y":0,"z":0},"scale":{"x":16,"y":16,"z":16}},{"class":"cube","position":{"x":-3928,"y":1272,"z":0},"rotation":{"x":0,"y":0,"z":0},"scale":{"x":16,"y":16,"z":16}},{"class":"cube","position":{"x":-3920,"y":1256,"z":0},"rotation":{"x":0,"y":0,"z":0},"scale":{"x":16,"y":16,"z":16}},{"class":"cube","position":{"x":-3928,"y":1240,"z":0},"rotation":{"x":0,"y":0,"z":0},"scale":{"x":16,"y":16,"z":16}},{"class":"cube","position":{"x":-3944,"y":1240,"z":0},"rotation":{"x":0,"y":0,"z":0},"scale":{"x":16,"y":16,"z":16}},{"class":"cube","position":{"x":-3960,"y":1232,"z":0},"rotation":{"x":0,"y":0,"z":0},"scale":{"x":16,"y":16,"z":16}},{"class":"cube","position":{"x":-3976,"y":1240,"z":0},"rotation":{"x":0,"y":0,"z":0},"scale":{"x":16,"y":16,"z":16}},{"class":"cube","position":{"x":-3992,"y":1240,"z":0},"rotation":{"x":0,"y":0,"z":0},"scale":{"x":16,"y":16,"z":16}},{"class":"cube","position":{"x":-4000,"y":1256,"z":0},"rotation":{"x":0,"y":0,"z":0},"scale":{"x":16,"y":16,"z":16}},{"class":"cube","position":{"x":-3992,"y":1272,"z":0},"rotation":{"x":0,"y":0,"z":0},"scale":{"x":16,"y":16,"z":16}},{"class":"cube","position":{"x":-3976,"y":1288,"z":0},"rotation":{"x":0,"y":0,"z":0},"scale":{"x":16,"y":16,"z":16}},{"class":"cube","position":{"x":-4152,"y":1424,"z":0},"rotation":{"x":0,"y":0,"z":0},"scale":{"x":16,"y":16,"z":16}},{"class":"cube","position":{"x":-4136,"y":1416,"z":0},"rotation":{"x":0,"y":0,"z":0},"scale":{"x":16,"y":16,"z":16}},{"class":"cube","position":{"x":-4120,"y":1424,"z":0},"rotation":{"x":0,"y":0,"z":0},"scale":{"x":16,"y":16,"z":16}},{"class":"cube","position":{"x":-4104,"y":1416,"z":0},"rotation":{"x":0,"y":0,"z":0},"scale":{"x":16,"y":16,"z":16}},{"class":"cube","position":{"x":-4088,"y":1400,"z":0},"rotation":{"x":0,"y":0,"z":0},"scale":{"x":16,"y":16,"z":16}},{"class":"cube","position":{"x":-4080,"y":1384,"z":0},"rotation":{"x":0,"y":0,"z":0},"scale":{"x":16,"y":16,"z":16}},{"class":"cube","position":{"x":-4096,"y":1376,"z":0},"rotation":{"x":0,"y":0,"z":0},"scale":{"x":16,"y":16,"z":16}},{"class":"cube","position":{"x":-4112,"y":1368,"z":0},"rotation":{"x":0,"y":0,"z":0},"scale":{"x":16,"y":16,"z":16}},{"class":"cube","position":{"x":-4128,"y":1360,"z":0},"rotation":{"x":0,"y":0,"z":0},"scale":{"x":16,"y":16,"z":16}},{"class":"cube","position":{"x":-4144,"y":1368,"z":0},"rotation":{"x":0,"y":0,"z":0},"scale":{"x":16,"y":16,"z":16}},{"class":"cube","position":{"x":-4168,"y":1368,"z":0},"rotation":{"x":0,"y":0,"z":0},"scale":{"x":16,"y":16,"z":16}},{"class":"cube","position":{"x":-4152,"y":1360,"z":0},"rotation":{"x":0,"y":0,"z":0},"scale":{"x":16,"y":16,"z":16}},{"class":"cube","position":{"x":-4184,"y":1384,"z":0},"rotation":{"x":0,"y":0,"z":0},"scale":{"x":16,"y":16,"z":16}},{"class":"cube","position":{"x":-4176,"y":1400,"z":0},"rotation":{"x":0,"y":0,"z":0},"scale":{"x":16,"y":16,"z":16}},{"class":"cube","position":{"x":-4160,"y":1416,"z":0},"rotation":{"x":0,"y":0,"z":0},"scale":{"x":16,"y":16,"z":16}},{"class":"tip","position":{"x":-3960,"y":1312,"z":0},"rotation":{"x":0,"y":0,"z":0},"scale":{"x":16,"y":16,"z":16},"text":"Elements and inspiration from:"},{"class":"tip","position":{"x":-4136,"y":1448,"z":0},"rotation":{"x":0,"y":0,"z":0},"scale":{"x":16,"y":16,"z":16},"text":"Charlieee1's Mountain Climb"},{"class":"cube","position":{"x":-3944,"y":1536,"z":0},"rotation":{"x":0,"y":0,"z":0},"scale":{"x":16,"y":16,"z":16}},{"class":"cube","position":{"x":-3960,"y":1520,"z":0},"rotation":{"x":0,"y":0,"z":0},"scale":{"x":16,"y":16,"z":16}},{"class":"cube","position":{"x":-3968,"y":1504,"z":0},"rotation":{"x":0,"y":0,"z":0},"scale":{"x":16,"y":16,"z":16}},{"class":"cube","position":{"x":-3960,"y":1496,"z":0},"rotation":{"x":0,"y":0,"z":0},"scale":{"x":16,"y":16,"z":16}},{"class":"cube","position":{"x":-3944,"y":1488,"z":0},"rotation":{"x":0,"y":0,"z":0},"scale":{"x":16,"y":16,"z":16}},{"class":"cube","position":{"x":-3936,"y":1488,"z":0},"rotation":{"x":0,"y":0,"z":0},"scale":{"x":16,"y":16,"z":16}},{"class":"cube","position":{"x":-3920,"y":1480,"z":0},"rotation":{"x":0,"y":0,"z":0},"scale":{"x":16,"y":16,"z":16}},{"class":"cube","position":{"x":-3904,"y":1488,"z":0},"rotation":{"x":0,"y":0,"z":0},"scale":{"x":16,"y":16,"z":16}},{"class":"cube","position":{"x":-3888,"y":1496,"z":0},"rotation":{"x":0,"y":0,"z":0},"scale":{"x":16,"y":16,"z":16}},{"class":"cube","position":{"x":-3872,"y":1504,"z":0},"rotation":{"x":0,"y":0,"z":0},"scale":{"x":16,"y":16,"z":16}},{"class":"cube","position":{"x":-3880,"y":1520,"z":0},"rotation":{"x":0,"y":0,"z":0},"scale":{"x":16,"y":16,"z":16}},{"class":"cube","position":{"x":-3896,"y":1536,"z":0},"rotation":{"x":0,"y":0,"z":0},"scale":{"x":16,"y":16,"z":16}},{"class":"cube","position":{"x":-3912,"y":1544,"z":0},"rotation":{"x":0,"y":0,"z":0},"scale":{"x":16,"y":16,"z":16}},{"class":"cube","position":{"x":-3928,"y":1528,"z":0},"rotation":{"x":0,"y":0,"z":0},"scale":{"x":16,"y":16,"z":16}},{"class":"tip","position":{"x":-3928,"y":1568,"z":0},"rotation":{"x":0,"y":0,"z":0},"scale":{"x":16,"y":16,"z":16},"text":"Noobus' Wallclimb Ascension"},{"class":"cube","position":{"x":-4128,"y":1600,"z":0},"rotation":{"x":0,"y":0,"z":0},"scale":{"x":16,"y":16,"z":16}},{"class":"cube","position":{"x":-4112,"y":1608,"z":0},"rotation":{"x":0,"y":0,"z":0},"scale":{"x":16,"y":16,"z":16}},{"class":"cube","position":{"x":-4096,"y":1616,"z":0},"rotation":{"x":0,"y":0,"z":0},"scale":{"x":16,"y":16,"z":16}},{"class":"cube","position":{"x":-4088,"y":1616,"z":0},"rotation":{"x":0,"y":0,"z":0},"scale":{"x":16,"y":16,"z":16}},{"class":"cube","position":{"x":-4072,"y":1632,"z":0},"rotation":{"x":0,"y":0,"z":0},"scale":{"x":16,"y":16,"z":16}},{"class":"cube","position":{"x":-4080,"y":1648,"z":0},"rotation":{"x":0,"y":0,"z":0},"scale":{"x":16,"y":16,"z":16}},{"class":"cube","position":{"x":-4072,"y":1664,"z":0},"rotation":{"x":0,"y":0,"z":0},"scale":{"x":16,"y":16,"z":16}},{"class":"cube","position":{"x":-4088,"y":1672,"z":0},"rotation":{"x":0,"y":0,"z":0},"scale":{"x":16,"y":16,"z":16}},{"class":"cube","position":{"x":-4104,"y":1680,"z":0},"rotation":{"x":0,"y":0,"z":0},"scale":{"x":16,"y":16,"z":16}},{"class":"cube","position":{"x":-4120,"y":1664,"z":0},"rotation":{"x":0,"y":0,"z":0},"scale":{"x":16,"y":16,"z":16}},{"class":"cube","position":{"x":-4136,"y":1672,"z":0},"rotation":{"x":0,"y":0,"z":0},"scale":{"x":16,"y":16,"z":16}},{"class":"cube","position":{"x":-4152,"y":1664,"z":0},"rotation":{"x":0,"y":0,"z":0},"scale":{"x":16,"y":16,"z":16}},{"class":"cube","position":{"x":-4168,"y":1656,"z":0},"rotation":{"x":0,"y":0,"z":0},"scale":{"x":16,"y":16,"z":16}},{"class":"cube","position":{"x":-4184,"y":1648,"z":0},"rotation":{"x":0,"y":0,"z":0},"scale":{"x":16,"y":16,"z":16}},{"class":"cube","position":{"x":-4184,"y":1632,"z":0},"rotation":{"x":0,"y":0,"z":0},"scale":{"x":16,"y":16,"z":16}},{"class":"cube","position":{"x":-4176,"y":1616,"z":0},"rotation":{"x":0,"y":0,"z":0},"scale":{"x":16,"y":16,"z":16}},{"class":"cube","position":{"x":-4160,"y":1600,"z":0},"rotation":{"x":0,"y":0,"z":0},"scale":{"x":16,"y":16,"z":16}},{"class":"cube","position":{"x":-4144,"y":1608,"z":0},"rotation":{"x":0,"y":0,"z":0},"scale":{"x":16,"y":16,"z":16}},{"class":"tip","position":{"x":-4128,"y":1704,"z":0},"rotation":{"x":0,"y":0,"z":0},"scale":{"x":16,"y":16,"z":16},"text":"Fisher, Ember & Charlieee1's Creation Roulette"},{"class":"cube","position":{"x":-4440,"y":1816,"z":0},"rotation":{"x":0,"y":0,"z":0},"scale":{"x":16,"y":16,"z":16}},{"class":"cube","position":{"x":-4440,"y":1800,"z":0},"rotation":{"x":0,"y":0,"z":0},"scale":{"x":16,"y":16,"z":16}},{"class":"cube","position":{"x":-4432,"y":1784,"z":0},"rotation":{"x":0,"y":0,"z":0},"scale":{"x":16,"y":16,"z":16}},{"class":"cube","position":{"x":-4424,"y":1768,"z":0},"rotation":{"x":0,"y":0,"z":0},"scale":{"x":16,"y":16,"z":16}},{"class":"cube","position":{"x":-4408,"y":1760,"z":0},"rotation":{"x":0,"y":0,"z":0},"scale":{"x":16,"y":16,"z":16}},{"class":"cube","position":{"x":-4392,"y":1760,"z":0},"rotation":{"x":0,"y":0,"z":0},"scale":{"x":16,"y":16,"z":16}},{"class":"cube","position":{"x":-4376,"y":1768,"z":0},"rotation":{"x":0,"y":0,"z":0},"scale":{"x":16,"y":16,"z":16}},{"class":"cube","position":{"x":-4368,"y":1784,"z":0},"rotation":{"x":0,"y":0,"z":0},"scale":{"x":16,"y":16,"z":16}},{"class":"cube","position":{"x":-4360,"y":1800,"z":0},"rotation":{"x":0,"y":0,"z":0},"scale":{"x":16,"y":16,"z":16}},{"class":"cube","position":{"x":-4360,"y":1816,"z":0},"rotation":{"x":0,"y":0,"z":0},"scale":{"x":16,"y":16,"z":16}},{"class":"cube","position":{"x":-4400,"y":1728,"z":0},"rotation":{"x":0,"y":0,"z":0},"scale":{"x":16,"y":48,"z":16}},{"class":"cube","position":{"x":-4416,"y":1704,"z":0},"rotation":{"x":0,"y":0,"z":0},"scale":{"x":16,"y":16,"z":16}},{"class":"cube","position":{"x":-4392,"y":1704,"z":0},"rotation":{"x":0,"y":0,"z":0},"scale":{"x":32,"y":16,"z":16}},{"class":"cube","position":{"x":-4424,"y":1688,"z":0},"rotation":{"x":0,"y":0,"z":0},"scale":{"x":16,"y":16,"z":16}},{"class":"cube","position":{"x":-4376,"y":1688,"z":0},"rotation":{"x":0,"y":0,"z":0},"scale":{"x":16,"y":16,"z":16}},{"class":"cube","position":{"x":-4408,"y":1688,"z":0},"rotation":{"x":0,"y":0,"z":0},"scale":{"x":16,"y":16,"z":16}},{"class":"cube","position":{"x":-4392,"y":1688,"z":0},"rotation":{"x":0,"y":0,"z":0},"scale":{"x":16,"y":16,"z":16}},{"class":"finish","position":{"x":-4400,"y":1784,"z":0},"rotation":{"x":0,"y":0,"z":0},"scale":{"x":16,"y":16,"z":16}},{"class":"spike","position":{"x":-584,"y":640,"z":0},"rotation":{"x":0,"y":0,"z":-0.7853981633974484},"scale":{"x":16,"y":16,"z":16}},{"class":"spike","position":{"x":-600,"y":656,"z":0},"rotation":{"x":0,"y":0,"z":-0.7853981633974484},"scale":{"x":16,"y":16,"z":16}},{"class":"spike","position":{"x":-616,"y":672,"z":0},"rotation":{"x":0,"y":0,"z":-0.7853981633974484},"scale":{"x":16,"y":16,"z":16}},{"class":"spike","position":{"x":-632,"y":688,"z":0},"rotation":{"x":0,"y":0,"z":-0.7853981633974484},"scale":{"x":16,"y":16,"z":16}},{"class":"spike","position":{"x":-648,"y":704,"z":0},"rotation":{"x":0,"y":0,"z":-0.7853981633974484},"scale":{"x":16,"y":16,"z":16}},{"class":"spike","position":{"x":-656,"y":720,"z":0},"rotation":{"x":0,"y":0,"z":0},"scale":{"x":16,"y":16,"z":16}},{"class":"cube","position":{"x":-944,"y":88,"z":0},"rotation":{"x":0,"y":0,"z":0},"scale":{"x":16,"y":16,"z":16}},{"class":"tip","position":{"x":-424,"y":-280,"z":0},"rotation":{"x":0,"y":0,"z":0},"scale":{"x":16,"y":16,"z":16},"text":"Good luck for the next few jumps!"},{"class":"cube","position":{"x":-896,"y":-40,"z":0},"rotation":{"x":0,"y":0,"z":1.3089969389957479},"scale":{"x":16,"y":56,"z":16}},{"class":"cube","position":{"x":-944,"y":72,"z":0},"rotation":{"x":0,"y":0,"z":0},"scale":{"x":16,"y":16,"z":16}},{"class":"cube","position":{"x":-928,"y":72,"z":0},"rotation":{"x":0,"y":0,"z":0},"scale":{"x":16,"y":16,"z":16}},{"class":"cube","position":{"x":-912,"y":72,"z":0},"rotation":{"x":0,"y":0,"z":0},"scale":{"x":16,"y":16,"z":16}},{"class":"spike","position":{"x":-896,"y":72,"z":0},"rotation":{"x":0,"y":0,"z":-1.5707963267948963},"scale":{"x":16,"y":16,"z":16}},{"class":"reset","position":{"x":-64,"y":-296,"z":0},"rotation":{"x":0,"y":0,"z":0},"scale":{"x":40,"y":16,"z":16}}]}