{"name":"uncoho3","children":[{"class":"player","position":{"x":24,"y":-32,"z":0},"rotation":{"x":0,"y":0,"z":-5.899117880918283},"scale":{"x":16,"y":16,"z":16},"isStatic":false,"friction":0},{"class":"cube","position":{"x":184,"y":48,"z":0},"rotation":{"x":0,"y":0,"z":-0.5235987755982988},"scale":{"x":"224","y":16,"z":16}},{"class":"cube","position":{"x":0,"y":-144,"z":0},"rotation":{"x":0,"y":0,"z":0.7853981633974483},"scale":{"x":"176","y":16,"z":16}},{"class":"cube","position":{"x":-880,"y":-192,"z":0},"rotation":{"x":0,"y":0,"z":0},"scale":{"x":"80","y":16,"z":16}},{"class":"cube","position":{"x":-320,"y":-192,"z":0},"rotation":{"x":0,"y":0,"z":0},"scale":{"x":"80","y":16,"z":16}},{"class":"cube","position":{"x":-616,"y":-192,"z":0},"rotation":{"x":0,"y":0,"z":0},"scale":{"x":"80","y":16,"z":16}},{"class":"cube","position":{"x":-984,"y":-120,"z":0},"rotation":{"x":0,"y":0,"z":-0.7853981633974483},"scale":{"x":16,"y":"160","z":16}},{"class":"cube","position":{"x":-1064,"y":-256,"z":0},"rotation":{"x":0,"y":0,"z":0.7853981633974483},"scale":{"x":16,"y":"160","z":16}},{"class":"cube","position":{"x":-776,"y":-560,"z":0},"rotation":{"x":0,"y":0,"z":-0.2617993877991494},"scale":{"x":"112","y":16,"z":16}},{"class":"cube","position":{"x":-392,"y":-576,"z":0},"rotation":{"x":0,"y":0,"z":-0.2617993877991494},"scale":{"x":"112","y":16,"z":16}},{"class":"cube","position":{"x":152,"y":-672,"z":0},"rotation":{"x":0,"y":0,"z":-2.0943951023931953},"scale":{"x":"304","y":16,"z":16}},{"class":"gravity","position":{"x":112,"y":-712,"z":0},"rotation":{"x":0,"y":0,"z":1.0471975511965976},"scale":{"x":16,"y":16,"z":16}},{"class":"cube","position":{"x":0,"y":-784,"z":0},"rotation":{"x":0,"y":0,"z":0},"scale":{"x":"320","y":16,"z":16}},{"class":"checkpoint","position":{"x":184,"y":-584,"z":0},"rotation":{"x":0,"y":0,"z":-0.5235987755982988},"scale":{"x":16,"y":16,"z":16}},{"class":"cube","position":{"x":384,"y":-400,"z":0},"rotation":{"x":0,"y":0,"z":0},"scale":{"x":16,"y":"304","z":16}},{"class":"gravity","position":{"x":368,"y":-384,"z":0},"rotation":{"x":0,"y":0,"z":1.5707963267948966},"scale":{"x":16,"y":16,"z":16}},{"class":"gravity","position":{"x":320,"y":-192,"z":0},"rotation":{"x":0,"y":0,"z":2.6179938779914944},"scale":{"x":16,"y":16,"z":16}},{"class":"cube","position":{"x":304,"y":-168,"z":0},"rotation":{"x":0,"y":0,"z":-0.5235987755982988},"scale":{"x":"208","y":16,"z":16}},{"class":"cube","position":{"x":64,"y":72,"z":0},"rotation":{"x":0,"y":0,"z":0},"scale":{"x":"160","y":16,"z":16}},{"class":"gravity","position":{"x":112,"y":56,"z":0},"rotation":{"x":0,"y":0,"z":-3.141592653589793},"scale":{"x":16,"y":16,"z":16}},{"class":"gravity","position":{"x":-40,"y":-16,"z":0},"rotation":{"x":0,"y":0,"z":-0.5235987755982988},"scale":{"x":16,"y":16,"z":16}},{"class":"cube","position":{"x":384,"y":-560,"z":0},"rotation":{"x":0,"y":0,"z":0},"scale":{"x":16,"y":"160","z":16}},{"class":"gravity","position":{"x":368,"y":-560,"z":0},"rotation":{"x":0,"y":0,"z":-3.141592653589793},"scale":{"x":16,"y":16,"z":16}},{"class":"cube","position":{"x":384,"y":-240,"z":0},"rotation":{"x":0,"y":0,"z":0},"scale":{"x":16,"y":16,"z":16}},{"class":"cube","position":{"x":384,"y":-224,"z":0},"rotation":{"x":0,"y":0,"z":0},"scale":{"x":16,"y":16,"z":16}},{"class":"cube","position":{"x":-8,"y":-8,"z":0},"rotation":{"x":0,"y":0,"z":-0.5235987755982988},"scale":{"x":16,"y":"96","z":16}},{"class":"gravity","position":{"x":-8,"y":56,"z":0},"rotation":{"x":0,"y":0,"z":0},"scale":{"x":16,"y":16,"z":16}},{"class":"cube","position":{"x":-136,"y":16,"z":0},"rotation":{"x":0,"y":0,"z":0},"scale":{"x":16,"y":16,"z":16}},{"class":"cube","position":{"x":-160,"y":16,"z":0},"rotation":{"x":0,"y":0,"z":0},"scale":{"x":16,"y":16,"z":16}},{"class":"checkpoint","position":{"x":-144,"y":32,"z":0},"rotation":{"x":0,"y":0,"z":0},"scale":{"x":16,"y":16,"z":16}},{"class":"direction","position":{"x":-144,"y":16,"z":0},"rotation":{"x":0,"y":0,"z":-3.141592653589793},"scale":{"x":16,"y":16,"z":16}},{"class":"gravity","position":{"x":-160,"y":32,"z":0},"rotation":{"x":0,"y":0,"z":0},"scale":{"x":16,"y":16,"z":16}},{"class":"cube","position":{"x":-560,"y":16,"z":0},"rotation":{"x":0,"y":0,"z":0},"scale":{"x":"512","y":16,"z":16}},{"class":"spike","position":{"x":-384,"y":32,"z":0},"rotation":{"x":0,"y":0,"z":0},"scale":{"x":16,"y":16,"z":16}},{"class":"spike","position":{"x":-656,"y":32,"z":0},"rotation":{"x":0,"y":0,"z":0},"scale":{"x":16,"y":16,"z":16}},{"class":"spike","position":{"x":-808,"y":32,"z":0},"rotation":{"x":0,"y":0,"z":0},"scale":{"x":16,"y":16,"z":16}},{"class":"cube","position":{"x":-976,"y":16,"z":0},"rotation":{"x":0,"y":0,"z":0},"scale":{"x":"336","y":16,"z":16}},{"class":"spike","position":{"x":-984,"y":32,"z":0},"rotation":{"x":0,"y":0,"z":0},"scale":{"x":16,"y":16,"z":16}},{"class":"finish","position":{"x":-1136,"y":32,"z":0},"rotation":{"x":0,"y":0,"z":0},"scale":{"x":16,"y":16,"z":16}},{"class":"cube","position":{"x":-128,"y":16,"z":0},"rotation":{"x":0,"y":0,"z":-0.2617993877991494},"scale":{"x":16,"y":16,"z":16}},{"class":"direction","position":{"x":-72,"y":-16,"z":0},"rotation":{"x":0,"y":0,"z":2.6179938779914944},"scale":{"x":"128","y":16,"z":16}},{"class":"cube","position":{"x":72,"y":-8,"z":0},"rotation":{"x":0,"y":0,"z":-0.5235987755982988},"scale":{"x":"144","y":16,"z":16}},{"class":"gravity","position":{"x":208,"y":16,"z":0},"rotation":{"x":0,"y":0,"z":-2.0943951023931953},"scale":{"x":16,"y":16,"z":16}}]}