{"name":"Up, Down, and Through","children":[{"class":"player","position":{"x":0,"y":-224,"z":0},"rotation":{"x":0,"y":0,"z":0},"scale":{"x":16,"y":16,"z":16},"isStatic":false,"friction":0},{"class":"cube","position":{"x":-8,"y":16,"z":0},"rotation":{"x":0,"y":0,"z":0},"scale":{"x":40,"y":8,"z":16}},{"class":"cube","position":{"x":0,"y":-16,"z":0},"rotation":{"x":0,"y":0,"z":0},"scale":{"x":48,"y":8,"z":16}},{"class":"control","position":{"x":0,"y":-232,"z":0},"rotation":{"x":0,"y":0,"z":0},"scale":{"x":16,"y":16,"z":16}},{"class":"cube","position":{"x":0,"y":48,"z":0},"rotation":{"x":0,"y":0,"z":0},"scale":{"x":48,"y":8,"z":16}},{"class":"cube","position":{"x":0,"y":80,"z":0},"rotation":{"x":0,"y":0,"z":0},"scale":{"x":48,"y":8,"z":16}},{"class":"cube","position":{"x":320,"y":216,"z":0},"rotation":{"x":0,"y":0,"z":0},"scale":{"x":528,"y":16,"z":16}},{"class":"cube","position":{"x":760,"y":440,"z":0},"rotation":{"x":0,"y":0,"z":0.7853981633974484},"scale":{"x":488,"y":16,"z":16},"isStatic":false,"friction":0},{"class":"spike","position":{"x":112,"y":232,"z":0},"rotation":{"x":0,"y":0,"z":3.1415926535897927},"scale":{"x":16,"y":16,"z":16},"isStatic":false,"friction":0.1},{"class":"spike","position":{"x":96,"y":232,"z":0},"rotation":{"x":0,"y":0,"z":-3.141592653589793},"scale":{"x":16,"y":16,"z":16},"isStatic":false,"friction":0.1},{"class":"spike","position":{"x":80,"y":232,"z":0},"rotation":{"x":0,"y":0,"z":3.1415926535897927},"scale":{"x":16,"y":16,"z":16},"isStatic":false,"friction":0.1},{"class":"spike","position":{"x":64,"y":232,"z":0},"rotation":{"x":0,"y":0,"z":-3.141592653589793},"scale":{"x":16,"y":16,"z":16},"isStatic":false,"friction":0.1},{"class":"spike","position":{"x":128,"y":232,"z":0},"rotation":{"x":0,"y":0,"z":3.1415926535897927},"scale":{"x":16,"y":16,"z":16},"isStatic":false,"friction":0.1},{"class":"spike","position":{"x":144,"y":232,"z":0},"rotation":{"x":0,"y":0,"z":3.1415926535897927},"scale":{"x":16,"y":16,"z":16},"isStatic":false,"friction":0.1},{"class":"spike","position":{"x":160,"y":232,"z":0},"rotation":{"x":0,"y":0,"z":3.1415926535897927},"scale":{"x":16,"y":16,"z":16},"isStatic":false,"friction":0.1},{"class":"spike","position":{"x":176,"y":232,"z":0},"rotation":{"x":0,"y":0,"z":3.141592653589793},"scale":{"x":16,"y":16,"z":16},"isStatic":false,"friction":0.1},{"class":"spike","position":{"x":192,"y":232,"z":0},"rotation":{"x":0,"y":0,"z":3.141592653589793},"scale":{"x":16,"y":16,"z":16},"isStatic":false,"friction":0.1},{"class":"spike","position":{"x":208,"y":232,"z":0},"rotation":{"x":0,"y":0,"z":-3.141592653589793},"scale":{"x":16,"y":16,"z":16},"isStatic":false,"friction":0.1},{"class":"spike","position":{"x":224,"y":232,"z":0},"rotation":{"x":0,"y":0,"z":3.1415926535897927},"scale":{"x":16,"y":16,"z":16},"isStatic":false,"friction":0.1},{"class":"spike","position":{"x":240,"y":232,"z":0},"rotation":{"x":0,"y":0,"z":3.1415926535897927},"scale":{"x":16,"y":16,"z":16},"isStatic":false,"friction":0.1},{"class":"cube","position":{"x":56,"y":-40,"z":0},"rotation":{"x":0,"y":0,"z":0},"scale":{"x":16,"y":456,"z":16}},{"class":"cube","position":{"x":40,"y":248,"z":0},"rotation":{"x":0,"y":0,"z":-1.3089969389957472},"scale":{"x":16,"y":40,"z":16}},{"class":"cube","position":{"x":24,"y":240,"z":0},"rotation":{"x":0,"y":0,"z":-0.7853981633974484},"scale":{"x":16,"y":24,"z":16}},{"class":"cube","position":{"x":24,"y":216,"z":0},"rotation":{"x":0,"y":0,"z":-0.2617993877991494},"scale":{"x":16,"y":56,"z":16}},{"class":"cube","position":{"x":56,"y":192,"z":0},"rotation":{"x":0,"y":0,"z":1.3089969389957479},"scale":{"x":56,"y":16,"z":16}},{"class":"cube","position":{"x":16,"y":136,"z":0},"rotation":{"x":0,"y":0,"z":0},"scale":{"x":16,"y":112,"z":16}},{"class":"cube","position":{"x":752,"y":392,"z":0},"rotation":{"x":0,"y":0,"z":0.7853981633974482},"scale":{"x":528,"y":16,"z":16}},{"class":"spike","position":{"x":256,"y":232,"z":0},"rotation":{"x":0,"y":0,"z":3.1415926535897927},"scale":{"x":16,"y":16,"z":16},"isStatic":false,"friction":0.1},{"class":"spike","position":{"x":272,"y":232,"z":0},"rotation":{"x":0,"y":0,"z":3.1415926535897927},"scale":{"x":16,"y":16,"z":16},"isStatic":false,"friction":0.1},{"class":"spike","position":{"x":288,"y":232,"z":0},"rotation":{"x":0,"y":0,"z":3.1415926535897927},"scale":{"x":16,"y":16,"z":16},"isStatic":false,"friction":0.1},{"class":"spike","position":{"x":304,"y":232,"z":0},"rotation":{"x":0,"y":0,"z":3.1415926535897927},"scale":{"x":16,"y":16,"z":16},"isStatic":false,"friction":0.1},{"class":"spike","position":{"x":320,"y":232,"z":0},"rotation":{"x":0,"y":0,"z":3.1415926535897927},"scale":{"x":16,"y":16,"z":16},"isStatic":false,"friction":0.1},{"class":"spike","position":{"x":336,"y":232,"z":0},"rotation":{"x":0,"y":0,"z":3.1415926535897927},"scale":{"x":16,"y":16,"z":16},"isStatic":false,"friction":0.1},{"class":"spike","position":{"x":352,"y":232,"z":0},"rotation":{"x":0,"y":0,"z":3.1415926535897927},"scale":{"x":16,"y":16,"z":16},"isStatic":false,"friction":0.1},{"class":"spike","position":{"x":368,"y":232,"z":0},"rotation":{"x":0,"y":0,"z":3.1415926535897927},"scale":{"x":16,"y":16,"z":16},"isStatic":false,"friction":0.1},{"class":"spike","position":{"x":384,"y":232,"z":0},"rotation":{"x":0,"y":0,"z":3.1415926535897927},"scale":{"x":16,"y":16,"z":16},"isStatic":false,"friction":0.1},{"class":"spike","position":{"x":400,"y":232,"z":0},"rotation":{"x":0,"y":0,"z":3.1415926535897927},"scale":{"x":16,"y":16,"z":16},"isStatic":false,"friction":0.1},{"class":"spike","position":{"x":416,"y":232,"z":0},"rotation":{"x":0,"y":0,"z":3.1415926535897927},"scale":{"x":16,"y":16,"z":16},"isStatic":false,"friction":0.1},{"class":"spike","position":{"x":432,"y":232,"z":0},"rotation":{"x":0,"y":0,"z":3.1415926535897927},"scale":{"x":16,"y":16,"z":16},"isStatic":false,"friction":0.1},{"class":"spike","position":{"x":448,"y":232,"z":0},"rotation":{"x":0,"y":0,"z":3.1415926535897927},"scale":{"x":16,"y":16,"z":16},"isStatic":false,"friction":0.1},{"class":"spike","position":{"x":464,"y":232,"z":0},"rotation":{"x":0,"y":0,"z":3.1415926535897927},"scale":{"x":16,"y":16,"z":16},"isStatic":false,"friction":0.1},{"class":"spike","position":{"x":480,"y":232,"z":0},"rotation":{"x":0,"y":0,"z":3.1415926535897927},"scale":{"x":16,"y":16,"z":16},"isStatic":false,"friction":0.1},{"class":"spike","position":{"x":496,"y":232,"z":0},"rotation":{"x":0,"y":0,"z":3.1415926535897927},"scale":{"x":16,"y":16,"z":16},"isStatic":false,"friction":0.1},{"class":"spike","position":{"x":512,"y":232,"z":0},"rotation":{"x":0,"y":0,"z":3.1415926535897927},"scale":{"x":16,"y":16,"z":16},"isStatic":false,"friction":0.1},{"class":"cube","position":{"x":0,"y":-48,"z":0},"rotation":{"x":0,"y":0,"z":0},"scale":{"x":48,"y":8,"z":16}},{"class":"cube","position":{"x":0,"y":-80,"z":0},"rotation":{"x":0,"y":0,"z":0},"scale":{"x":48,"y":8,"z":16}},{"class":"cube","position":{"x":0,"y":-112,"z":0},"rotation":{"x":0,"y":0,"z":0},"scale":{"x":48,"y":8,"z":16}},{"class":"cube","position":{"x":-8,"y":-144,"z":0},"rotation":{"x":0,"y":0,"z":0},"scale":{"x":40,"y":8,"z":16}},{"class":"cube","position":{"x":0,"y":-176,"z":0},"rotation":{"x":0,"y":0,"z":0},"scale":{"x":48,"y":8,"z":16}},{"class":"cube","position":{"x":0,"y":-208,"z":0},"rotation":{"x":0,"y":0,"z":0},"scale":{"x":48,"y":8,"z":16}},{"class":"cube","position":{"x":-104,"y":-240,"z":0},"rotation":{"x":0,"y":0,"z":0},"scale":{"x":256,"y":8,"z":16}},{"class":"spike","position":{"x":40,"y":216,"z":0},"rotation":{"x":0,"y":0,"z":-3.141592653589793},"scale":{"x":16,"y":16,"z":16},"isStatic":false,"friction":0},{"class":"cube","position":{"x":-32,"y":-72,"z":0},"rotation":{"x":0,"y":0,"z":0},"scale":{"x":16,"y":312,"z":16}},{"class":"resize","position":{"x":8,"y":64,"z":0},"rotation":{"x":0,"y":0,"z":0},"scale":{"x":8,"y":8,"z":16}},{"class":"spike","position":{"x":40,"y":-264,"z":0},"rotation":{"x":0,"y":0,"z":0.5235987755982987},"scale":{"x":16,"y":16,"z":16}},{"class":"spike","position":{"x":56,"y":-256,"z":0},"rotation":{"x":0,"y":0,"z":0.5235987755982987},"scale":{"x":16,"y":16,"z":16}},{"class":"spike","position":{"x":16,"y":-24,"z":0},"rotation":{"x":0,"y":0,"z":-3.141592653589793},"scale":{"x":8,"y":8,"z":16}},{"class":"spike","position":{"x":-24,"y":-88,"z":0},"rotation":{"x":0,"y":0,"z":-1.570796326794897},"scale":{"x":8,"y":8,"z":16}},{"class":"spike","position":{"x":-24,"y":-96,"z":0},"rotation":{"x":0,"y":0,"z":-1.570796326794897},"scale":{"x":8,"y":8,"z":16}},{"class":"spike","position":{"x":-24,"y":-104,"z":0},"rotation":{"x":0,"y":0,"z":-1.570796326794897},"scale":{"x":8,"y":8,"z":16}},{"class":"spike","position":{"x":0,"y":-72,"z":0},"rotation":{"x":0,"y":0,"z":4.440892098500626e-16},"scale":{"x":8,"y":8,"z":16}},{"class":"spike","position":{"x":8,"y":-248,"z":0},"rotation":{"x":0,"y":0,"z":-1.5707963267948961},"scale":{"x":8,"y":8,"z":16}},{"class":"spike","position":{"x":16,"y":-144,"z":0},"rotation":{"x":0,"y":0,"z":-1.570796326794897},"scale":{"x":8,"y":8,"z":16}},{"class":"spike","position":{"x":-8,"y":-168,"z":0},"rotation":{"x":0,"y":0,"z":4.440892098500626e-16},"scale":{"x":8,"y":8,"z":16}},{"class":"spike","position":{"x":0,"y":-168,"z":0},"rotation":{"x":0,"y":0,"z":4.440892098500626e-16},"scale":{"x":8,"y":8,"z":16}},{"class":"spike","position":{"x":16,"y":16,"z":0},"rotation":{"x":0,"y":0,"z":-1.570796326794897},"scale":{"x":8,"y":8,"z":16}},{"class":"spike","position":{"x":-48,"y":-64,"z":0},"rotation":{"x":0,"y":0,"z":1.5707963267948963},"scale":{"x":296,"y":16,"z":16}},{"class":"cube","position":{"x":-208,"y":16,"z":0},"rotation":{"x":0,"y":0,"z":0},"scale":{"x":64,"y":16,"z":16}},{"class":"resize","position":{"x":-56,"y":-224,"z":0},"rotation":{"x":0,"y":0,"z":0},"scale":{"x":16,"y":16,"z":16}},{"class":"cube","position":{"x":-112,"y":-200,"z":0},"rotation":{"x":0,"y":0,"z":0},"scale":{"x":8,"y":8,"z":16},"isStatic":false,"friction":0},{"class":"spike","position":{"x":-168,"y":-112,"z":0},"rotation":{"x":0,"y":0,"z":-1.5707963267948963},"scale":{"x":256,"y":16,"z":16}},{"class":"cube","position":{"x":-184,"y":-112,"z":0},"rotation":{"x":0,"y":0,"z":-1.5707963267948963},"scale":{"x":256,"y":16,"z":16}},{"class":"finish","position":{"x":-264,"y":-232,"z":0},"rotation":{"x":0,"y":0,"z":0},"scale":{"x":48,"y":48,"z":16}},{"class":"reset","position":{"x":-104,"y":-168,"z":0},"rotation":{"x":0,"y":0,"z":0},"scale":{"x":152,"y":16,"z":16}},{"class":"control","position":{"x":-120,"y":80,"z":0},"rotation":{"x":0,"y":0,"z":0},"scale":{"x":160,"y":16,"z":16}},{"class":"checkpoint","position":{"x":-32,"y":-232,"z":0},"rotation":{"x":0,"y":0,"z":0},"scale":{"x":8,"y":8,"z":16}},{"class":"resize","position":{"x":-32,"y":-232,"z":0},"rotation":{"x":0,"y":0,"z":0},"scale":{"x":8,"y":8,"z":16}},{"class":"control","position":{"x":-32,"y":-232,"z":0},"rotation":{"x":0,"y":0,"z":0},"scale":{"x":8,"y":8,"z":16}},{"class":"direction","position":{"x":72,"y":-232,"z":16},"rotation":{"x":0,"y":0,"z":1.5707963267948963},"scale":{"x":16,"y":16,"z":16}},{"class":"spike","position":{"x":72,"y":-216,"z":16},"rotation":{"x":0,"y":0,"z":-3.141592653589793},"scale":{"x":16,"y":16,"z":16}},{"class":"spike","position":{"x":72,"y":-200,"z":16},"rotation":{"x":0,"y":0,"z":-3.141592653589793},"scale":{"x":16,"y":16,"z":16}},{"class":"spike","position":{"x":72,"y":-184,"z":16},"rotation":{"x":0,"y":0,"z":-3.141592653589793},"scale":{"x":16,"y":16,"z":16}},{"class":"direction","position":{"x":-32,"y":72,"z":16},"rotation":{"x":0,"y":0,"z":-1.5707963267948963},"scale":{"x":8,"y":8,"z":16}},{"class":"direction","position":{"x":-32,"y":48,"z":16},"rotation":{"x":0,"y":0,"z":-3.1415926535897927},"scale":{"x":8,"y":8,"z":16}},{"class":"direction","position":{"x":-32,"y":64,"z":16},"rotation":{"x":0,"y":0,"z":-1.5707963267948963},"scale":{"x":8,"y":8,"z":16}},{"class":"spike","position":{"x":-16,"y":-304,"z":0},"rotation":{"x":0,"y":0,"z":-0.7853981633974484},"scale":{"x":152,"y":16,"z":16}},{"class":"tip","position":{"x":-32,"y":-264,"z":0},"rotation":{"x":0,"y":0,"z":0},"scale":{"x":16,"y":16,"z":16},"text":"Whoa there, buddy! Time to play as intended."},{"class":"spike","position":{"x":-104,"y":168,"z":0},"rotation":{"x":0,"y":0,"z":-3.1415926535897927},"scale":{"x":240,"y":16,"z":16}},{"class":"tip","position":{"x":40,"y":280,"z":0},"rotation":{"x":0,"y":0,"z":0},"scale":{"x":16,"y":16,"z":16},"text":"Yeah, this is where the falling spikes come from... Any other questions?"},{"class":"tip","position":{"x":-216,"y":-224,"z":0},"rotation":{"x":0,"y":0,"z":0},"scale":{"x":16,"y":16,"z":16},"text":"What're you waiting for? You earned it!"},{"class":"tip","position":{"x":-288,"y":-200,"z":0},"rotation":{"x":0,"y":0,"z":0},"scale":{"x":16,"y":16,"z":16},"text":"I've been trying FOREVER, and I just can't seem to get sub 20 :( Please help!"},{"class":"spike","position":{"x":-64,"y":-248,"z":0},"rotation":{"x":0,"y":0,"z":-1.5707963267948963},"scale":{"x":16,"y":16,"z":16}},{"class":"direction","position":{"x":-176,"y":-176,"z":16},"rotation":{"x":0,"y":0,"z":1.5707963267948963},"scale":{"x":16,"y":16,"z":16}},{"class":"direction","position":{"x":-176,"y":-48,"z":16},"rotation":{"x":0,"y":0,"z":1.5707963267948963},"scale":{"x":16,"y":16,"z":16}},{"class":"cube","position":{"x":-176,"y":-192,"z":16},"rotation":{"x":0,"y":0,"z":0},"scale":{"x":8,"y":8,"z":16}},{"class":"cube","position":{"x":-176,"y":-64,"z":16},"rotation":{"x":0,"y":0,"z":0},"scale":{"x":8,"y":8,"z":16}},{"class":"spike","position":{"x":56,"y":-344,"z":0},"rotation":{"x":0,"y":0,"z":-0.2617993877991495},"scale":{"x":152,"y":16,"z":16}},{"class":"bounce","position":{"x":-112,"y":-232,"z":0},"rotation":{"x":0,"y":0,"z":0},"scale":{"x":16,"y":16,"z":16}}]}