{"name":"Vyom","children":[{"class":"player","position":{"x":-24,"y":-48,"z":0},"rotation":{"x":0,"y":0,"z":-3.141592653589793},"scale":{"x":"16","y":"16","z":"4"},"isStatic":false,"friction":0},{"class":"cube","position":{"x":128,"y":-80,"z":0},"rotation":{"x":0,"y":0,"z":0},"scale":{"x":"288","y":16,"z":16}},{"class":"cube","position":{"x":-344,"y":96,"z":0},"rotation":{"x":0,"y":0,"z":-0.5235987755982988},"scale":{"x":"512","y":"16","z":"16"}},{"class":"cube","position":{"x":-40,"y":-96,"z":0},"rotation":{"x":0,"y":0,"z":0},"scale":{"x":16,"y":16,"z":16}},{"class":"spike","position":{"x":-392,"y":192,"z":0},"rotation":{"x":0,"y":0,"z":-2.356194490192345},"scale":{"x":"112","y":"96","z":"32"},"isStatic":false,"friction":0},{"class":"tip","position":{"x":0,"y":-16,"z":0},"rotation":{"x":0,"y":0,"z":0},"scale":{"x":16,"y":16,"z":16},"text":"Beware of the spike chasing you!"},{"class":"cube","position":{"x":424,"y":-64,"z":0},"rotation":{"x":0,"y":0,"z":0},"scale":{"x":"304","y":16,"z":16}},{"class":"spike","position":{"x":616,"y":32,"z":0},"rotation":{"x":0,"y":0,"z":1.5707963267948966},"scale":{"x":"80","y":"16","z":"16"}},{"class":"gravity","position":{"x":528,"y":8,"z":0},"rotation":{"x":0,"y":0,"z":-3.141592653589793},"scale":{"x":16,"y":16,"z":16}},{"class":"cube","position":{"x":-64,"y":-56,"z":0},"rotation":{"x":0,"y":0,"z":-0.5235987755982988},"scale":{"x":"48","y":16,"z":16}},{"class":"cube","position":{"x":-104,"y":72,"z":0},"rotation":{"x":0,"y":0,"z":-1.5707963267948966},"scale":{"x":"192","y":16,"z":16},"isStatic":false,"friction":0},{"class":"cube","position":{"x":-128,"y":-144,"z":0},"rotation":{"x":0,"y":0,"z":-1.5707963267948966},"scale":{"x":"192","y":"16","z":16}},{"class":"cube","position":{"x":-80,"y":-144,"z":0},"rotation":{"x":0,"y":0,"z":-1.5707963267948966},"scale":{"x":"192","y":16,"z":16}},{"class":"cube","position":{"x":-128,"y":-40,"z":0},"rotation":{"x":0,"y":0,"z":0},"scale":{"x":16,"y":16,"z":16}},{"class":"cube","position":{"x":-128,"y":-32,"z":0},"rotation":{"x":0,"y":0,"z":0},"scale":{"x":16,"y":16,"z":16}},{"class":"cube","position":{"x":-104,"y":-232,"z":0},"rotation":{"x":0,"y":0,"z":0},"scale":{"x":"32","y":16,"z":16}},{"class":"cube","position":{"x":-88,"y":-136,"z":0},"rotation":{"x":0,"y":0,"z":-1.5707963267948966},"scale":{"x":"176","y":16,"z":16}},{"class":"cube","position":{"x":-120,"y":-136,"z":0},"rotation":{"x":0,"y":0,"z":-1.5707963267948966},"scale":{"x":"176","y":16,"z":16}},{"class":"cube","position":{"x":-24,"y":-80,"z":0},"rotation":{"x":0,"y":0,"z":0},"scale":{"x":16,"y":16,"z":16}},{"class":"direction","position":{"x":-24,"y":-64,"z":0},"rotation":{"x":0,"y":0,"z":0},"scale":{"x":16,"y":16,"z":16}},{"class":"cube","position":{"x":-40,"y":-80,"z":0},"rotation":{"x":0,"y":0,"z":0},"scale":{"x":16,"y":16,"z":16}},{"class":"cube","position":{"x":-24,"y":-96,"z":0},"rotation":{"x":0,"y":0,"z":0},"scale":{"x":16,"y":16,"z":16}},{"class":"cube","position":{"x":-40,"y":-64,"z":0},"rotation":{"x":0,"y":0,"z":0},"scale":{"x":16,"y":16,"z":16}},{"class":"cube","position":{"x":800,"y":-192,"z":0},"rotation":{"x":0,"y":0,"z":-0.5235987755982988},"scale":{"x":"512","y":16,"z":16}},{"class":"cube","position":{"x":576,"y":-64,"z":0},"rotation":{"x":0,"y":0,"z":0},"scale":{"x":16,"y":16,"z":16}},{"class":"cube","position":{"x":1280,"y":-320,"z":0},"rotation":{"x":0,"y":0,"z":0},"scale":{"x":"512","y":16,"z":16}},{"class":"cube","position":{"x":1024,"y":-320,"z":0},"rotation":{"x":0,"y":0,"z":0},"scale":{"x":16,"y":16,"z":16}},{"class":"finish","position":{"x":1576,"y":-304,"z":0},"rotation":{"x":0,"y":0,"z":0},"scale":{"x":16,"y":16,"z":16}},{"class":"spike","position":{"x":1128,"y":-304,"z":0},"rotation":{"x":0,"y":0,"z":0},"scale":{"x":16,"y":16,"z":16}},{"class":"spike","position":{"x":1296,"y":-304,"z":0},"rotation":{"x":0,"y":0,"z":0},"scale":{"x":16,"y":16,"z":16}},{"class":"spike","position":{"x":728,"y":-136,"z":0},"rotation":{"x":0,"y":0,"z":-0.5235987755982988},"scale":{"x":16,"y":16,"z":16}},{"class":"spike","position":{"x":816,"y":-184,"z":0},"rotation":{"x":0,"y":0,"z":-0.5235987755982988},"scale":{"x":16,"y":16,"z":16}},{"class":"spike","position":{"x":920,"y":-240,"z":0},"rotation":{"x":0,"y":0,"z":-0.5235987755982988},"scale":{"x":16,"y":16,"z":16}},{"class":"cube","position":{"x":856,"y":-120,"z":0},"rotation":{"x":0,"y":0,"z":-0.5235987755982988},"scale":{"x":"512","y":16,"z":16}},{"class":"cube","position":{"x":632,"y":0,"z":0},"rotation":{"x":0,"y":0,"z":0},"scale":{"x":16,"y":16,"z":16}},{"class":"cube","position":{"x":1328,"y":-248,"z":0},"rotation":{"x":0,"y":0,"z":0},"scale":{"x":"512","y":16,"z":16}},{"class":"tip","position":{"x":1496,"y":-288,"z":0},"rotation":{"x":0,"y":0,"z":0},"scale":{"x":16,"y":16,"z":16},"text":"This level will have a upgrade soon!"},{"class":"cube","position":{"x":1560,"y":-320,"z":0},"rotation":{"x":0,"y":0,"z":0},"scale":{"x":"48","y":16,"z":16}},{"class":"cube","position":{"x":1592,"y":-288,"z":0},"rotation":{"x":0,"y":0,"z":3.141592653589793},"scale":{"x":"16","y":"80","z":16}},{"class":"cube","position":{"x":872,"y":120,"z":0},"rotation":{"x":0,"y":0,"z":0.2617993877991494},"scale":{"x":"512","y":16,"z":16}},{"class":"cube","position":{"x":632,"y":64,"z":0},"rotation":{"x":0,"y":0,"z":0},"scale":{"x":16,"y":16,"z":16}},{"class":"cube","position":{"x":632,"y":32,"z":0},"rotation":{"x":0,"y":0,"z":0},"scale":{"x":16,"y":"48","z":16}},{"class":"cube","position":{"x":856,"y":208,"z":0},"rotation":{"x":0,"y":0,"z":0.2617993877991494},"scale":{"x":"512","y":16,"z":16}},{"class":"cube","position":{"x":1352,"y":272,"z":0},"rotation":{"x":0,"y":0,"z":0},"scale":{"x":"512","y":16,"z":16}},{"class":"cube","position":{"x":1376,"y":184,"z":0},"rotation":{"x":0,"y":0,"z":0},"scale":{"x":"512","y":16,"z":16}},{"class":"cube","position":{"x":1616,"y":272,"z":0},"rotation":{"x":0,"y":0,"z":0},"scale":{"x":16,"y":16,"z":16}},{"class":"cube","position":{"x":1632,"y":232,"z":0},"rotation":{"x":0,"y":0,"z":0},"scale":{"x":16,"y":"96","z":16}},{"class":"spike","position":{"x":1496,"y":208,"z":0},"rotation":{"x":0,"y":0,"z":0},"scale":{"x":16,"y":16,"z":16}},{"class":"spike","position":{"x":1360,"y":208,"z":0},"rotation":{"x":0,"y":0,"z":0},"scale":{"x":16,"y":16,"z":16}},{"class":"spike","position":{"x":1208,"y":208,"z":0},"rotation":{"x":0,"y":0,"z":0},"scale":{"x":16,"y":16,"z":16}},{"class":"spike","position":{"x":864,"y":136,"z":0},"rotation":{"x":0,"y":0,"z":0.2617993877991494},"scale":{"x":16,"y":16,"z":16}},{"class":"spike","position":{"x":992,"y":168,"z":0},"rotation":{"x":0,"y":0,"z":0.2617993877991494},"scale":{"x":16,"y":16,"z":16}},{"class":"cube","position":{"x":360,"y":144,"z":0},"rotation":{"x":0,"y":0,"z":0},"scale":{"x":"512","y":16,"z":16}},{"class":"cube","position":{"x":608,"y":144,"z":0},"rotation":{"x":0,"y":0,"z":0},"scale":{"x":16,"y":16,"z":16}},{"class":"cube","position":{"x":-120,"y":272,"z":0},"rotation":{"x":0,"y":0,"z":-0.5235987755982988},"scale":{"x":"512","y":16,"z":16}},{"class":"cube","position":{"x":104,"y":144,"z":0},"rotation":{"x":0,"y":0,"z":0},"scale":{"x":16,"y":16,"z":16}},{"class":"cube","position":{"x":-312,"y":384,"z":0},"rotation":{"x":0,"y":0,"z":-0.5235987755982988},"scale":{"x":"128","y":16,"z":16}},{"class":"tip","position":{"x":1544,"y":240,"z":0},"rotation":{"x":0,"y":0,"z":0},"scale":{"x":16,"y":16,"z":16},"text":"This level will have a upgrade soon!"},{"class":"finish","position":{"x":1616,"y":240,"z":0},"rotation":{"x":0,"y":0,"z":0},"scale":{"x":16,"y":16,"z":16}},{"class":"spike","position":{"x":1096,"y":256,"z":0},"rotation":{"x":0,"y":0,"z":-3.141592653589793},"scale":{"x":16,"y":16,"z":16}},{"class":"spike","position":{"x":752,"y":104,"z":0},"rotation":{"x":0,"y":0,"z":0.2617993877991494},"scale":{"x":16,"y":16,"z":16}},{"class":"spike","position":{"x":1424,"y":256,"z":0},"rotation":{"x":0,"y":0,"z":-3.141592653589793},"scale":{"x":16,"y":16,"z":16}},{"class":"spike","position":{"x":912,"y":208,"z":0},"rotation":{"x":0,"y":0,"z":-2.8797932657906435},"scale":{"x":16,"y":16,"z":16}},{"class":"spike","position":{"x":776,"y":176,"z":0},"rotation":{"x":0,"y":0,"z":-2.8797932657906435},"scale":{"x":16,"y":16,"z":16}},{"class":"cube","position":{"x":1120,"y":184,"z":0},"rotation":{"x":0,"y":0,"z":0},"scale":{"x":16,"y":16,"z":16}},{"class":"cube","position":{"x":1632,"y":184,"z":0},"rotation":{"x":0,"y":0,"z":0},"scale":{"x":16,"y":16,"z":16}},{"class":"cube","position":{"x":1592,"y":-248,"z":0},"rotation":{"x":0,"y":0,"z":0},"scale":{"x":16,"y":16,"z":16}}]}