{"name":"Wallclimb Ascension","children":[{"class":"player","position":{"x":0,"y":-4,"z":0},"rotation":{"x":0,"y":0,"z":-43.98893555827088},"scale":{"x":16,"y":16,"z":16},"isStatic":false,"friction":0},{"class":"control","position":{"x":0,"y":-4,"z":0},"rotation":{"x":0,"y":0,"z":0},"scale":{"x":16,"y":16,"z":16}},{"class":"cube","position":{"x":60,"y":112,"z":0},"rotation":{"x":0,"y":0,"z":0},"scale":{"x":16,"y":252,"z":16}},{"class":"cube","position":{"x":128,"y":-208,"z":0},"rotation":{"x":0,"y":0,"z":0},"scale":{"x":120,"y":892,"z":16}},{"class":"spike","position":{"x":60,"y":244,"z":0},"rotation":{"x":0,"y":0,"z":0},"scale":{"x":16,"y":16,"z":16}},{"class":"cube","position":{"x":152,"y":396,"z":0},"rotation":{"x":0,"y":0,"z":0},"scale":{"x":16,"y":204,"z":16}},{"class":"spike","position":{"x":152,"y":288,"z":0},"rotation":{"x":0,"y":0,"z":3.141592653589793},"scale":{"x":16,"y":16,"z":16}},{"class":"spike","position":{"x":136,"y":304,"z":0},"rotation":{"x":0,"y":0,"z":1.5707963267948963},"scale":{"x":16,"y":16,"z":16}},{"class":"spike","position":{"x":136,"y":304,"z":0},"rotation":{"x":0,"y":0,"z":1.5707963267948963},"scale":{"x":16,"y":16,"z":16}},{"class":"spike","position":{"x":136,"y":320,"z":0},"rotation":{"x":0,"y":0,"z":1.5707963267948963},"scale":{"x":16,"y":16,"z":16}},{"class":"spike","position":{"x":136,"y":336,"z":0},"rotation":{"x":0,"y":0,"z":1.5707963267948963},"scale":{"x":16,"y":16,"z":16}},{"class":"spike","position":{"x":136,"y":352,"z":0},"rotation":{"x":0,"y":0,"z":1.5707963267948963},"scale":{"x":16,"y":16,"z":16}},{"class":"bounce","position":{"x":144,"y":524,"z":0},"rotation":{"x":0,"y":0,"z":-1.5707963267948963},"scale":{"x":52,"y":32,"z":16}},{"class":"cube","position":{"x":256,"y":1108,"z":0},"rotation":{"x":0,"y":0,"z":0},"scale":{"x":120,"y":416,"z":16}},{"class":"direction","position":{"x":168,"y":536,"z":-4},"rotation":{"x":0,"y":0,"z":1.5707963267948963},"scale":{"x":16,"y":16,"z":16}},{"class":"direction","position":{"x":168,"y":652,"z":-4},"rotation":{"x":0,"y":0,"z":1.5707963267948963},"scale":{"x":16,"y":16,"z":16}},{"class":"spike","position":{"x":204,"y":892,"z":0},"rotation":{"x":0,"y":0,"z":3.141592653589793},"scale":{"x":16,"y":16,"z":16}},{"class":"spike","position":{"x":220,"y":892,"z":0},"rotation":{"x":0,"y":0,"z":3.141592653589793},"scale":{"x":16,"y":16,"z":16}},{"class":"spike","position":{"x":236,"y":892,"z":0},"rotation":{"x":0,"y":0,"z":3.141592653589793},"scale":{"x":16,"y":16,"z":16}},{"class":"spike","position":{"x":252,"y":892,"z":0},"rotation":{"x":0,"y":0,"z":3.141592653589793},"scale":{"x":16,"y":16,"z":16}},{"class":"spike","position":{"x":268,"y":892,"z":0},"rotation":{"x":0,"y":0,"z":3.141592653589793},"scale":{"x":16,"y":16,"z":16}},{"class":"spike","position":{"x":284,"y":892,"z":0},"rotation":{"x":0,"y":0,"z":3.141592653589793},"scale":{"x":16,"y":16,"z":16}},{"class":"spike","position":{"x":300,"y":892,"z":0},"rotation":{"x":0,"y":0,"z":3.141592653589793},"scale":{"x":16,"y":16,"z":16}},{"class":"spike","position":{"x":308,"y":892,"z":0},"rotation":{"x":0,"y":0,"z":3.141592653589793},"scale":{"x":16,"y":16,"z":16}},{"class":"tip","position":{"x":-1796,"y":24,"z":0},"rotation":{"x":0,"y":0,"z":0},"scale":{"x":16,"y":16,"z":16},"text":"wrong way pal"},{"class":"cube","position":{"x":-516,"y":-4,"z":-456},"rotation":{"x":0,"y":0,"z":0},"scale":{"x":376,"y":920,"z":16}},{"class":"cube","position":{"x":-40,"y":176,"z":-456},"rotation":{"x":0,"y":0,"z":0},"scale":{"x":376,"y":3092,"z":16}},{"class":"bounce","position":{"x":-348,"y":524,"z":-456},"rotation":{"x":0,"y":0,"z":0},"scale":{"x":40,"y":132,"z":16}},{"class":"spike","position":{"x":-580,"y":472,"z":-456},"rotation":{"x":0,"y":0,"z":0},"scale":{"x":40,"y":36,"z":16}},{"class":"tip","position":{"x":-580,"y":672,"z":-456},"rotation":{"x":0,"y":0,"z":0},"scale":{"x":40,"y":36,"z":16},"text":"Do not touch the spikes!"},{"class":"tip","position":{"x":60,"y":232,"z":4},"rotation":{"x":0,"y":0,"z":0},"scale":{"x":12,"y":12,"z":16},"text":"Do not touch the spikes!"},{"class":"direction","position":{"x":-40,"y":688,"z":-452},"rotation":{"x":0,"y":0,"z":1.5707963267948963},"scale":{"x":200,"y":208,"z":16}},{"class":"direction","position":{"x":-40,"y":1072,"z":-452},"rotation":{"x":0,"y":0,"z":1.5707963267948963},"scale":{"x":200,"y":208,"z":16}},{"class":"cube","position":{"x":-420,"y":468,"z":-456},"rotation":{"x":0,"y":0,"z":0},"scale":{"x":40,"y":36,"z":16}},{"class":"cube","position":{"x":728,"y":1756,"z":-456},"rotation":{"x":0,"y":0,"z":0},"scale":{"x":924,"y":36,"z":16}},{"class":"bounce","position":{"x":128,"y":1740,"z":-456},"rotation":{"x":0,"y":0,"z":0},"scale":{"x":40,"y":36,"z":16}},{"class":"spike","position":{"x":460,"y":1792,"z":-456},"rotation":{"x":0,"y":0,"z":0},"scale":{"x":40,"y":36,"z":16}},{"class":"spike","position":{"x":820,"y":1792,"z":-456},"rotation":{"x":0,"y":0,"z":0},"scale":{"x":40,"y":36,"z":16}},{"class":"cube","position":{"x":196,"y":1096,"z":0},"rotation":{"x":0,"y":0,"z":0.7853981633974484},"scale":{"x":28,"y":28,"z":16}},{"class":"cube","position":{"x":-148,"y":1088,"z":0},"rotation":{"x":0,"y":0,"z":0},"scale":{"x":224,"y":16,"z":16}},{"class":"bounce","position":{"x":-260,"y":1104,"z":0},"rotation":{"x":0,"y":0,"z":0},"scale":{"x":36,"y":48,"z":16}},{"class":"direction","position":{"x":216,"y":1216,"z":4},"rotation":{"x":0,"y":0,"z":-1.5707963267948963},"scale":{"x":16,"y":16,"z":16}},{"class":"direction","position":{"x":216,"y":1164,"z":4},"rotation":{"x":0,"y":0,"z":-1.5707963267948963},"scale":{"x":16,"y":16,"z":16}},{"class":"direction","position":{"x":180,"y":1116,"z":-4},"rotation":{"x":0,"y":0,"z":-2.356194490192345},"scale":{"x":16,"y":16,"z":16}},{"class":"direction","position":{"x":136,"y":1132,"z":-4},"rotation":{"x":0,"y":0,"z":2.617993877991495},"scale":{"x":16,"y":16,"z":16}},{"class":"cube","position":{"x":24,"y":1796,"z":0},"rotation":{"x":0,"y":0,"z":0},"scale":{"x":404,"y":20,"z":16}},{"class":"direction","position":{"x":-256,"y":1524,"z":-4},"rotation":{"x":0,"y":0,"z":1.5707963267948963},"scale":{"x":16,"y":16,"z":16}},{"class":"direction","position":{"x":-256,"y":1256,"z":-4},"rotation":{"x":0,"y":0,"z":1.5707963267948963},"scale":{"x":16,"y":16,"z":16}},{"class":"direction","position":{"x":-132,"y":1856,"z":-4},"rotation":{"x":0,"y":0,"z":-0.785398163397449},"scale":{"x":16,"y":16,"z":16}},{"class":"spike","position":{"x":-328,"y":-4,"z":-112},"rotation":{"x":0,"y":0,"z":0},"scale":{"x":16,"y":16,"z":16}},{"class":"spike","position":{"x":-92,"y":-8,"z":-172},"rotation":{"x":0,"y":0,"z":0},"scale":{"x":16,"y":16,"z":16}},{"class":"spike","position":{"x":-148,"y":-4,"z":60},"rotation":{"x":0,"y":0,"z":0},"scale":{"x":16,"y":16,"z":16}},{"class":"cube","position":{"x":176,"y":2000,"z":0},"rotation":{"x":0,"y":0,"z":0},"scale":{"x":100,"y":388,"z":16}},{"class":"cube","position":{"x":344,"y":2188,"z":0},"rotation":{"x":0,"y":0,"z":0},"scale":{"x":240,"y":12,"z":16}},{"class":"bounce","position":{"x":280,"y":2204,"z":0},"rotation":{"x":0,"y":0,"z":0},"scale":{"x":16,"y":20,"z":16}},{"class":"spike","position":{"x":280,"y":2228,"z":0},"rotation":{"x":0,"y":0,"z":-3.141592653589793},"scale":{"x":16,"y":16,"z":16},"isStatic":false,"friction":0},{"class":"bounce","position":{"x":440,"y":2204,"z":0},"rotation":{"x":0,"y":0,"z":0},"scale":{"x":16,"y":20,"z":16}},{"class":"spike","position":{"x":440,"y":2228,"z":0},"rotation":{"x":0,"y":0,"z":-3.141592653589793},"scale":{"x":16,"y":16,"z":16},"isStatic":false,"friction":0},{"class":"bounce","position":{"x":-1148,"y":8,"z":-456},"rotation":{"x":0,"y":0,"z":0},"scale":{"x":40,"y":96,"z":16}},{"class":"cube","position":{"x":1128,"y":2116,"z":-456},"rotation":{"x":0,"y":0,"z":0},"scale":{"x":124,"y":688,"z":16}},{"class":"cube","position":{"x":1252,"y":2420,"z":-456},"rotation":{"x":0,"y":0,"z":0},"scale":{"x":124,"y":84,"z":16}},{"class":"finish","position":{"x":1296,"y":2476,"z":-456},"rotation":{"x":0,"y":0,"z":0},"scale":{"x":32,"y":28,"z":16}},{"class":"cube","position":{"x":672,"y":2156,"z":0},"rotation":{"x":0,"y":0,"z":0},"scale":{"x":248,"y":16,"z":16}},{"class":"cube","position":{"x":788,"y":2252,"z":0},"rotation":{"x":0,"y":0,"z":0},"scale":{"x":16,"y":176,"z":16}},{"class":"cube","position":{"x":696,"y":2292,"z":0},"rotation":{"x":0,"y":0,"z":0},"scale":{"x":16,"y":96,"z":16}},{"class":"cube","position":{"x":616,"y":2332,"z":0},"rotation":{"x":0,"y":0,"z":0},"scale":{"x":144,"y":16,"z":16}},{"class":"cube","position":{"x":536,"y":2576,"z":0},"rotation":{"x":0,"y":0,"z":0},"scale":{"x":16,"y":504,"z":16}},{"class":"cube","position":{"x":628,"y":2620,"z":0},"rotation":{"x":0,"y":0,"z":0},"scale":{"x":16,"y":416,"z":16}},{"class":"cube","position":{"x":700,"y":2420,"z":0},"rotation":{"x":0,"y":0,"z":0},"scale":{"x":160,"y":16,"z":16}},{"class":"cube","position":{"x":788,"y":2360,"z":0},"rotation":{"x":0,"y":0,"z":0},"scale":{"x":16,"y":136,"z":16}},{"class":"spike","position":{"x":652,"y":2172,"z":0},"rotation":{"x":0,"y":0,"z":0},"scale":{"x":16,"y":16,"z":16}},{"class":"cube","position":{"x":620,"y":2252,"z":0},"rotation":{"x":0,"y":0,"z":0},"scale":{"x":140,"y":16,"z":16}},{"class":"tip","position":{"x":680,"y":2316,"z":0},"rotation":{"x":0,"y":0,"z":0},"scale":{"x":16,"y":16,"z":16},"text":"look man, i know trampolining is fun and all but these spikes gotta be quiet, im trying to sleep over here"},{"class":"bounce","position":{"x":552,"y":2360,"z":0},"rotation":{"x":0,"y":0,"z":0},"scale":{"x":16,"y":44,"z":16}},{"class":"tip","position":{"x":652,"y":2156,"z":4},"rotation":{"x":0,"y":0,"z":0},"scale":{"x":12,"y":12,"z":16},"text":"Do not touch the spikes!"},{"class":"direction","position":{"x":576,"y":2204,"z":-4},"rotation":{"x":0,"y":0,"z":0},"scale":{"x":16,"y":16,"z":4}},{"class":"cube","position":{"x":672,"y":2204,"z":-8},"rotation":{"x":0,"y":0,"z":0},"scale":{"x":216,"y":88,"z":-4}},{"class":"direction","position":{"x":788,"y":2220,"z":8},"rotation":{"x":0,"y":0,"z":1.5707963267948963},"scale":{"x":16,"y":16,"z":4}},{"class":"cube","position":{"x":720,"y":2328,"z":-8},"rotation":{"x":0,"y":0,"z":0},"scale":{"x":32,"y":168,"z":-4}},{"class":"cube","position":{"x":772,"y":2332,"z":-8},"rotation":{"x":0,"y":0,"z":0},"scale":{"x":32,"y":168,"z":-4}},{"class":"cube","position":{"x":748,"y":2280,"z":-8},"rotation":{"x":0,"y":0,"z":0},"scale":{"x":32,"y":24,"z":-4}},{"class":"cube","position":{"x":748,"y":2324,"z":-8},"rotation":{"x":0,"y":0,"z":0},"scale":{"x":32,"y":24,"z":-4}},{"class":"cube","position":{"x":748,"y":2368,"z":-8},"rotation":{"x":0,"y":0,"z":0},"scale":{"x":32,"y":24,"z":-4}},{"class":"cube","position":{"x":748,"y":2392,"z":-8},"rotation":{"x":0,"y":0,"z":0},"scale":{"x":32,"y":24,"z":-4}},{"class":"cube","position":{"x":748,"y":2392,"z":-8},"rotation":{"x":0,"y":0,"z":0},"scale":{"x":32,"y":24,"z":-4}},{"class":"cube","position":{"x":748,"y":2392,"z":-8},"rotation":{"x":0,"y":0,"z":0},"scale":{"x":32,"y":24,"z":-4}},{"class":"cube","position":{"x":744,"y":2404,"z":-12},"rotation":{"x":0,"y":0,"z":0},"scale":{"x":32,"y":20,"z":12}},{"class":"cube","position":{"x":624,"y":2384,"z":-8},"rotation":{"x":0,"y":0,"z":0},"scale":{"x":160,"y":88,"z":-4}},{"class":"cube","position":{"x":584,"y":2608,"z":-8},"rotation":{"x":0,"y":0,"z":0},"scale":{"x":84,"y":416,"z":-4}},{"class":"cube","position":{"x":-112,"y":-4,"z":132},"rotation":{"x":0,"y":0,"z":0},"scale":{"x":96,"y":64,"z":16}},{"class":"cube","position":{"x":468,"y":-4,"z":-160},"rotation":{"x":0,"y":0,"z":0},"scale":{"x":236,"y":396,"z":16}},{"class":"cube","position":{"x":1264,"y":12,"z":-716},"rotation":{"x":0,"y":0,"z":0},"scale":{"x":500,"y":1924,"z":16}},{"class":"spike","position":{"x":1492,"y":996,"z":-716},"rotation":{"x":0,"y":0,"z":0},"scale":{"x":36,"y":48,"z":16}},{"class":"direction","position":{"x":-464,"y":656,"z":-580},"rotation":{"x":0,"y":0,"z":1.5707963267948963},"scale":{"x":180,"y":172,"z":16}},{"class":"direction","position":{"x":444,"y":2424,"z":-452},"rotation":{"x":0,"y":0,"z":1.5707963267948963},"scale":{"x":200,"y":208,"z":16}},{"class":"direction","position":{"x":1396,"y":3180,"z":-452},"rotation":{"x":0,"y":0,"z":1.5707963267948963},"scale":{"x":200,"y":208,"z":16}},{"class":"direction","position":{"x":-592,"y":2796,"z":-452},"rotation":{"x":0,"y":0,"z":1.5707963267948963},"scale":{"x":200,"y":208,"z":16}},{"class":"spike","position":{"x":568,"y":2348,"z":0},"rotation":{"x":0,"y":0,"z":0},"scale":{"x":16,"y":16,"z":16}},{"class":"spike","position":{"x":584,"y":2348,"z":0},"rotation":{"x":0,"y":0,"z":0},"scale":{"x":16,"y":16,"z":16}},{"class":"spike","position":{"x":600,"y":2348,"z":0},"rotation":{"x":0,"y":0,"z":0},"scale":{"x":16,"y":16,"z":16}},{"class":"spike","position":{"x":616,"y":2348,"z":0},"rotation":{"x":0,"y":0,"z":0},"scale":{"x":16,"y":16,"z":16}},{"class":"spike","position":{"x":632,"y":2348,"z":0},"rotation":{"x":0,"y":0,"z":0},"scale":{"x":16,"y":16,"z":16}},{"class":"spike","position":{"x":648,"y":2348,"z":0},"rotation":{"x":0,"y":0,"z":0},"scale":{"x":16,"y":16,"z":16}},{"class":"spike","position":{"x":664,"y":2348,"z":0},"rotation":{"x":0,"y":0,"z":0},"scale":{"x":16,"y":16,"z":16}},{"class":"spike","position":{"x":680,"y":2348,"z":0},"rotation":{"x":0,"y":0,"z":0},"scale":{"x":16,"y":16,"z":16}},{"class":"spike","position":{"x":696,"y":2348,"z":0},"rotation":{"x":0,"y":0,"z":0},"scale":{"x":16,"y":16,"z":16}},{"class":"cube","position":{"x":708,"y":3172,"z":0},"rotation":{"x":0,"y":0,"z":0},"scale":{"x":228,"y":16,"z":16}},{"class":"cube","position":{"x":1136,"y":3172,"z":0},"rotation":{"x":0,"y":0,"z":0},"scale":{"x":140,"y":16,"z":16}},{"class":"control","position":{"x":768,"y":3188,"z":0},"rotation":{"x":0,"y":0,"z":0},"scale":{"x":16,"y":16,"z":16}},{"class":"cube","position":{"x":1204,"y":3260,"z":0},"rotation":{"x":0,"y":0,"z":0},"scale":{"x":276,"y":16,"z":16}},{"class":"cube","position":{"x":1060,"y":3400,"z":0},"rotation":{"x":0,"y":0,"z":0},"scale":{"x":16,"y":296,"z":16}},{"class":"spike","position":{"x":1076,"y":3284,"z":0},"rotation":{"x":0,"y":0,"z":0},"scale":{"x":16,"y":36,"z":16}},{"class":"spike","position":{"x":1332,"y":3276,"z":0},"rotation":{"x":0,"y":0,"z":0},"scale":{"x":16,"y":16,"z":16}},{"class":"spike","position":{"x":1060,"y":3244,"z":0},"rotation":{"x":0,"y":0,"z":-3.141592653589793},"scale":{"x":16,"y":16,"z":16}},{"class":"spike","position":{"x":1076,"y":3244,"z":0},"rotation":{"x":0,"y":0,"z":-3.141592653589793},"scale":{"x":16,"y":16,"z":16}},{"class":"spike","position":{"x":1076,"y":3188,"z":0},"rotation":{"x":0,"y":0,"z":0},"scale":{"x":16,"y":16,"z":16}},{"class":"spike","position":{"x":1092,"y":3188,"z":0},"rotation":{"x":0,"y":0,"z":0},"scale":{"x":16,"y":16,"z":16}},{"class":"spike","position":{"x":1108,"y":3188,"z":0},"rotation":{"x":0,"y":0,"z":0},"scale":{"x":16,"y":16,"z":16}},{"class":"spike","position":{"x":1124,"y":3188,"z":0},"rotation":{"x":0,"y":0,"z":0},"scale":{"x":16,"y":16,"z":16}},{"class":"spike","position":{"x":1140,"y":3188,"z":0},"rotation":{"x":0,"y":0,"z":0},"scale":{"x":16,"y":16,"z":16}},{"class":"cube","position":{"x":1172,"y":3500,"z":0},"rotation":{"x":0,"y":0,"z":1.0471975511965976},"scale":{"x":16,"y":156,"z":16}},{"class":"cube","position":{"x":1240,"y":3464,"z":0},"rotation":{"x":0,"y":0,"z":1.3089969389957472},"scale":{"x":16,"y":20,"z":16}},{"class":"cube","position":{"x":1340,"y":3460,"z":0},"rotation":{"x":0,"y":0,"z":1.570796326794897},"scale":{"x":20,"y":184,"z":16}},{"class":"cube","position":{"x":1740,"y":3460,"z":0},"rotation":{"x":0,"y":0,"z":-1.570796326794897},"scale":{"x":12,"y":80,"z":16}},{"class":"direction","position":{"x":1444,"y":3484,"z":-4},"rotation":{"x":0,"y":0,"z":0.5235987755982987},"scale":{"x":16,"y":16,"z":16}},{"class":"bounce","position":{"x":2348,"y":3384,"z":0},"rotation":{"x":0,"y":0,"z":0},"scale":{"x":568,"y":20,"z":16}},{"class":"cube","position":{"x":3276,"y":3312,"z":0},"rotation":{"x":0,"y":0,"z":0},"scale":{"x":288,"y":16,"z":16}},{"class":"cube","position":{"x":3436,"y":3528,"z":0},"rotation":{"x":0,"y":0,"z":0},"scale":{"x":16,"y":356,"z":16}},{"class":"direction","position":{"x":1540,"y":3524,"z":-4},"rotation":{"x":0,"y":0,"z":0.5235987755982987},"scale":{"x":16,"y":16,"z":16}},{"class":"checkpoint","position":{"x":768,"y":3188,"z":0},"rotation":{"x":0,"y":0,"z":0},"scale":{"x":16,"y":16,"z":16}},{"class":"tip","position":{"x":768,"y":3260,"z":0},"rotation":{"x":0,"y":0,"z":0},"scale":{"x":16,"y":16,"z":16},"text":"time for a difficulty spike!"},{"class":"direction","position":{"x":1816,"y":3488,"z":-4},"rotation":{"x":0,"y":0,"z":0.5235987755982985},"scale":{"x":16,"y":16,"z":16}},{"class":"direction","position":{"x":2076,"y":3424,"z":-4},"rotation":{"x":0,"y":0,"z":-2.2204460492503136e-16},"scale":{"x":16,"y":16,"z":16}},{"class":"tip","position":{"x":-76,"y":80,"z":0},"rotation":{"x":0,"y":0,"z":0},"scale":{"x":16,"y":16,"z":16},"text":"walljump 101: once your against the wall, press jump, and quickly press the direction your facing against the wall. repeat the process and youll be able to climb walls"},{"class":"direction","position":{"x":944,"y":3132,"z":-4},"rotation":{"x":0,"y":0,"z":0.7853981633974484},"scale":{"x":16,"y":16,"z":16}},{"class":"direction","position":{"x":1076,"y":3172,"z":0},"rotation":{"x":0,"y":0,"z":0},"scale":{"x":12,"y":8,"z":20}},{"class":"direction","position":{"x":1096,"y":3172,"z":0},"rotation":{"x":0,"y":0,"z":0},"scale":{"x":12,"y":8,"z":20}},{"class":"direction","position":{"x":2988,"y":3680,"z":-144},"rotation":{"x":0,"y":0,"z":0},"scale":{"x":24,"y":176,"z":-12}},{"class":"direction","position":{"x":3056,"y":3604,"z":-144},"rotation":{"x":0,"y":0,"z":0},"scale":{"x":152,"y":24,"z":-12}},{"class":"direction","position":{"x":3052,"y":3760,"z":-144},"rotation":{"x":0,"y":0,"z":0},"scale":{"x":152,"y":24,"z":-12}},{"class":"direction","position":{"x":3120,"y":3644,"z":-144},"rotation":{"x":0,"y":0,"z":-1.5707963267948963},"scale":{"x":96,"y":24,"z":-12}},{"class":"direction","position":{"x":3084,"y":3680,"z":-144},"rotation":{"x":0,"y":0,"z":0},"scale":{"x":96,"y":24,"z":-12}},{"class":"direction","position":{"x":3248,"y":3776,"z":-144},"rotation":{"x":0,"y":0,"z":0},"scale":{"x":152,"y":24,"z":-12}},{"class":"direction","position":{"x":3184,"y":3700,"z":-144},"rotation":{"x":0,"y":0,"z":0},"scale":{"x":24,"y":176,"z":-12}},{"class":"direction","position":{"x":3248,"y":3620,"z":-144},"rotation":{"x":0,"y":0,"z":0},"scale":{"x":152,"y":24,"z":-12}},{"class":"direction","position":{"x":3312,"y":3660,"z":-144},"rotation":{"x":0,"y":0,"z":-1.5707963267948963},"scale":{"x":96,"y":24,"z":-12}},{"class":"direction","position":{"x":3276,"y":3696,"z":-144},"rotation":{"x":0,"y":0,"z":0},"scale":{"x":96,"y":24,"z":-12}},{"class":"direction","position":{"x":2284,"y":3424,"z":-4},"rotation":{"x":0,"y":0,"z":-2.2204460492503136e-16},"scale":{"x":16,"y":16,"z":16}},{"class":"direction","position":{"x":2596,"y":3424,"z":-4},"rotation":{"x":0,"y":0,"z":0.7853981633974484},"scale":{"x":16,"y":16,"z":16}},{"class":"direction","position":{"x":2080,"y":3380,"z":4},"rotation":{"x":0,"y":0,"z":-2.2204460492503136e-16},"scale":{"x":28,"y":12,"z":16}},{"class":"direction","position":{"x":2228,"y":3380,"z":4},"rotation":{"x":0,"y":0,"z":-2.2204460492503136e-16},"scale":{"x":28,"y":12,"z":16}},{"class":"direction","position":{"x":2348,"y":3380,"z":4},"rotation":{"x":0,"y":0,"z":-2.2204460492503136e-16},"scale":{"x":28,"y":12,"z":16}},{"class":"direction","position":{"x":2508,"y":3380,"z":4},"rotation":{"x":0,"y":0,"z":-2.2204460492503136e-16},"scale":{"x":28,"y":12,"z":16}},{"class":"tip","position":{"x":3280,"y":3328,"z":0},"rotation":{"x":0,"y":0,"z":0},"scale":{"x":16,"y":16,"z":16},"text":"im just here to give you more time to react to the incoming jump :3"},{"class":"cube","position":{"x":3740,"y":3700,"z":0},"rotation":{"x":0,"y":0,"z":0},"scale":{"x":500,"y":16,"z":16}},{"class":"spike","position":{"x":3420,"y":3360,"z":0},"rotation":{"x":0,"y":0,"z":1.5707963267948963},"scale":{"x":16,"y":16,"z":16}},{"class":"spike","position":{"x":3420,"y":3360,"z":0},"rotation":{"x":0,"y":0,"z":1.5707963267948963},"scale":{"x":16,"y":16,"z":16}},{"class":"spike","position":{"x":3420,"y":3376,"z":0},"rotation":{"x":0,"y":0,"z":1.5707963267948963},"scale":{"x":16,"y":16,"z":16}},{"class":"spike","position":{"x":3420,"y":3392,"z":0},"rotation":{"x":0,"y":0,"z":1.5707963267948963},"scale":{"x":16,"y":16,"z":16}},{"class":"spike","position":{"x":3420,"y":3408,"z":0},"rotation":{"x":0,"y":0,"z":1.5707963267948963},"scale":{"x":16,"y":16,"z":16}},{"class":"spike","position":{"x":3420,"y":3424,"z":0},"rotation":{"x":0,"y":0,"z":1.5707963267948963},"scale":{"x":16,"y":16,"z":16}},{"class":"spike","position":{"x":3420,"y":3440,"z":0},"rotation":{"x":0,"y":0,"z":1.5707963267948963},"scale":{"x":16,"y":16,"z":16}},{"class":"spike","position":{"x":3420,"y":3456,"z":0},"rotation":{"x":0,"y":0,"z":1.5707963267948963},"scale":{"x":16,"y":16,"z":16}},{"class":"spike","position":{"x":3420,"y":3472,"z":0},"rotation":{"x":0,"y":0,"z":1.5707963267948963},"scale":{"x":16,"y":16,"z":16}},{"class":"spike","position":{"x":3420,"y":3488,"z":0},"rotation":{"x":0,"y":0,"z":1.5707963267948963},"scale":{"x":16,"y":16,"z":16}},{"class":"spike","position":{"x":3420,"y":3504,"z":0},"rotation":{"x":0,"y":0,"z":1.5707963267948963},"scale":{"x":16,"y":16,"z":16}},{"class":"spike","position":{"x":3420,"y":3520,"z":0},"rotation":{"x":0,"y":0,"z":1.5707963267948963},"scale":{"x":16,"y":16,"z":16}},{"class":"spike","position":{"x":3500,"y":3716,"z":0},"rotation":{"x":0,"y":0,"z":0},"scale":{"x":16,"y":16,"z":16}},{"class":"spike","position":{"x":3820,"y":3720,"z":0},"rotation":{"x":0,"y":0,"z":0},"scale":{"x":16,"y":24,"z":16}},{"class":"bounce","position":{"x":3984,"y":3724,"z":0},"rotation":{"x":0,"y":0,"z":0},"scale":{"x":12,"y":60,"z":16}},{"class":"spike","position":{"x":3836,"y":3720,"z":0},"rotation":{"x":0,"y":0,"z":0},"scale":{"x":16,"y":24,"z":16}},{"class":"spike","position":{"x":3852,"y":3720,"z":0},"rotation":{"x":0,"y":0,"z":0},"scale":{"x":16,"y":24,"z":16}},{"class":"spike","position":{"x":352,"y":-4,"z":-260},"rotation":{"x":0,"y":0,"z":0},"scale":{"x":16,"y":16,"z":16}},{"class":"spike","position":{"x":520,"y":-4,"z":-504},"rotation":{"x":0,"y":0,"z":0},"scale":{"x":16,"y":16,"z":16}},{"class":"direction","position":{"x":-68,"y":2544,"z":-156},"rotation":{"x":0,"y":0,"z":1.5707963267948963},"scale":{"x":180,"y":172,"z":16}},{"class":"direction","position":{"x":908,"y":3460,"z":-272},"rotation":{"x":0,"y":0,"z":1.5707963267948963},"scale":{"x":180,"y":172,"z":16}},{"class":"direction","position":{"x":2144,"y":3752,"z":-272},"rotation":{"x":0,"y":0,"z":1.5707963267948963},"scale":{"x":180,"y":172,"z":16}},{"class":"cube","position":{"x":584,"y":3244,"z":-304},"rotation":{"x":0,"y":0,"z":0},"scale":{"x":228,"y":16,"z":16}},{"class":"spike","position":{"x":528,"y":3260,"z":-304},"rotation":{"x":0,"y":0,"z":0},"scale":{"x":112,"y":16,"z":16}},{"class":"spike","position":{"x":640,"y":3260,"z":-304},"rotation":{"x":0,"y":0,"z":0},"scale":{"x":112,"y":16,"z":16}},{"class":"tip","position":{"x":584,"y":3336,"z":-304},"rotation":{"x":0,"y":0,"z":0},"scale":{"x":24,"y":20,"z":16},"text":"Do not touch the spikes!"},{"class":"grapple","position":{"x":864,"y":3268,"z":-128},"rotation":{"x":0,"y":0,"z":0},"scale":{"x":20,"y":20,"z":16}},{"class":"cube","position":{"x":1028,"y":3432,"z":-128},"rotation":{"x":0,"y":0,"z":0},"scale":{"x":268,"y":20,"z":16}},{"class":"checkpoint","position":{"x":1100,"y":3452,"z":-128},"rotation":{"x":0,"y":0,"z":0},"scale":{"x":20,"y":20,"z":16}},{"class":"resize","position":{"x":760,"y":3456,"z":-60},"rotation":{"x":0,"y":0,"z":0},"scale":{"x":20,"y":20,"z":16}},{"class":"resize","position":{"x":988,"y":3352,"z":-140},"rotation":{"x":0,"y":0,"z":0},"scale":{"x":20,"y":20,"z":16}},{"class":"resize","position":{"x":1316,"y":3444,"z":-72},"rotation":{"x":0,"y":0,"z":0},"scale":{"x":20,"y":20,"z":16}},{"class":"resize","position":{"x":1248,"y":3636,"z":-92},"rotation":{"x":0,"y":0,"z":0},"scale":{"x":20,"y":20,"z":16}},{"class":"direction","position":{"x":3984,"y":3716,"z":0},"rotation":{"x":0,"y":0,"z":1.570796326794897},"scale":{"x":16,"y":8,"z":20}},{"class":"direction","position":{"x":3984,"y":3792,"z":-4},"rotation":{"x":0,"y":0,"z":1.570796326794897},"scale":{"x":16,"y":16,"z":16}},{"class":"direction","position":{"x":3984,"y":3920,"z":-4},"rotation":{"x":0,"y":0,"z":1.570796326794897},"scale":{"x":16,"y":20,"z":16}},{"class":"tip","position":{"x":3680,"y":3792,"z":0},"rotation":{"x":0,"y":0,"z":0},"scale":{"x":16,"y":16,"z":16},"text":"made by noobus9461 :3"},{"class":"tip","position":{"x":3696,"y":3792,"z":0},"rotation":{"x":0,"y":0,"z":0},"scale":{"x":16,"y":16,"z":16},"text":"thanks so much for playing!!! ^w^"},{"class":"tip","position":{"x":3712,"y":3792,"z":0},"rotation":{"x":0,"y":0,"z":0},"scale":{"x":16,"y":16,"z":16},"text":"heavily inspired by charlieee1's mountain climb"},{"class":"cube","position":{"x":4000,"y":4588,"z":0},"rotation":{"x":0,"y":0,"z":0},"scale":{"x":20,"y":1788,"z":16}},{"class":"finish","position":{"x":3980,"y":5360,"z":0},"rotation":{"x":0,"y":0,"z":0},"scale":{"x":16,"y":16,"z":16}},{"class":"tip","position":{"x":3980,"y":5344,"z":0},"rotation":{"x":0,"y":0,"z":0},"scale":{"x":16,"y":16,"z":16},"text":"gg :3"},{"class":"cube","position":{"x":12,"y":-600,"z":0},"rotation":{"x":0,"y":0,"z":0},"scale":{"x":18860,"y":1172,"z":1230540}},{"class":"tip","position":{"x":-9412,"y":-4,"z":0},"rotation":{"x":0,"y":0,"z":0},"scale":{"x":16,"y":16,"z":16},"text":"why"},{"class":"tip","position":{"x":3368,"y":40,"z":0},"rotation":{"x":0,"y":0,"z":0},"scale":{"x":16,"y":16,"z":16},"text":"u good bro?"},{"class":"tip","position":{"x":3697,"y":3790,"z":-16},"rotation":{"x":0,"y":0,"z":0},"scale":{"x":84,"y":79,"z":-12},"text":"Do not touch the spikes!"},{"class":"cube","position":{"x":3697,"y":3790,"z":-14},"rotation":{"x":0,"y":0,"z":0},"scale":{"x":71,"y":66,"z":-12}},{"class":"tip","position":{"x":3697,"y":3729,"z":-16},"rotation":{"x":0,"y":0,"z":0},"scale":{"x":14,"y":68,"z":-12},"text":"Do not touch the spikes!"},{"class":"cube","position":{"x":3700,"y":3698,"z":-15},"rotation":{"x":0,"y":0,"z":0},"scale":{"x":52,"y":16,"z":18}},{"class":"cube","position":{"x":3964,"y":4804,"z":0},"rotation":{"x":0,"y":0,"z":0},"scale":{"x":20,"y":1788,"z":16}}]}