{"name":"Zozo","star":true,"children":[{"class":"player","position":{"x":0,"y":8,"z":0},"rotation":{"x":0,"y":0,"z":-64.45047999740845},"scale":{"x":16,"y":16,"z":16},"isStatic":false,"friction":0},{"class":"direction","position":{"x":128,"y":-96,"z":0},"rotation":{"x":0,"y":0,"z":3.141592653589793},"scale":{"x":"96","y":16,"z":16}},{"class":"direction","position":{"x":16,"y":-56,"z":0},"rotation":{"x":0,"y":0,"z":0},"scale":{"x":"80","y":16,"z":16}},{"class":"cube","position":{"x":-72,"y":-128,"z":0},"rotation":{"x":0,"y":0,"z":-1.5707963267948966},"scale":{"x":"48","y":16,"z":16}},{"class":"cube","position":{"x":-16,"y":-144,"z":0},"rotation":{"x":0,"y":0,"z":0},"scale":{"x":"104","y":16,"z":16}},{"class":"cube","position":{"x":184,"y":-72,"z":0},"rotation":{"x":0,"y":0,"z":-1.5707963267948966},"scale":{"x":"64","y":16,"z":16}},{"class":"bounce","position":{"x":136,"y":-224,"z":0},"rotation":{"x":0,"y":0,"z":0},"scale":{"x":16,"y":16,"z":16}},{"class":"resize","position":{"x":520,"y":-224,"z":0},"rotation":{"x":0,"y":0,"z":0},"scale":{"x":16,"y":16,"z":16}},{"class":"cube","position":{"x":-496,"y":-240,"z":0},"rotation":{"x":0,"y":0,"z":0},"scale":{"x":"128","y":16,"z":16}},{"class":"tip","position":{"x":-552,"y":-224,"z":0},"rotation":{"x":0,"y":0,"z":0},"scale":{"x":16,"y":16,"z":16},"text":"By Zozo and DaCatitan"},{"class":"cube","position":{"x":864,"y":-296,"z":0},"rotation":{"x":0,"y":0,"z":0},"scale":{"x":"152","y":16,"z":16}},{"class":"cube","position":{"x":736,"y":-264,"z":0},"rotation":{"x":0,"y":0,"z":-0.5235987755982988},"scale":{"x":"80","y":16,"z":16}},{"class":"gravity","position":{"x":1072,"y":-352,"z":0},"rotation":{"x":0,"y":0,"z":-3.141592653589793},"scale":{"x":"88","y":16,"z":16}},{"class":"cube","position":{"x":1072,"y":-368,"z":0},"rotation":{"x":0,"y":0,"z":-3.141592653589793},"scale":{"x":"88","y":16,"z":16}},{"class":"cube","position":{"x":1800,"y":-168,"z":0},"rotation":{"x":0,"y":0,"z":-1.0471975511965976},"scale":{"x":"88","y":16,"z":16}},{"class":"cube","position":{"x":1600,"y":-208,"z":0},"rotation":{"x":0,"y":0,"z":0},"scale":{"x":"112","y":"16","z":"16"}},{"class":"cube","position":{"x":1744,"y":-112,"z":0},"rotation":{"x":0,"y":0,"z":-0.5235987755982988},"scale":{"x":"88","y":16,"z":16}},{"class":"cube","position":{"x":1376,"y":-88,"z":0},"rotation":{"x":0,"y":0,"z":0},"scale":{"x":"112","y":"16","z":16}},{"class":"cube","position":{"x":1560,"y":-88,"z":0},"rotation":{"x":0,"y":0,"z":0},"scale":{"x":"304","y":"16","z":16}},{"class":"gravity","position":{"x":1448,"y":-104,"z":0},"rotation":{"x":0,"y":0,"z":0},"scale":{"x":"72","y":16,"z":16}},{"class":"cube","position":{"x":1488,"y":-208,"z":0},"rotation":{"x":0,"y":0,"z":0},"scale":{"x":"112","y":"16","z":"16"}},{"class":"cube","position":{"x":1288,"y":-112,"z":0},"rotation":{"x":0,"y":0,"z":0.5235987755982988},"scale":{"x":"88","y":16,"z":16}},{"class":"cube","position":{"x":1232,"y":-168,"z":0},"rotation":{"x":0,"y":0,"z":1.0471975511965976},"scale":{"x":"88","y":16,"z":16}},{"class":"cube","position":{"x":736,"y":-264,"z":0},"rotation":{"x":0,"y":0,"z":-0.5235987755982988},"scale":{"x":"80","y":16,"z":16}},{"class":"cube","position":{"x":1808,"y":-272,"z":0},"rotation":{"x":0,"y":0,"z":-0.2617993877991494},"scale":{"x":"88","y":16,"z":16}},{"class":"cube","position":{"x":2632,"y":-280,"z":0},"rotation":{"x":0,"y":0,"z":-3.141592653589793},"scale":{"x":"152","y":16,"z":16}},{"class":"cube","position":{"x":2360,"y":-352,"z":0},"rotation":{"x":0,"y":0,"z":0},"scale":{"x":"160","y":16,"z":16}},{"class":"cube","position":{"x":2496,"y":-312,"z":0},"rotation":{"x":0,"y":0,"z":-2.6179938779914944},"scale":{"x":"152","y":16,"z":16}},{"class":"checkpoint","position":{"x":2728,"y":-280,"z":0},"rotation":{"x":0,"y":0,"z":0},"scale":{"x":"40","y":16,"z":16}},{"class":"spike","position":{"x":2760,"y":-280,"z":0},"rotation":{"x":0,"y":0,"z":1.5707963267948966},"scale":{"x":"24","y":16,"z":16}},{"class":"cube","position":{"x":2760,"y":-296,"z":0},"rotation":{"x":0,"y":0,"z":1.5707963267948966},"scale":{"x":"16","y":"24","z":16}},{"class":"bounce","position":{"x":2728,"y":-296,"z":0},"rotation":{"x":0,"y":0,"z":0},"scale":{"x":"40","y":16,"z":16}},{"class":"bounce","position":{"x":2712,"y":-160,"z":0},"rotation":{"x":0,"y":0,"z":-2.0943951023931953},"scale":{"x":"40","y":16,"z":16}},{"class":"cube","position":{"x":3680,"y":-272,"z":0},"rotation":{"x":0,"y":0,"z":-0.2617993877991494},"scale":{"x":"152","y":16,"z":16}},{"class":"cube","position":{"x":3552,"y":-256,"z":0},"rotation":{"x":0,"y":0,"z":0.5235987755982988},"scale":{"x":"56","y":16,"z":16}},{"class":"cube","position":{"x":3008,"y":-240,"z":0},"rotation":{"x":0,"y":0,"z":-0.5235987755982988},"scale":{"x":"56","y":16,"z":16}},{"class":"cube","position":{"x":2968,"y":-240,"z":0},"rotation":{"x":0,"y":0,"z":0.5235987755982988},"scale":{"x":"56","y":16,"z":16}},{"class":"cube","position":{"x":3216,"y":-240,"z":0},"rotation":{"x":0,"y":0,"z":-0.5235987755982988},"scale":{"x":"56","y":16,"z":16}},{"class":"cube","position":{"x":3176,"y":-240,"z":0},"rotation":{"x":0,"y":0,"z":0.5235987755982988},"scale":{"x":"56","y":16,"z":16}},{"class":"cube","position":{"x":3592,"y":-248,"z":0},"rotation":{"x":0,"y":0,"z":0},"scale":{"x":"56","y":16,"z":16}},{"class":"resize","position":{"x":4216,"y":-240,"z":0},"rotation":{"x":0,"y":0,"z":0},"scale":{"x":16,"y":16,"z":16}},{"class":"resize","position":{"x":3976,"y":-240,"z":0},"rotation":{"x":0,"y":0,"z":0},"scale":{"x":16,"y":16,"z":16}},{"class":"resize","position":{"x":4424,"y":-240,"z":0},"rotation":{"x":0,"y":0,"z":0},"scale":{"x":16,"y":16,"z":16}},{"class":"finish","position":{"x":4632,"y":-240,"z":0},"rotation":{"x":0,"y":0,"z":0},"scale":{"x":16,"y":16,"z":16}},{"class":"finish","position":{"x":4648,"y":-240,"z":0},"rotation":{"x":0,"y":0,"z":0},"scale":{"x":16,"y":16,"z":16}},{"class":"finish","position":{"x":4664,"y":-240,"z":0},"rotation":{"x":0,"y":0,"z":0},"scale":{"x":16,"y":16,"z":16}},{"class":"finish","position":{"x":4680,"y":-240,"z":0},"rotation":{"x":0,"y":0,"z":0},"scale":{"x":16,"y":16,"z":16}},{"class":"finish","position":{"x":4696,"y":-240,"z":0},"rotation":{"x":0,"y":0,"z":0},"scale":{"x":16,"y":16,"z":16}},{"class":"finish","position":{"x":4632,"y":-256,"z":0},"rotation":{"x":0,"y":0,"z":0},"scale":{"x":16,"y":16,"z":16}},{"class":"finish","position":{"x":4648,"y":-256,"z":0},"rotation":{"x":0,"y":0,"z":0},"scale":{"x":16,"y":16,"z":16}},{"class":"finish","position":{"x":4664,"y":-256,"z":0},"rotation":{"x":0,"y":0,"z":0},"scale":{"x":16,"y":16,"z":16}},{"class":"finish","position":{"x":4680,"y":-256,"z":0},"rotation":{"x":0,"y":0,"z":0},"scale":{"x":16,"y":16,"z":16}},{"class":"finish","position":{"x":4696,"y":-256,"z":0},"rotation":{"x":0,"y":0,"z":0},"scale":{"x":16,"y":16,"z":16}},{"class":"finish","position":{"x":4632,"y":-272,"z":0},"rotation":{"x":0,"y":0,"z":0},"scale":{"x":16,"y":16,"z":16}},{"class":"finish","position":{"x":4648,"y":-272,"z":0},"rotation":{"x":0,"y":0,"z":0},"scale":{"x":16,"y":16,"z":16}},{"class":"finish","position":{"x":4664,"y":-272,"z":0},"rotation":{"x":0,"y":0,"z":0},"scale":{"x":16,"y":16,"z":16}},{"class":"finish","position":{"x":4680,"y":-272,"z":0},"rotation":{"x":0,"y":0,"z":0},"scale":{"x":16,"y":16,"z":16}},{"class":"finish","position":{"x":4696,"y":-272,"z":0},"rotation":{"x":0,"y":0,"z":0},"scale":{"x":16,"y":16,"z":16}},{"class":"finish","position":{"x":4632,"y":-288,"z":0},"rotation":{"x":0,"y":0,"z":0},"scale":{"x":16,"y":16,"z":16}},{"class":"finish","position":{"x":4664,"y":-288,"z":0},"rotation":{"x":0,"y":0,"z":0},"scale":{"x":16,"y":16,"z":16}},{"class":"finish","position":{"x":4664,"y":-288,"z":0},"rotation":{"x":0,"y":0,"z":0},"scale":{"x":16,"y":16,"z":16}},{"class":"finish","position":{"x":4680,"y":-288,"z":0},"rotation":{"x":0,"y":0,"z":0},"scale":{"x":16,"y":16,"z":16}},{"class":"finish","position":{"x":4648,"y":-288,"z":0},"rotation":{"x":0,"y":0,"z":0},"scale":{"x":16,"y":16,"z":16}},{"class":"finish","position":{"x":4696,"y":-288,"z":0},"rotation":{"x":0,"y":0,"z":0},"scale":{"x":16,"y":16,"z":16}},{"class":"finish","position":{"x":4632,"y":-304,"z":0},"rotation":{"x":0,"y":0,"z":0},"scale":{"x":16,"y":16,"z":16}},{"class":"finish","position":{"x":4648,"y":-304,"z":0},"rotation":{"x":0,"y":0,"z":0},"scale":{"x":16,"y":16,"z":16}},{"class":"finish","position":{"x":4664,"y":-304,"z":0},"rotation":{"x":0,"y":0,"z":0},"scale":{"x":16,"y":16,"z":16}},{"class":"finish","position":{"x":4680,"y":-304,"z":0},"rotation":{"x":0,"y":0,"z":0},"scale":{"x":16,"y":16,"z":16}},{"class":"finish","position":{"x":4696,"y":-304,"z":0},"rotation":{"x":0,"y":0,"z":0},"scale":{"x":16,"y":16,"z":16}},{"class":"resize","position":{"x":-264,"y":-240,"z":0},"rotation":{"x":0,"y":0,"z":0},"scale":{"x":16,"y":16,"z":16}}]}